LocalTimestamp,EmotiBitTimestamp,PacketNumber,DataLength,TypeTag,ProtocolVersion,DataReliability,TH
1706146402.791191,1517400.000,54190,1,TH,1,100,37.083
1706146402.924191,1517533.000,54224,1,TH,1,100,37.083
1706146403.057191,1517666.000,54240,1,TH,1,100,37.104
1706146403.191191,1517800.000,54259,1,TH,1,100,37.104
1706146403.324191,1517933.000,54291,1,TH,1,100,37.041
1706146403.457191,1518066.000,54309,1,TH,1,100,37.041
1706146403.591191,1518200.000,54328,1,TH,1,100,37.114
1706146403.724191,1518333.000,54360,1,TH,1,100,37.114
1706146403.857191,1518466.000,54376,1,TH,1,100,37.100
1706146403.991191,1518600.000,54394,1,TH,1,100,37.100
1706146404.124191,1518733.000,54425,1,TH,1,100,37.151
1706146404.257191,1518866.000,54443,1,TH,1,100,37.151
1706146404.391191,1519000.000,54463,1,TH,1,100,37.078
1706146404.524191,1519133.000,54494,1,TH,1,100,37.078
1706146404.657191,1519266.000,54511,1,TH,1,100,37.153
1706146404.791191,1519400.000,54530,1,TH,1,100,37.153
1706146404.924191,1519533.000,54546,1,TH,1,100,37.146
1706146405.057191,1519666.000,54580,1,TH,1,100,37.146
1706146405.191191,1519800.000,54599,1,TH,1,100,37.118
1706146405.324191,1519933.000,54616,1,TH,1,100,37.118
1706146405.457191,1520066.000,54649,1,TH,1,100,37.118
1706146405.591191,1520200.000,54666,1,TH,1,100,37.118
1706146405.724191,1520333.000,54683,1,TH,1,100,37.125
1706146405.857191,1520466.000,54716,1,TH,1,100,37.125
1706146405.991191,1520600.000,54734,1,TH,1,100,37.130
1706146406.124191,1520733.000,54750,1,TH,1,100,37.137
1706146406.257191,1520866.000,54782,1,TH,1,100,37.166
1706146406.391191,1521000.000,54799,1,TH,1,100,37.166
1706146406.524191,1521133.000,54815,1,TH,1,100,37.088
1706146406.657191,1521266.000,54851,1,TH,1,100,37.088
1706146406.790191,1521399.000,54870,1,TH,1,100,37.180
1706146406.924191,1521533.000,54886,1,TH,1,100,37.180
1706146407.057191,1521666.000,54909,1,TH,1,100,37.098
1706146407.190191,1521799.000,54926,1,TH,1,100,37.098
1706146407.324191,1521933.000,54943,1,TH,1,100,37.048
1706146407.457191,1522066.000,54976,1,TH,1,100,37.048
1706146407.590191,1522199.000,54993,1,TH,1,100,37.128
1706146407.724191,1522333.000,55010,1,TH,1,100,37.128
1706146407.857191,1522466.000,55027,1,TH,1,100,37.079
1706146407.990191,1522599.000,55061,1,TH,1,100,37.079
1706146408.124191,1522733.000,55077,1,TH,1,100,37.126
1706146408.257191,1522866.000,55094,1,TH,1,100,37.126
1706146408.390191,1522999.000,55126,1,TH,1,100,37.182
1706146408.524191,1523133.000,55142,1,TH,1,100,37.182
1706146408.657191,1523266.000,55160,1,TH,1,100,37.144
1706146408.790191,1523399.000,55193,1,TH,1,100,37.144
1706146408.924191,1523533.000,55209,1,TH,1,100,37.088
1706146409.057191,1523666.000,55227,1,TH,1,100,37.088
1706146409.190191,1523799.000,55260,1,TH,1,100,37.158
1706146409.324191,1523933.000,55277,1,TH,1,100,37.158
1706146409.457191,1524066.000,55294,1,TH,1,100,37.058
1706146409.590191,1524199.000,55328,1,TH,1,100,37.058
1706146409.723191,1524332.000,55346,1,TH,1,100,37.102
1706146409.857191,1524466.000,55363,1,TH,1,100,37.102
1706146409.990191,1524599.000,55397,1,TH,1,100,37.145
1706146410.123191,1524732.000,55415,1,TH,1,100,37.145
1706146410.257191,1524866.000,55432,1,TH,1,100,37.196
1706146410.390191,1524999.000,55451,1,TH,1,100,37.196
1706146410.523191,1525132.000,55482,1,TH,1,100,37.100
1706146410.657191,1525266.000,55500,1,TH,1,100,37.100
1706146410.790191,1525399.000,55516,1,TH,1,100,37.093
1706146410.923191,1525532.000,55548,1,TH,1,100,37.093
1706146411.057191,1525666.000,55567,1,TH,1,100,37.081
1706146411.190191,1525799.000,55585,1,TH,1,100,37.088
1706146411.323191,1525932.000,55617,1,TH,1,100,37.157
1706146411.457191,1526066.000,55634,1,TH,1,100,37.157
1706146411.590191,1526199.000,55650,1,TH,1,100,37.112
1706146411.723191,1526332.000,55688,1,TH,1,100,37.112
1706146411.857191,1526466.000,55707,1,TH,1,100,37.161
1706146411.990191,1526599.000,55724,1,TH,1,100,37.161
1706146412.123191,1526732.000,55741,1,TH,1,100,37.114
1706146412.257191,1526866.000,55763,1,TH,1,100,37.114
1706146412.390191,1526999.000,55795,1,TH,1,100,37.143
1706146412.523191,1527132.000,55815,1,TH,1,100,37.142
1706146412.656191,1527265.000,55833,1,TH,1,100,37.145
1706146412.790191,1527399.000,55849,1,TH,1,100,37.145
1706146412.923191,1527532.000,55881,1,TH,1,100,37.131
1706146413.057191,1527666.000,55898,1,TH,1,100,37.131
1706146413.190191,1527799.000,55916,1,TH,1,100,37.147
1706146413.323191,1527932.000,55936,1,TH,1,100,37.147
1706146413.456191,1528065.000,55952,1,TH,1,100,37.147
1706146413.590191,1528199.000,55986,1,TH,1,100,37.147
1706146413.723191,1528332.000,56003,1,TH,1,100,37.208
1706146413.856191,1528465.000,56019,1,TH,1,100,37.208
1706146413.990191,1528599.000,56051,1,TH,1,100,37.157
1706146414.123191,1528732.000,56068,1,TH,1,100,37.157
1706146414.257191,1528866.000,56086,1,TH,1,100,37.128
1706146414.390191,1528999.000,56120,1,TH,1,100,37.128
1706146414.523191,1529132.000,56137,1,TH,1,100,37.199
1706146414.656191,1529265.000,56156,1,TH,1,100,37.199
1706146414.790191,1529399.000,56187,1,TH,1,100,37.145
1706146414.923191,1529532.000,56204,1,TH,1,100,37.145
1706146415.056190,1529665.000,56223,1,TH,1,100,37.178
1706146415.190191,1529799.000,56254,1,TH,1,100,37.178
1706146415.323191,1529932.000,56272,1,TH,1,100,37.222
1706146415.456191,1530065.000,56288,1,TH,1,100,37.222
1706146415.590191,1530199.000,56307,1,TH,1,100,37.124
1706146415.723191,1530332.000,56339,1,TH,1,100,37.124
1706146415.856190,1530465.000,56357,1,TH,1,100,37.126
1706146415.989191,1530598.000,56375,1,TH,1,100,37.133
1706146416.123191,1530732.000,56406,1,TH,1,100,37.180
1706146416.256191,1530865.000,56422,1,TH,1,100,37.180
1706146416.390191,1530999.000,56440,1,TH,1,100,37.187
1706146416.523190,1531132.000,56473,1,TH,1,100,37.187
1706146416.656190,1531265.000,56492,1,TH,1,100,37.140
1706146416.789191,1531398.000,56513,1,TH,1,100,37.140
1706146416.923191,1531532.000,56545,1,TH,1,100,37.169
1706146417.056190,1531665.000,56561,1,TH,1,100,37.169
1706146417.190191,1531799.000,56578,1,TH,1,100,37.164
1706146417.323190,1531932.000,56601,1,TH,1,100,37.164
1706146417.456190,1532065.000,56617,1,TH,1,100,37.129
1706146417.590190,1532199.000,56634,1,TH,1,100,37.129
1706146417.723191,1532332.000,56668,1,TH,1,100,37.194
1706146417.856190,1532465.000,56684,1,TH,1,100,37.194
1706146417.989190,1532598.000,56704,1,TH,1,100,37.176
1706146418.123190,1532732.000,56737,1,TH,1,100,37.176
1706146418.256190,1532865.000,56753,1,TH,1,100,37.110
1706146418.389190,1532998.000,56773,1,TH,1,100,37.110
1706146418.523190,1533132.000,56806,1,TH,1,100,37.159
1706146418.656190,1533265.000,56823,1,TH,1,100,37.159
1706146418.789190,1533398.000,56840,1,TH,1,100,37.145
1706146418.922190,1533531.000,56874,1,TH,1,100,37.145
1706146419.056190,1533665.000,56890,1,TH,1,100,37.208
1706146419.189190,1533798.000,56907,1,TH,1,100,37.208
1706146419.323190,1533932.000,56926,1,TH,1,100,37.232
1706146419.456190,1534065.000,56959,1,TH,1,100,37.232
1706146419.589190,1534198.000,56976,1,TH,1,100,37.148
1706146419.722190,1534331.000,56993,1,TH,1,100,37.148
1706146419.856190,1534465.000,57026,1,TH,1,100,37.164
1706146419.989190,1534598.000,57044,1,TH,1,100,37.164
1706146420.123190,1534732.000,57062,1,TH,1,100,37.171
1706146420.256190,1534865.000,57094,1,TH,1,100,37.171
1706146420.389190,1534998.000,57111,1,TH,1,100,37.133
1706146420.522190,1535131.000,57129,1,TH,1,100,37.133
1706146420.656190,1535265.000,57161,1,TH,1,100,37.300
1706146420.789190,1535398.000,57178,1,TH,1,100,37.300
1706146420.922190,1535531.000,57198,1,TH,1,100,37.122
1706146421.056190,1535665.000,57230,1,TH,1,100,37.122
1706146421.189190,1535798.000,57247,1,TH,1,100,37.152
1706146421.322190,1535931.000,57264,1,TH,1,100,37.152
1706146421.456190,1536065.000,57283,1,TH,1,100,37.115
1706146421.589190,1536198.000,57317,1,TH,1,100,37.122
1706146421.722190,1536331.000,57335,1,TH,1,100,37.113
1706146421.856190,1536465.000,57356,1,TH,1,100,37.113
1706146421.989190,1536598.000,57388,1,TH,1,100,37.256
1706146422.122190,1536731.000,57404,1,TH,1,100,37.256
1706146422.256190,1536865.000,57423,1,TH,1,100,37.171
1706146422.389190,1536998.000,57460,2,TH,1,100,37.171
1706146422.522190,1537131.000,57460,2,TH,1,100,37.181
1706146422.656190,1537265.000,57496,1,TH,1,100,37.181
1706146422.789190,1537398.000,57512,1,TH,1,100,37.242
1706146422.922190,1537531.000,57529,1,TH,1,100,37.242
1706146423.055190,1537664.000,57561,1,TH,1,100,37.153
1706146423.189190,1537798.000,57579,1,TH,1,100,37.153
1706146423.322190,1537931.000,57597,1,TH,1,100,37.181
1706146423.455190,1538064.000,57632,1,TH,1,100,37.181
1706146423.589190,1538198.000,57648,1,TH,1,100,37.143
1706146423.722190,1538331.000,57668,1,TH,1,100,37.143
1706146423.855190,1538464.000,57699,1,TH,1,100,37.153
1706146423.989190,1538598.000,57716,1,TH,1,100,37.153
1706146424.122190,1538731.000,57735,1,TH,1,100,37.120
1706146424.256190,1538865.000,57769,1,TH,1,100,37.120
1706146424.389190,1538998.000,57785,1,TH,1,100,37.153
1706146424.522190,1539131.000,57802,1,TH,1,100,37.153
1706146424.655190,1539264.000,57836,1,TH,1,100,37.131
1706146424.789190,1539398.000,57852,1,TH,1,100,37.131
1706146424.922190,1539531.000,57871,1,TH,1,100,37.178
1706146425.055190,1539664.000,57888,1,TH,1,100,37.178
1706146425.189190,1539798.000,57923,1,TH,1,100,37.239
1706146425.322190,1539931.000,57941,1,TH,1,100,37.239
1706146425.455190,1540064.000,57957,1,TH,1,100,37.146
1706146425.589190,1540198.000,57989,1,TH,1,100,37.146
1706146425.722190,1540331.000,58008,1,TH,1,100,37.150
1706146425.855190,1540464.000,58024,1,TH,1,100,37.150
1706146425.989190,1540598.000,58060,1,TH,1,100,37.162
1706146426.122190,1540731.000,58077,1,TH,1,100,37.162
1706146426.255190,1540864.000,58095,1,TH,1,100,37.174
1706146426.389190,1540998.000,58127,1,TH,1,100,37.174
1706146426.522190,1541131.000,58144,1,TH,1,100,37.249
1706146426.655190,1541264.000,58161,1,TH,1,100,37.249
1706146426.788190,1541397.000,58184,1,TH,1,100,37.225
1706146426.922190,1541531.000,58216,1,TH,1,100,37.225
1706146427.055190,1541664.000,58232,1,TH,1,100,37.190
1706146427.188190,1541797.000,58251,1,TH,1,100,37.198
1706146427.322190,1541931.000,58285,1,TH,1,100,37.195
1706146427.455190,1542064.000,58301,1,TH,1,100,37.195
1706146427.588190,1542197.000,58323,1,TH,1,100,37.125
1706146427.722190,1542331.000,58342,1,TH,1,100,37.125
1706146427.855190,1542464.000,58375,1,TH,1,100,37.172
1706146427.988190,1542597.000,58393,1,TH,1,100,37.172
1706146428.122190,1542731.000,58409,1,TH,1,100,37.183
1706146428.255190,1542864.000,58441,1,TH,1,100,37.183
1706146428.388190,1542997.000,58458,1,TH,1,100,37.151
1706146428.522190,1543131.000,58478,1,TH,1,100,37.151
1706146428.655190,1543264.000,58496,1,TH,1,100,37.181
1706146428.788190,1543397.000,58529,1,TH,1,100,37.181
1706146428.921190,1543530.000,58545,1,TH,1,100,37.202
1706146429.055190,1543664.000,58563,1,TH,1,100,37.202
1706146429.188190,1543797.000,58596,1,TH,1,100,37.174
1706146429.322190,1543931.000,58615,1,TH,1,100,37.174
1706146429.455190,1544064.000,58632,1,TH,1,100,37.169
1706146429.588190,1544197.000,58664,1,TH,1,100,37.169
1706146429.721190,1544330.000,58682,1,TH,1,100,37.195
1706146429.855190,1544464.000,58699,1,TH,1,100,37.195
1706146429.988190,1544597.000,58733,1,TH,1,100,37.195
1706146430.121190,1544730.000,58751,1,TH,1,100,37.195
1706146430.255190,1544864.000,58768,1,TH,1,100,37.198
1706146430.388190,1544997.000,58787,1,TH,1,100,37.198
1706146430.521190,1545130.000,58818,1,TH,1,100,37.174
1706146430.655190,1545264.000,58836,1,TH,1,100,37.174
1706146430.788190,1545397.000,58854,1,TH,1,100,37.153
1706146430.921190,1545530.000,58890,1,TH,1,100,37.153
1706146431.055190,1545664.000,58907,1,TH,1,100,37.134
1706146431.188190,1545797.000,58925,1,TH,1,100,37.134
1706146431.322190,1545931.000,58959,1,TH,1,100,37.216
1706146431.455190,1546064.000,58976,1,TH,1,100,37.216
1706146431.588190,1546197.000,58994,1,TH,1,100,37.134
1706146431.721189,1546330.000,59028,1,TH,1,100,37.134
1706146431.855190,1546464.000,59045,1,TH,1,100,37.118
1706146431.988189,1546597.000,59062,1,TH,1,100,37.118
1706146432.121190,1546730.000,59095,1,TH,1,100,37.263
1706146432.255190,1546864.000,59114,1,TH,1,100,37.263
1706146432.388190,1546997.000,59131,1,TH,1,100,37.212
1706146432.521189,1547130.000,59164,1,TH,1,100,37.219
1706146432.655190,1547264.000,59187,1,TH,1,100,37.191
1706146432.788189,1547397.000,59203,1,TH,1,100,37.191
1706146432.921190,1547530.000,59220,1,TH,1,100,37.245
1706146433.055190,1547664.000,59239,1,TH,1,100,37.245
1706146433.188190,1547797.000,59272,1,TH,1,100,37.231
1706146433.321189,1547930.000,59290,1,TH,1,100,37.231
1706146433.454190,1548063.000,59308,1,TH,1,100,37.186
1706146433.588189,1548197.000,59325,1,TH,1,100,37.186
1706146433.721189,1548330.000,59359,1,TH,1,100,37.167
1706146433.854189,1548463.000,59377,1,TH,1,100,37.167
1706146433.988189,1548597.000,59395,1,TH,1,100,37.203
1706146434.121189,1548730.000,59428,1,TH,1,100,37.203
1706146434.254189,1548863.000,59444,1,TH,1,100,37.200
1706146434.388189,1548997.000,59462,1,TH,1,100,37.200
1706146434.521189,1549130.000,59495,1,TH,1,100,37.210
1706146434.654189,1549263.000,59514,1,TH,1,100,37.210
1706146434.788189,1549397.000,59531,1,TH,1,100,37.219
1706146434.921189,1549530.000,59565,1,TH,1,100,37.219
1706146435.054189,1549663.000,59581,1,TH,1,100,37.189
1706146435.188189,1549797.000,59600,1,TH,1,100,37.189
1706146435.321189,1549930.000,59632,1,TH,1,100,37.245
1706146435.454189,1550063.000,59650,1,TH,1,100,37.245
1706146435.588189,1550197.000,59667,1,TH,1,100,37.158
1706146435.721189,1550330.000,59686,1,TH,1,100,37.158
1706146435.854189,1550463.000,59717,1,TH,1,100,37.130
1706146435.988189,1550597.000,59735,1,TH,1,100,37.130
1706146436.121189,1550730.000,59751,1,TH,1,100,37.184
1706146436.254189,1550863.000,59787,1,TH,1,100,37.191
1706146436.387189,1550996.000,59804,1,TH,1,100,37.243
1706146436.521189,1551130.000,59820,1,TH,1,100,37.235
1706146436.654189,1551263.000,59854,1,TH,1,100,37.254
1706146436.787189,1551396.000,59871,1,TH,1,100,37.254
1706146436.921189,1551530.000,59889,1,TH,1,100,37.177
1706146437.054189,1551663.000,59925,1,TH,1,100,37.177
1706146437.187189,1551796.000,59942,1,TH,1,100,37.139
1706146437.321189,1551930.000,59959,1,TH,1,100,37.147
1706146437.454189,1552063.000,59990,1,TH,1,100,37.222
1706146437.587189,1552196.000,60008,1,TH,1,100,37.222
1706146437.721189,1552330.000,60024,1,TH,1,100,37.240
1706146437.854189,1552463.000,60046,1,TH,1,100,37.240
1706146437.987189,1552596.000,60065,1,TH,1,100,37.137
1706146438.121189,1552730.000,60098,1,TH,1,100,37.137
1706146438.254189,1552863.000,60115,1,TH,1,100,37.301
1706146438.387189,1552996.000,60132,1,TH,1,100,37.301
1706146438.521189,1553130.000,60149,1,TH,1,100,37.275
1706146438.654189,1553263.000,60185,1,TH,1,100,37.275
1706146438.787189,1553396.000,60201,1,TH,1,100,37.257
1706146438.921189,1553530.000,60218,1,TH,1,100,37.257
1706146439.054189,1553663.000,60250,1,TH,1,100,37.259
1706146439.187189,1553796.000,60268,1,TH,1,100,37.259
1706146439.321189,1553930.000,60286,1,TH,1,100,37.165
1706146439.454189,1554063.000,60317,1,TH,1,100,37.165
1706146439.587189,1554196.000,60335,1,TH,1,100,37.217
1706146439.721189,1554330.000,60355,1,TH,1,100,37.217
1706146439.854189,1554463.000,60386,1,TH,1,100,37.252
1706146439.987189,1554596.000,60403,1,TH,1,100,37.252
1706146440.120189,1554729.000,60420,1,TH,1,100,37.175
1706146440.254189,1554863.000,60452,1,TH,1,100,37.175
1706146440.387189,1554996.000,60470,1,TH,1,100,37.212
1706146440.520189,1555129.000,60489,1,TH,1,100,37.212
1706146440.654189,1555263.000,60506,1,TH,1,100,37.210
1706146440.787189,1555396.000,60539,1,TH,1,100,37.210
1706146440.920189,1555529.000,60556,1,TH,1,100,37.276
1706146441.054189,1555663.000,60573,1,TH,1,100,37.275
1706146441.187189,1555796.000,60608,1,TH,1,100,37.226
1706146441.320189,1555929.000,60626,1,TH,1,100,37.226
1706146441.454189,1556063.000,60644,1,TH,1,100,37.189
1706146441.587189,1556196.000,60676,1,TH,1,100,37.189
1706146441.720189,1556329.000,60695,1,TH,1,100,37.240
1706146441.854189,1556463.000,60713,1,TH,1,100,37.240
1706146441.987189,1556596.000,60747,1,TH,1,100,37.329
1706146442.120189,1556729.000,60766,1,TH,1,100,37.329
1706146442.254189,1556863.000,60782,1,TH,1,100,37.332
1706146442.387189,1556996.000,60814,1,TH,1,100,37.332
1706146442.520189,1557129.000,60833,1,TH,1,100,37.299
1706146442.654189,1557263.000,60850,1,TH,1,100,37.306
1706146442.787189,1557396.000,60867,1,TH,1,100,37.330
1706146442.920189,1557529.000,60908,1,TH,1,100,37.330
1706146443.053189,1557662.000,60926,1,TH,1,100,37.217
1706146443.187189,1557796.000,60943,1,TH,1,100,37.217
1706146443.320189,1557929.000,60960,1,TH,1,100,37.168
1706146443.454189,1558063.000,60991,1,TH,1,100,37.168
1706146443.587189,1558196.000,61008,1,TH,1,100,37.227
1706146443.720189,1558329.000,61029,1,TH,1,100,37.227
1706146443.853189,1558462.000,61060,1,TH,1,100,37.194
1706146443.987189,1558596.000,61080,1,TH,1,100,37.194
1706146444.120189,1558729.000,61096,1,TH,1,100,37.222
1706146444.254189,1558863.000,61113,1,TH,1,100,37.222
1706146444.387189,1558996.000,61145,1,TH,1,100,37.128
1706146444.520189,1559129.000,61163,1,TH,1,100,37.128
1706146444.653189,1559262.000,61183,1,TH,1,100,37.224
1706146444.787189,1559396.000,61214,1,TH,1,100,37.224
1706146444.920189,1559529.000,61230,1,TH,1,100,37.337
1706146445.053189,1559662.000,61248,1,TH,1,100,37.337
1706146445.187189,1559796.000,61281,1,TH,1,100,37.334
1706146445.320189,1559929.000,61298,1,TH,1,100,37.334
1706146445.453189,1560062.000,61315,1,TH,1,100,37.241
1706146445.587189,1560196.000,61349,1,TH,1,100,37.241
1706146445.720189,1560329.000,61365,1,TH,1,100,37.128
1706146445.853189,1560462.000,61382,1,TH,1,100,37.128
1706146445.987189,1560596.000,61416,1,TH,1,100,37.227
1706146446.120189,1560729.000,61434,1,TH,1,100,37.227
1706146446.253189,1560862.000,61451,1,TH,1,100,37.253
1706146446.387189,1560996.000,61468,1,TH,1,100,37.253
1706146446.520189,1561129.000,61501,1,TH,1,100,37.281
1706146446.653189,1561262.000,61519,1,TH,1,100,37.281
1706146446.786189,1561395.000,61539,1,TH,1,100,37.245
1706146446.920189,1561529.000,61573,1,TH,1,100,37.245
1706146447.053189,1561662.000,61590,1,TH,1,100,37.309
1706146447.186189,1561795.000,61608,1,TH,1,100,37.309
1706146447.320189,1561929.000,61640,1,TH,1,100,37.281
1706146447.453189,1562062.000,61657,1,TH,1,100,37.281
1706146447.587189,1562196.000,61673,1,TH,1,100,37.304
1706146447.720189,1562329.000,61695,1,TH,1,100,37.304
1706146447.853189,1562462.000,61726,1,TH,1,100,37.220
1706146447.986689,1562595.500,61747,2,TH,1,100,37.220
1706146448.120188,1562729.000,61747,2,TH,1,100,37.285
1706146448.253189,1562862.000,61779,1,TH,1,100,37.285
1706146448.386189,1562995.000,61795,1,TH,1,100,37.290
1706146448.520189,1563129.000,61814,1,TH,1,100,37.297
1706146448.653188,1563262.000,61850,1,TH,1,100,37.265
1706146448.786189,1563395.000,61866,1,TH,1,100,37.265
1706146448.920188,1563529.000,61883,1,TH,1,100,37.251
1706146449.053189,1563662.000,61915,1,TH,1,100,37.251
1706146449.186188,1563795.000,61931,1,TH,1,100,37.237
1706146449.320189,1563929.000,61949,1,TH,1,100,37.237
1706146449.453188,1564062.000,61969,1,TH,1,100,37.232
1706146449.586189,1564195.000,62003,1,TH,1,100,37.232
1706146449.720188,1564329.000,62020,1,TH,1,100,37.290
1706146449.853189,1564462.000,62038,1,TH,1,100,37.290
1706146449.986188,1564595.000,62070,1,TH,1,100,37.241
1706146450.119189,1564728.000,62087,1,TH,1,100,37.241
1706146450.253188,1564862.000,62107,1,TH,1,100,37.243
1706146450.386189,1564995.000,62141,1,TH,1,100,37.243
1706146450.519188,1565128.000,62158,1,TH,1,100,37.237
1706146450.653188,1565262.000,62177,1,TH,1,100,37.237
1706146450.786188,1565395.000,62210,1,TH,1,100,37.246
1706146450.919188,1565528.000,62227,1,TH,1,100,37.246
1706146451.053188,1565662.000,62248,1,TH,1,100,37.244
1706146451.186188,1565795.000,62279,1,TH,1,100,37.244
1706146451.319188,1565928.000,62299,1,TH,1,100,37.201
1706146451.453188,1566062.000,62315,1,TH,1,100,37.201
1706146451.586188,1566195.000,62332,1,TH,1,100,37.272
1706146451.719188,1566328.000,62366,1,TH,1,100,37.272
1706146451.853188,1566462.000,62384,1,TH,1,100,37.248
1706146451.986188,1566595.000,62404,1,TH,1,100,37.248
1706146452.119188,1566728.000,62435,1,TH,1,100,37.225
1706146452.253188,1566862.000,62451,1,TH,1,100,37.225
1706146452.386188,1566995.000,62469,1,TH,1,100,37.272
1706146452.519188,1567128.000,62502,1,TH,1,100,37.272
1706146452.653188,1567262.000,62521,1,TH,1,100,37.281
1706146452.786188,1567395.000,62538,1,TH,1,100,37.281
1706146452.919188,1567528.000,62570,1,TH,1,100,37.227
1706146453.052188,1567661.000,62588,1,TH,1,100,37.227
1706146453.186188,1567795.000,62612,1,TH,1,100,37.230
1706146453.319188,1567928.000,62631,1,TH,1,100,37.230
1706146453.452188,1568061.000,62650,1,TH,1,100,37.288
1706146453.586188,1568195.000,62682,1,TH,1,100,37.288
1706146453.719188,1568328.000,62700,1,TH,1,100,37.265
1706146453.852188,1568461.000,62717,1,TH,1,100,37.272
1706146453.986188,1568595.000,62749,1,TH,1,100,37.249
1706146454.119188,1568728.000,62767,1,TH,1,100,37.241
1706146454.252188,1568861.000,62784,1,TH,1,100,37.328
1706146454.386188,1568995.000,62818,1,TH,1,100,37.328
1706146454.519188,1569128.000,62834,1,TH,1,100,37.253
1706146454.652188,1569261.000,62854,1,TH,1,100,37.253
1706146454.786188,1569395.000,62870,1,TH,1,100,37.276
1706146454.919188,1569528.000,62906,1,TH,1,100,37.284
1706146455.052188,1569661.000,62923,1,TH,1,100,37.293
1706146455.186188,1569795.000,62939,1,TH,1,100,37.293
1706146455.319188,1569928.000,62971,1,TH,1,100,37.288
1706146455.452188,1570061.000,62988,1,TH,1,100,37.288
1706146455.586188,1570195.000,63006,1,TH,1,100,37.298
1706146455.719188,1570328.000,63040,1,TH,1,100,37.298
1706146455.852188,1570461.000,63057,1,TH,1,100,37.228
1706146455.985188,1570594.000,63074,1,TH,1,100,37.228
1706146456.119188,1570728.000,63105,1,TH,1,100,37.302
1706146456.252188,1570861.000,63122,1,TH,1,100,37.302
1706146456.385188,1570994.000,63139,1,TH,1,100,37.232
1706146456.519188,1571128.000,63172,1,TH,1,100,37.232
1706146456.652188,1571261.000,63190,1,TH,1,100,37.307
1706146456.786188,1571395.000,63208,1,TH,1,100,37.307
1706146456.919188,1571528.000,63225,1,TH,1,100,37.295
1706146457.052188,1571661.000,63259,1,TH,1,100,37.296
1706146457.185188,1571794.000,63275,1,TH,1,100,37.249
1706146457.319188,1571928.000,63293,1,TH,1,100,37.249
1706146457.452188,1572061.000,63324,1,TH,1,100,37.270
1706146457.585188,1572194.000,63342,1,TH,1,100,37.270
1706146457.719188,1572328.000,63360,1,TH,1,100,37.277
1706146457.852188,1572461.000,63393,1,TH,1,100,37.277
1706146457.985188,1572594.000,63412,1,TH,1,100,37.314
1706146458.119188,1572728.000,63429,1,TH,1,100,37.314
1706146458.252188,1572861.000,63464,2,TH,1,100,37.274
1706146458.385188,1572994.000,63464,2,TH,1,100,37.274
1706146458.519188,1573128.000,63495,1,TH,1,100,37.302
1706146458.652188,1573261.000,63512,1,TH,1,100,37.302
1706146458.785188,1573394.000,63531,1,TH,1,100,37.251
1706146458.919188,1573528.000,63565,1,TH,1,100,37.251
1706146459.052188,1573661.000,63581,1,TH,1,100,37.286
1706146459.185188,1573794.000,63598,1,TH,1,100,37.286
1706146459.319188,1573928.000,63630,1,TH,1,100,37.307
1706146459.452188,1574061.000,63646,1,TH,1,100,37.307
1706146459.585188,1574194.000,63665,1,TH,1,100,37.354
1706146459.718188,1574327.000,63699,1,TH,1,100,37.354
1706146459.852188,1574461.000,63715,1,TH,1,100,37.291
1706146459.985188,1574594.000,63733,1,TH,1,100,37.291
1706146460.118188,1574727.000,63749,1,TH,1,100,37.387
1706146460.252188,1574861.000,63783,1,TH,1,100,37.387
1706146460.385188,1574994.000,63802,1,TH,1,100,37.258
1706146460.518188,1575127.000,63818,1,TH,1,100,37.258
1706146460.652188,1575261.000,63850,1,TH,1,100,37.310
1706146460.785188,1575394.000,63867,1,TH,1,100,37.310
1706146460.918188,1575527.000,63885,1,TH,1,100,37.331
1706146461.052188,1575661.000,63917,1,TH,1,100,37.331
1706146461.185188,1575794.000,63934,1,TH,1,100,37.272
1706146461.318188,1575927.000,63955,1,TH,1,100,37.272
1706146461.452188,1576061.000,63986,1,TH,1,100,37.373
1706146461.585188,1576194.000,64003,1,TH,1,100,37.380
1706146461.719188,1576328.000,64022,1,TH,1,100,37.303
1706146461.852188,1576461.000,64039,1,TH,1,100,37.303
1706146461.985188,1576594.000,64071,1,TH,1,100,37.279
1706146462.118188,1576727.000,64089,1,TH,1,100,37.279
1706146462.252188,1576861.000,64106,1,TH,1,100,37.340
1706146462.385188,1576994.000,64140,1,TH,1,100,37.340
1706146462.518188,1577127.000,64156,1,TH,1,100,37.282
1706146462.651188,1577260.000,64174,1,TH,1,100,37.282
1706146462.785188,1577394.000,64205,1,TH,1,100,37.315
1706146462.918188,1577527.000,64221,1,TH,1,100,37.315
1706146463.051188,1577660.000,64241,1,TH,1,100,37.282
1706146463.185188,1577794.000,64274,1,TH,1,100,37.282
1706146463.318188,1577927.000,64291,1,TH,1,100,37.354
1706146463.452188,1578061.000,64313,1,TH,1,100,37.354
1706146463.585188,1578194.000,64329,1,TH,1,100,37.235
1706146463.718188,1578327.000,64349,1,TH,1,100,37.235
1706146463.851188,1578460.000,64384,1,TH,1,100,37.265
1706146463.985188,1578594.000,64401,1,TH,1,100,37.265
1706146464.118188,1578727.000,64418,1,TH,1,100,37.298
1706146464.251188,1578860.000,64452,1,TH,1,100,37.298
1706146464.385188,1578994.000,64468,1,TH,1,100,37.336
1706146464.518188,1579127.000,64485,1,TH,1,100,37.336
1706146464.651188,1579260.000,64502,1,TH,1,100,37.272
1706146464.785187,1579394.000,64535,1,TH,1,100,37.272
1706146464.918188,1579527.000,64552,1,TH,1,100,37.310
1706146465.051188,1579660.000,64569,1,TH,1,100,37.310
1706146465.185188,1579794.000,64602,1,TH,1,100,37.280
1706146465.318187,1579927.000,64620,1,TH,1,100,37.280
1706146465.451188,1580060.000,64636,1,TH,1,100,37.340
1706146465.585187,1580194.000,64670,1,TH,1,100,37.340
1706146465.718188,1580327.000,64687,1,TH,1,100,37.308
1706146465.851187,1580460.000,64703,1,TH,1,100,37.308
1706146465.985188,1580594.000,64737,1,TH,1,100,37.256
1706146466.118187,1580727.000,64754,1,TH,1,100,37.256
1706146466.251188,1580860.000,64772,1,TH,1,100,37.247
1706146466.385187,1580994.000,64804,1,TH,1,100,37.247
1706146466.518188,1581127.000,64823,1,TH,1,100,37.277
1706146466.651187,1581260.000,64840,1,TH,1,100,37.277
1706146466.784188,1581393.000,64861,1,TH,1,100,37.284
1706146466.918187,1581527.000,64893,1,TH,1,100,37.284
1706146467.051188,1581660.000,64911,1,TH,1,100,37.233
1706146467.184187,1581793.000,64928,1,TH,1,100,37.233
1706146467.318187,1581927.000,64960,1,TH,1,100,37.296
1706146467.451187,1582060.000,64976,1,TH,1,100,37.296
1706146467.584188,1582193.000,64993,1,TH,1,100,37.280
1706146467.718187,1582327.000,65025,1,TH,1,100,37.287
1706146467.851187,1582460.000,65041,1,TH,1,100,37.301
1706146467.984187,1582593.000,65061,1,TH,1,100,37.301
1706146468.118187,1582727.000,65094,1,TH,1,100,37.193
1706146468.251187,1582860.000,65110,1,TH,1,100,37.193
1706146468.384187,1582993.000,65130,1,TH,1,100,37.320
1706146468.517687,1583126.500,65170,2,TH,1,100,37.320
1706146468.651187,1583260.000,65170,2,TH,1,100,37.371
1706146468.784187,1583393.000,65205,1,TH,1,100,37.371
1706146468.918187,1583527.000,65221,1,TH,1,100,37.327
1706146469.051187,1583660.000,65239,1,TH,1,100,37.327
1706146469.184187,1583793.000,65272,1,TH,1,100,37.343
1706146469.317187,1583926.000,65289,1,TH,1,100,37.343
1706146469.451187,1584060.000,65306,1,TH,1,100,37.338
1706146469.584187,1584193.000,65342,1,TH,1,100,37.338
1706146469.717187,1584326.000,65358,1,TH,1,100,37.427
1706146469.851187,1584460.000,65377,1,TH,1,100,37.427
1706146469.984187,1584593.000,65409,1,TH,1,100,37.207
1706146470.117187,1584726.000,65425,1,TH,1,100,37.207
1706146470.251187,1584860.000,65446,1,TH,1,100,37.296
1706146470.384187,1584993.000,65478,1,TH,1,100,37.296
1706146470.518187,1585127.000,65496,1,TH,1,100,37.383
1706146470.651187,1585260.000,65514,1,TH,1,100,37.383
1706146470.784187,1585393.000,65530,1,TH,1,100,37.280
1706146470.917187,1585526.000,28,1,TH,1,100,37.280
1706146471.051187,1585660.000,47,1,TH,1,100,37.317
1706146471.184187,1585793.000,63,1,TH,1,100,37.317
1706146471.317187,1585926.000,97,1,TH,1,100,37.397
1706146471.451187,1586060.000,114,1,TH,1,100,37.397
1706146471.584187,1586193.000,130,1,TH,1,100,37.296
1706146471.717187,1586326.000,168,1,TH,1,100,37.296
1706146471.851187,1586460.000,185,1,TH,1,100,37.336
1706146471.984187,1586593.000,204,1,TH,1,100,37.336
1706146472.117187,1586726.000,235,1,TH,1,100,37.294
1706146472.251187,1586860.000,252,1,TH,1,100,37.294
1706146472.384187,1586993.000,269,1,TH,1,100,37.308
1706146472.517187,1587126.000,302,1,TH,1,100,37.308
1706146472.651187,1587260.000,322,1,TH,1,100,37.327
1706146472.784187,1587393.000,338,1,TH,1,100,37.334
1706146472.917187,1587526.000,355,1,TH,1,100,37.353
1706146473.051187,1587660.000,387,1,TH,1,100,37.353
1706146473.184187,1587793.000,403,1,TH,1,100,37.322
1706146473.317187,1587926.000,425,1,TH,1,100,37.322
1706146473.451187,1588060.000,456,1,TH,1,100,37.374
1706146473.584187,1588193.000,472,1,TH,1,100,37.374
1706146473.717187,1588326.000,495,1,TH,1,100,37.386
1706146473.850187,1588459.000,528,1,TH,1,100,37.386
1706146473.984187,1588593.000,545,1,TH,1,100,37.287
1706146474.117187,1588726.000,564,1,TH,1,100,37.287
1706146474.250187,1588859.000,598,1,TH,1,100,37.327
1706146474.384187,1588993.000,614,1,TH,1,100,37.327
1706146474.517187,1589126.000,633,1,TH,1,100,37.374
1706146474.650187,1589259.000,665,1,TH,1,100,37.374
1706146474.784187,1589393.000,683,1,TH,1,100,37.308
1706146474.917187,1589526.000,700,1,TH,1,100,37.308
1706146475.050187,1589659.000,734,1,TH,1,100,37.325
1706146475.184187,1589793.000,750,1,TH,1,100,37.325
1706146475.317187,1589926.000,768,1,TH,1,100,37.329
1706146475.450187,1590059.000,784,1,TH,1,100,37.329
1706146475.584187,1590193.000,818,1,TH,1,100,37.327
1706146475.717187,1590326.000,835,1,TH,1,100,37.327
1706146475.850187,1590459.000,853,1,TH,1,100,37.336
1706146475.983187,1590592.000,887,1,TH,1,100,37.336
1706146476.117187,1590726.000,904,1,TH,1,100,37.306
1706146476.250187,1590859.000,920,1,TH,1,100,37.306
1706146476.384187,1590993.000,952,1,TH,1,100,37.376
1706146476.517187,1591126.000,969,1,TH,1,100,37.376
1706146476.650187,1591259.000,986,1,TH,1,100,37.346
1706146476.783187,1591392.000,1021,1,TH,1,100,37.346
1706146476.917187,1591526.000,1038,1,TH,1,100,37.407
1706146477.050187,1591659.000,1055,1,TH,1,100,37.407
1706146477.184187,1591793.000,1088,1,TH,1,100,37.351
1706146477.317187,1591926.000,1106,1,TH,1,100,37.351
1706146477.450187,1592059.000,1122,1,TH,1,100,37.393
1706146477.583187,1592192.000,1139,1,TH,1,100,37.393
1706146477.717187,1592326.000,1173,1,TH,1,100,37.351
1706146477.850187,1592459.000,1191,1,TH,1,100,37.351
1706146477.984187,1592593.000,1209,1,TH,1,100,37.240
1706146478.117187,1592726.000,1242,1,TH,1,100,37.240
1706146478.250187,1592859.000,1258,1,TH,1,100,37.332
1706146478.383187,1592992.000,1278,1,TH,1,100,37.332
1706146478.517187,1593126.000,1311,1,TH,1,100,37.299
1706146478.650187,1593259.000,1330,1,TH,1,100,37.299
1706146478.783187,1593392.000,1352,1,TH,1,100,37.397
1706146478.917187,1593526.000,1384,1,TH,1,100,37.397
1706146479.050187,1593659.000,1400,1,TH,1,100,37.320
1706146479.183187,1593792.000,1419,1,TH,1,100,37.320
1706146479.317187,1593926.000,1453,1,TH,1,100,37.266
1706146479.450187,1594059.000,1469,1,TH,1,100,37.274
1706146479.583187,1594192.000,1486,1,TH,1,100,37.363
1706146479.716187,1594325.000,1503,1,TH,1,100,37.355
1706146479.850187,1594459.000,1536,1,TH,1,100,37.330
1706146479.983187,1594592.000,1554,1,TH,1,100,37.337
1706146480.116187,1594725.000,1572,1,TH,1,100,37.339
1706146480.250187,1594859.000,1606,1,TH,1,100,37.339
1706146480.383187,1594992.000,1623,1,TH,1,100,37.393
1706146480.517187,1595126.000,1643,1,TH,1,100,37.393
1706146480.650187,1595259.000,1675,1,TH,1,100,37.344
1706146480.783187,1595392.000,1692,1,TH,1,100,37.336
1706146480.916187,1595525.000,1708,1,TH,1,100,37.322
1706146481.050187,1595659.000,1742,1,TH,1,100,37.330
1706146481.183187,1595792.000,1759,1,TH,1,100,37.269
1706146481.316187,1595925.000,1776,1,TH,1,100,37.269
1706146481.450186,1596059.000,1809,1,TH,1,100,37.320
1706146481.583187,1596192.000,1829,1,TH,1,100,37.320
1706146481.716187,1596325.000,1847,1,TH,1,100,37.384
1706146481.850187,1596459.000,1864,1,TH,1,100,37.384
1706146481.983186,1596592.000,1896,1,TH,1,100,37.290
1706146482.116187,1596725.000,1912,1,TH,1,100,37.290
1706146482.250186,1596859.000,1931,1,TH,1,100,37.356
1706146482.383187,1596992.000,1950,1,TH,1,100,37.356
1706146482.516186,1597125.000,1981,1,TH,1,100,37.304
1706146482.649186,1597258.000,1999,1,TH,1,100,37.304
1706146482.783186,1597392.000,2015,1,TH,1,100,37.323
1706146482.916187,1597525.000,2034,1,TH,1,100,37.323
1706146483.050186,1597659.000,2068,1,TH,1,100,37.335
1706146483.183187,1597792.000,2084,1,TH,1,100,37.335
1706146483.316186,1597925.000,2102,1,TH,1,100,37.309
1706146483.449186,1598058.000,2135,1,TH,1,100,37.309
1706146483.583186,1598192.000,2151,1,TH,1,100,37.398
1706146483.716187,1598325.000,2171,1,TH,1,100,37.398
1706146483.849186,1598458.000,2211,1,TH,1,100,37.351
1706146483.983186,1598592.000,2228,1,TH,1,100,37.351
1706146484.116186,1598725.000,2245,1,TH,1,100,37.433
1706146484.250186,1598859.000,2279,1,TH,1,100,37.433
1706146484.383186,1598992.000,2295,1,TH,1,100,37.374
1706146484.516186,1599125.000,2312,1,TH,1,100,37.374
1706146484.650186,1599259.000,2346,1,TH,1,100,37.374
1706146484.783186,1599392.000,2362,1,TH,1,100,37.374
1706146484.916186,1599525.000,2379,1,TH,1,100,37.367
1706146485.050186,1599659.000,2396,1,TH,1,100,37.367
1706146485.183186,1599792.000,2429,1,TH,1,100,37.337
1706146485.316186,1599925.000,2449,1,TH,1,100,37.337
1706146485.449186,1600058.000,2467,1,TH,1,100,37.386
1706146485.583186,1600192.000,2501,1,TH,1,100,37.386
1706146485.716186,1600325.000,2518,1,TH,1,100,37.318
1706146485.849186,1600458.000,2534,1,TH,1,100,37.318
1706146485.983186,1600592.000,2568,1,TH,1,100,37.384
1706146486.116186,1600725.000,2585,1,TH,1,100,37.384
1706146486.249186,1600858.000,2603,1,TH,1,100,37.412
1706146486.383186,1600992.000,2635,1,TH,1,100,37.419
1706146486.516186,1601125.000,2652,1,TH,1,100,37.365
1706146486.649186,1601258.000,2671,1,TH,1,100,37.365
1706146486.783186,1601392.000,2706,1,TH,1,100,37.417
1706146486.916186,1601525.000,2725,1,TH,1,100,37.417
1706146487.049186,1601658.000,2742,1,TH,1,100,37.386
1706146487.182186,1601791.000,2759,1,TH,1,100,37.386
1706146487.316186,1601925.000,2791,1,TH,1,100,37.328
1706146487.449186,1602058.000,2807,1,TH,1,100,37.328
1706146487.582186,1602191.000,2826,1,TH,1,100,37.319
1706146487.716186,1602325.000,2860,1,TH,1,100,37.319
1706146487.849186,1602458.000,2876,1,TH,1,100,37.323
1706146487.982186,1602591.000,2894,1,TH,1,100,37.323
1706146488.116186,1602725.000,2927,1,TH,1,100,37.314
1706146488.249186,1602858.000,2943,1,TH,1,100,37.314
1706146488.383186,1602992.000,2961,1,TH,1,100,37.372
1706146488.516186,1603125.000,2996,1,TH,1,100,37.372
1706146488.649186,1603258.000,3013,1,TH,1,100,37.323
1706146488.782186,1603391.000,3030,1,TH,1,100,37.323
1706146488.915686,1603524.500,3066,2,TH,1,100,37.361
1706146489.049186,1603658.000,3066,2,TH,1,100,37.361
1706146489.182186,1603791.000,3085,1,TH,1,100,37.386
1706146489.315186,1603924.000,3117,1,TH,1,100,37.386
1706146489.449186,1604058.000,3135,1,TH,1,100,37.358
1706146489.582186,1604191.000,3154,1,TH,1,100,37.358
1706146489.716186,1604325.000,3186,1,TH,1,100,37.340
1706146489.849186,1604458.000,3202,1,TH,1,100,37.340
1706146489.982186,1604591.000,3222,1,TH,1,100,37.419
1706146490.116186,1604725.000,3255,1,TH,1,100,37.419
1706146490.249186,1604858.000,3273,1,TH,1,100,37.286
1706146490.382186,1604991.000,3291,1,TH,1,100,37.286
1706146490.515186,1605124.000,3324,1,TH,1,100,37.426
1706146490.649186,1605258.000,3341,1,TH,1,100,37.426
1706146490.782186,1605391.000,3360,1,TH,1,100,37.347
1706146490.915186,1605524.000,3376,1,TH,1,100,37.347
1706146491.049186,1605658.000,3412,1,TH,1,100,37.356
1706146491.182186,1605791.000,3429,1,TH,1,100,37.356
1706146491.315186,1605924.000,3446,1,TH,1,100,37.356
1706146491.449186,1606058.000,3477,1,TH,1,100,37.356
1706146491.582186,1606191.000,3494,1,TH,1,100,37.382
1706146491.715186,1606324.000,3515,1,TH,1,100,37.382
1706146491.849186,1606458.000,3550,1,TH,1,100,37.354
1706146491.982186,1606591.000,3568,1,TH,1,100,37.354
1706146492.115186,1606724.000,3586,1,TH,1,100,37.347
1706146492.249186,1606858.000,3618,1,TH,1,100,37.347
1706146492.382186,1606991.000,3635,1,TH,1,100,37.342
1706146492.515186,1607124.000,3653,1,TH,1,100,37.342
1706146492.649186,1607258.000,3689,1,TH,1,100,37.401
1706146492.782186,1607391.000,3706,1,TH,1,100,37.400
1706146492.915186,1607524.000,3722,1,TH,1,100,37.314
1706146493.048186,1607657.000,3740,1,TH,1,100,37.314
1706146493.182186,1607791.000,3773,1,TH,1,100,37.407
1706146493.315186,1607924.000,3790,1,TH,1,100,37.415
1706146493.448186,1608057.000,3807,1,TH,1,100,37.352
1706146493.582186,1608191.000,3841,1,TH,1,100,37.352
1706146493.715186,1608324.000,3859,1,TH,1,100,37.427
1706146493.848186,1608457.000,3876,1,TH,1,100,37.427
1706146493.982186,1608591.000,3910,1,TH,1,100,37.394
1706146494.115186,1608724.000,3933,1,TH,1,100,37.394
1706146494.248186,1608857.000,3952,1,TH,1,100,37.345
1706146494.382186,1608991.000,3969,1,TH,1,100,37.345
1706146494.515186,1609124.000,4000,1,TH,1,100,37.394
1706146494.648186,1609257.000,4018,1,TH,1,100,37.394
1706146494.782186,1609391.000,4034,1,TH,1,100,37.438
1706146494.915186,1609524.000,4068,1,TH,1,100,37.438
1706146495.048186,1609657.000,4085,1,TH,1,100,37.380
1706146495.182186,1609791.000,4101,1,TH,1,100,37.380
1706146495.315186,1609924.000,4119,1,TH,1,100,37.445
1706146495.448186,1610057.000,4152,1,TH,1,100,37.445
1706146495.582186,1610191.000,4168,1,TH,1,100,37.403
1706146495.715186,1610324.000,4188,1,TH,1,100,37.403
1706146495.848186,1610457.000,4221,1,TH,1,100,37.333
1706146495.981186,1610590.000,4238,1,TH,1,100,37.333
1706146496.115186,1610724.000,4255,1,TH,1,100,37.366
1706146496.248186,1610857.000,4289,1,TH,1,100,37.366
1706146496.381186,1610990.000,4305,1,TH,1,100,37.331
1706146496.515186,1611124.000,4322,1,TH,1,100,37.331
1706146496.648186,1611257.000,4358,1,TH,1,100,37.450
1706146496.781186,1611390.000,4374,1,TH,1,100,37.450
1706146496.915186,1611524.000,4393,1,TH,1,100,37.363
1706146497.048186,1611657.000,4410,1,TH,1,100,37.363
1706146497.181186,1611790.000,4441,1,TH,1,100,37.359
1706146497.315186,1611924.000,4461,1,TH,1,100,37.359
1706146497.448186,1612057.000,4479,1,TH,1,100,37.305
1706146497.581186,1612190.000,4511,1,TH,1,100,37.305
1706146497.715186,1612324.000,4528,1,TH,1,100,37.384
1706146497.848186,1612457.000,4544,1,TH,1,100,37.384
1706146497.981186,1612590.000,4578,1,TH,1,100,37.373
1706146498.115185,1612724.000,4599,1,TH,1,100,37.373
1706146498.248186,1612857.000,4615,1,TH,1,100,37.267
1706146498.382185,1612991.000,4647,1,TH,1,100,37.267
1706146498.515186,1613124.000,4666,1,TH,1,100,37.401
1706146498.648185,1613257.000,4683,1,TH,1,100,37.401
1706146498.781186,1613390.000,4700,1,TH,1,100,37.459
1706146498.915185,1613524.000,4736,1,TH,1,100,37.459
1706146499.048186,1613657.000,4752,1,TH,1,100,37.417
1706146499.181185,1613790.000,4769,1,TH,1,100,37.417
1706146499.315186,1613924.000,4808,1,TH,1,100,37.410
1706146499.448185,1614057.000,4824,1,TH,1,100,37.410
1706146499.581186,1614190.000,4841,1,TH,1,100,37.359
1706146499.715185,1614324.000,4877,1,TH,1,100,37.366
1706146499.848186,1614457.000,4893,1,TH,1,100,37.324
1706146499.981185,1614590.000,4911,1,TH,1,100,37.324
1706146500.114185,1614723.000,4944,1,TH,1,100,37.361
1706146500.248185,1614857.000,4960,1,TH,1,100,37.361
1706146500.381185,1614990.000,4980,1,TH,1,100,37.422
1706146500.514185,1615123.000,5011,1,TH,1,100,37.422
1706146500.648185,1615257.000,5030,1,TH,1,100,37.397
1706146500.781185,1615390.000,5047,1,TH,1,100,37.397
1706146500.914185,1615523.000,5063,1,TH,1,100,37.333
1706146501.048185,1615657.000,5095,1,TH,1,100,37.333
1706146501.181185,1615790.000,5112,1,TH,1,100,37.338
1706146501.314185,1615923.000,5131,1,TH,1,100,37.338
1706146501.448185,1616057.000,5162,1,TH,1,100,37.364
1706146501.581185,1616190.000,5179,1,TH,1,100,37.364
1706146501.714185,1616323.000,5200,1,TH,1,100,37.418
1706146501.848185,1616457.000,5231,1,TH,1,100,37.418
1706146501.981185,1616590.000,5251,1,TH,1,100,37.404
1706146502.114185,1616723.000,5267,1,TH,1,100,37.404
1706146502.248185,1616857.000,5301,1,TH,1,100,37.317
1706146502.381185,1616990.000,5318,1,TH,1,100,37.317
1706146502.514185,1617123.000,5334,1,TH,1,100,37.359
1706146502.648185,1617257.000,5368,1,TH,1,100,37.359
1706146502.781185,1617390.000,5385,1,TH,1,100,37.420
1706146502.914185,1617523.000,5403,1,TH,1,100,37.420
1706146503.047185,1617656.000,5421,1,TH,1,100,37.415
1706146503.181185,1617790.000,5452,1,TH,1,100,37.415
1706146503.314185,1617923.000,5471,1,TH,1,100,37.378
1706146503.447185,1618056.000,5488,1,TH,1,100,37.378
1706146503.581185,1618190.000,5524,1,TH,1,100,37.380
1706146503.714185,1618323.000,5540,1,TH,1,100,37.380
1706146503.847185,1618456.000,5557,1,TH,1,100,37.471
1706146503.981185,1618590.000,5589,1,TH,1,100,37.471
1706146504.114185,1618723.000,5607,1,TH,1,100,37.429
1706146504.248185,1618857.000,5624,1,TH,1,100,37.429
1706146504.381185,1618990.000,5646,1,TH,1,100,37.359
1706146504.514185,1619123.000,5681,1,TH,1,100,37.359
1706146504.648185,1619257.000,5699,1,TH,1,100,37.319
1706146504.781185,1619390.000,5715,1,TH,1,100,37.319
1706146504.914185,1619523.000,5749,1,TH,1,100,37.378
1706146505.047185,1619656.000,5766,1,TH,1,100,37.378
1706146505.181185,1619790.000,5782,1,TH,1,100,37.441
1706146505.314185,1619923.000,5818,1,TH,1,100,37.441
1706146505.447185,1620056.000,5835,1,TH,1,100,37.270
1706146505.581185,1620190.000,5853,1,TH,1,100,37.278
1706146505.714185,1620323.000,5885,1,TH,1,100,37.423
1706146505.847185,1620456.000,5902,1,TH,1,100,37.415
1706146505.981185,1620590.000,5919,1,TH,1,100,37.352
1706146506.114185,1620723.000,5936,1,TH,1,100,37.360
1706146506.247185,1620856.000,5970,1,TH,1,100,37.324
1706146506.381185,1620990.000,5986,1,TH,1,100,37.324
1706146506.514185,1621123.000,6003,1,TH,1,100,37.427
1706146506.647185,1621256.000,6037,1,TH,1,100,37.427
1706146506.780185,1621389.000,6053,1,TH,1,100,37.420
1706146506.914185,1621523.000,6070,1,TH,1,100,37.420
1706146507.047185,1621656.000,6106,1,TH,1,100,37.411
1706146507.181185,1621790.000,6122,1,TH,1,100,37.411
1706146507.314185,1621923.000,6140,1,TH,1,100,37.434
1706146507.447185,1622056.000,6171,1,TH,1,100,37.427
1706146507.580185,1622189.000,6187,1,TH,1,100,37.390
1706146507.714185,1622323.000,6209,1,TH,1,100,37.397
1706146507.847185,1622456.000,6240,1,TH,1,100,37.439
1706146507.980185,1622589.000,6257,1,TH,1,100,37.439
1706146508.114185,1622723.000,6276,1,TH,1,100,37.448
1706146508.247185,1622856.000,6292,1,TH,1,100,37.448
1706146508.380185,1622989.000,6324,1,TH,1,100,37.362
1706146508.514185,1623123.000,6341,1,TH,1,100,37.362
1706146508.647185,1623256.000,6360,1,TH,1,100,37.425
1706146508.780185,1623389.000,6391,1,TH,1,100,37.425
1706146508.914185,1623523.000,6408,1,TH,1,100,37.381
1706146509.047185,1623656.000,6427,1,TH,1,100,37.381
1706146509.180185,1623789.000,6460,1,TH,1,100,37.355
1706146509.314185,1623923.000,6478,1,TH,1,100,37.355
1706146509.447185,1624056.000,6499,1,TH,1,100,37.416
1706146509.580185,1624189.000,6516,1,TH,1,100,37.416
1706146509.714185,1624323.000,6548,1,TH,1,100,37.374
1706146509.847185,1624456.000,6564,1,TH,1,100,37.374
1706146509.980185,1624589.000,6582,1,TH,1,100,37.420
1706146510.114185,1624723.000,6617,1,TH,1,100,37.420
1706146510.247185,1624856.000,6633,1,TH,1,100,37.425
1706146510.380185,1624989.000,6651,1,TH,1,100,37.425
1706146510.513185,1625122.000,6684,1,TH,1,100,37.362
1706146510.647185,1625256.000,6701,1,TH,1,100,37.362
1706146510.780185,1625389.000,6718,1,TH,1,100,37.341
1706146510.913185,1625522.000,6752,1,TH,1,100,37.341
1706146511.047185,1625656.000,6768,1,TH,1,100,37.413
1706146511.180185,1625789.000,6785,1,TH,1,100,37.413
1706146511.313185,1625922.000,6802,1,TH,1,100,37.383
1706146511.447185,1626056.000,6833,1,TH,1,100,37.383
1706146511.580185,1626189.000,6850,1,TH,1,100,37.371
1706146511.713185,1626322.000,6873,1,TH,1,100,37.371
1706146511.847185,1626456.000,6904,1,TH,1,100,37.423
1706146511.980185,1626589.000,6922,1,TH,1,100,37.423
1706146512.113185,1626722.000,6940,1,TH,1,100,37.409
1706146512.247185,1626856.000,6974,1,TH,1,100,37.409
1706146512.380185,1626989.000,6991,1,TH,1,100,37.441
1706146512.513185,1627122.000,7007,1,TH,1,100,37.441
1706146512.647185,1627256.000,7041,1,TH,1,100,37.395
1706146512.780185,1627389.000,7058,1,TH,1,100,37.402
1706146512.913185,1627522.000,7074,1,TH,1,100,37.423
1706146513.046185,1627655.000,7108,1,TH,1,100,37.416
1706146513.180185,1627789.000,7125,1,TH,1,100,37.355
1706146513.313185,1627922.000,7142,1,TH,1,100,37.355
1706146513.447185,1628056.000,7159,1,TH,1,100,37.446
1706146513.580185,1628189.000,7193,1,TH,1,100,37.446
1706146513.713185,1628322.000,7209,1,TH,1,100,37.343
1706146513.846184,1628455.000,7226,1,TH,1,100,37.351
1706146513.980185,1628589.000,7262,1,TH,1,100,37.395
1706146514.113185,1628722.000,7278,1,TH,1,100,37.395
1706146514.246185,1628855.000,7297,1,TH,1,100,37.505
1706146514.380185,1628989.000,7329,1,TH,1,100,37.505
1706146514.513185,1629122.000,7347,1,TH,1,100,37.449
1706146514.646184,1629255.000,7370,1,TH,1,100,37.449
1706146514.780185,1629389.000,7403,1,TH,1,100,37.498
1706146514.913185,1629522.000,7419,1,TH,1,100,37.498
1706146515.046185,1629655.000,7437,1,TH,1,100,37.360
1706146515.180185,1629789.000,7468,1,TH,1,100,37.360
1706146515.313184,1629922.000,7487,1,TH,1,100,37.383
1706146515.446184,1630055.000,7506,1,TH,1,100,37.383
1706146515.579185,1630188.000,7524,1,TH,1,100,37.383
1706146515.713185,1630322.000,7556,1,TH,1,100,37.383
1706146515.846184,1630455.000,7573,1,TH,1,100,37.393
1706146515.980185,1630589.000,7592,1,TH,1,100,37.393
1706146516.113184,1630722.000,7627,1,TH,1,100,37.468
1706146516.246184,1630855.000,7645,1,TH,1,100,37.468
1706146516.380184,1630989.000,7661,1,TH,1,100,37.474
1706146516.513185,1631122.000,7678,1,TH,1,100,37.474
1706146516.646184,1631255.000,7712,1,TH,1,100,37.369
1706146516.779184,1631388.000,7728,1,TH,1,100,37.369
1706146516.913184,1631522.000,7745,1,TH,1,100,37.372
1706146517.046184,1631655.000,7781,1,TH,1,100,37.372
1706146517.179184,1631788.000,7797,1,TH,1,100,37.372
1706146517.313184,1631922.000,7815,1,TH,1,100,37.372
1706146517.446184,1632055.000,7846,1,TH,1,100,37.463
1706146517.579184,1632188.000,7862,1,TH,1,100,37.463
1706146517.713184,1632322.000,7880,1,TH,1,100,37.451
1706146517.846184,1632455.000,7915,1,TH,1,100,37.451
1706146517.979184,1632588.000,7932,1,TH,1,100,37.402
1706146518.113184,1632722.000,7949,1,TH,1,100,37.402
1706146518.246184,1632855.000,7965,1,TH,1,100,37.444
1706146518.379184,1632988.000,7997,1,TH,1,100,37.444
1706146518.513184,1633122.000,8014,1,TH,1,100,37.435
1706146518.646184,1633255.000,8033,1,TH,1,100,37.435
1706146518.779184,1633388.000,8066,1,TH,1,100,37.486
1706146518.912184,1633521.000,8083,1,TH,1,100,37.486
1706146519.046184,1633655.000,8100,1,TH,1,100,37.418
1706146519.179184,1633788.000,8133,1,TH,1,100,37.419
1706146519.313184,1633922.000,8151,1,TH,1,100,37.503
1706146519.446184,1634055.000,8169,1,TH,1,100,37.503
1706146519.579184,1634188.000,8203,1,TH,1,100,37.400
1706146519.713184,1634322.000,8225,1,TH,1,100,37.400
1706146519.846184,1634455.000,8242,1,TH,1,100,37.393
1706146519.979184,1634588.000,8259,1,TH,1,100,37.400
1706146520.112184,1634721.000,8276,1,TH,1,100,37.440
1706146520.246184,1634855.000,8312,1,TH,1,100,37.440
1706146520.379184,1634988.000,8328,1,TH,1,100,37.543
1706146520.512184,1635121.000,8345,1,TH,1,100,37.543
1706146520.646184,1635255.000,8377,1,TH,1,100,37.477
1706146520.779184,1635388.000,8393,1,TH,1,100,37.477
1706146520.912184,1635521.000,8414,1,TH,1,100,37.480
1706146521.046184,1635655.000,8446,1,TH,1,100,37.480
1706146521.179184,1635788.000,8462,1,TH,1,100,37.470
1706146521.312184,1635921.000,8480,1,TH,1,100,37.470
1706146521.446184,1636055.000,8513,1,TH,1,100,37.445
1706146521.579184,1636188.000,8532,1,TH,1,100,37.445
1706146521.712184,1636321.000,8551,1,TH,1,100,37.482
1706146521.846184,1636455.000,8567,1,TH,1,100,37.482
1706146521.979184,1636588.000,8601,1,TH,1,100,37.454
1706146522.112184,1636721.000,8618,1,TH,1,100,37.454
1706146522.246184,1636855.000,8636,1,TH,1,100,37.480
1706146522.379184,1636988.000,8668,1,TH,1,100,37.480
1706146522.512184,1637121.000,8685,1,TH,1,100,37.414
1706146522.645184,1637254.000,8704,1,TH,1,100,37.414
1706146522.779184,1637388.000,8735,1,TH,1,100,37.438
1706146522.912184,1637521.000,8752,1,TH,1,100,37.438
1706146523.045184,1637654.000,8771,1,TH,1,100,37.398
1706146523.179184,1637788.000,8802,1,TH,1,100,37.398
1706146523.312184,1637921.000,8820,1,TH,1,100,37.433
1706146523.446184,1638055.000,8836,1,TH,1,100,37.433
1706146523.579184,1638188.000,8870,1,TH,1,100,37.445
1706146523.712184,1638321.000,8889,1,TH,1,100,37.445
1706146523.846184,1638455.000,8905,1,TH,1,100,37.398
1706146523.979184,1638588.000,8925,1,TH,1,100,37.398
1706146524.112184,1638721.000,8956,1,TH,1,100,37.435
1706146524.245184,1638854.000,8972,1,TH,1,100,37.435
1706146524.379184,1638988.000,8990,1,TH,1,100,37.428
1706146524.512184,1639121.000,9025,1,TH,1,100,37.428
1706146524.645184,1639254.000,9042,1,TH,1,100,37.501
1706146524.779184,1639388.000,9059,1,TH,1,100,37.501
1706146524.912184,1639521.000,9096,1,TH,1,100,37.412
1706146525.045184,1639654.000,9112,1,TH,1,100,37.412
1706146525.179184,1639788.000,9131,1,TH,1,100,37.410
1706146525.312184,1639921.000,9165,1,TH,1,100,37.410
1706146525.445184,1640054.000,9181,1,TH,1,100,37.447
1706146525.579184,1640188.000,9198,1,TH,1,100,37.447
1706146525.712184,1640321.000,9232,1,TH,1,100,37.391
1706146525.845184,1640454.000,9248,1,TH,1,100,37.391
1706146525.978184,1640587.000,9268,1,TH,1,100,37.428
1706146526.112184,1640721.000,9284,1,TH,1,100,37.428
1706146526.245184,1640854.000,9316,1,TH,1,100,37.414
1706146526.379184,1640988.000,9335,1,TH,1,100,37.414
1706146526.512184,1641121.000,9351,1,TH,1,100,37.421
1706146526.645184,1641254.000,9385,1,TH,1,100,37.421
1706146526.778184,1641387.000,9404,1,TH,1,100,37.501
1706146526.912184,1641521.000,9420,1,TH,1,100,37.501
1706146527.045184,1641654.000,9454,1,TH,1,100,37.461
1706146527.178184,1641787.000,9471,1,TH,1,100,37.461
1706146527.312184,1641921.000,9488,1,TH,1,100,37.372
1706146527.445184,1642054.000,9521,1,TH,1,100,37.372
1706146527.578184,1642187.000,9540,1,TH,1,100,37.419
1706146527.712184,1642321.000,9557,1,TH,1,100,37.419
1706146527.845184,1642454.000,9590,1,TH,1,100,37.449
1706146527.978184,1642587.000,9608,1,TH,1,100,37.449
1706146528.112184,1642721.000,9624,1,TH,1,100,37.400
1706146528.245184,1642854.000,9643,1,TH,1,100,37.400
1706146528.378184,1642987.000,9675,1,TH,1,100,37.405
1706146528.512184,1643121.000,9691,1,TH,1,100,37.405
1706146528.645184,1643254.000,9711,1,TH,1,100,37.517
1706146528.778184,1643387.000,9742,1,TH,1,100,37.517
1706146528.911184,1643520.000,9758,1,TH,1,100,37.386
1706146529.045184,1643654.000,9780,1,TH,1,100,37.386
1706146529.178184,1643787.000,9811,1,TH,1,100,37.386
1706146529.311184,1643920.000,9828,1,TH,1,100,37.386
1706146529.445184,1644054.000,9845,1,TH,1,100,37.463
1706146529.578184,1644187.000,9879,1,TH,1,100,37.471
1706146529.711184,1644320.000,9895,1,TH,1,100,37.531
1706146529.845184,1644454.000,9914,1,TH,1,100,37.531
1706146529.978184,1644587.000,9953,1,TH,1,100,37.426
1706146530.111184,1644720.000,9969,1,TH,1,100,37.426
1706146530.245184,1644854.000,9986,1,TH,1,100,37.398
1706146530.378184,1644987.000,10003,1,TH,1,100,37.398
1706146530.511184,1645120.000,10036,1,TH,1,100,37.400
1706146530.645184,1645254.000,10056,1,TH,1,100,37.400
1706146530.778183,1645387.000,10072,1,TH,1,100,37.515
1706146530.911184,1645520.000,10106,1,TH,1,100,37.515
1706146531.045184,1645654.000,10123,1,TH,1,100,37.408
1706146531.178184,1645787.000,10139,1,TH,1,100,37.408
1706146531.311183,1645920.000,10171,1,TH,1,100,37.499
1706146531.445184,1646054.000,10190,1,TH,1,100,37.499
1706146531.578183,1646187.000,10206,1,TH,1,100,37.396
1706146531.711184,1646320.000,10240,1,TH,1,100,37.396
1706146531.845184,1646454.000,10257,1,TH,1,100,37.431
1706146531.978184,1646587.000,10274,1,TH,1,100,37.431
1706146532.111183,1646720.000,10307,1,TH,1,100,37.389
1706146532.245183,1646854.000,10326,1,TH,1,100,37.389
1706146532.378183,1646987.000,10343,1,TH,1,100,37.389
1706146532.511184,1647120.000,10360,1,TH,1,100,37.389
1706146532.645184,1647254.000,10394,1,TH,1,100,37.482
1706146532.778183,1647387.000,10410,1,TH,1,100,37.482
1706146532.911183,1647520.000,10427,1,TH,1,100,37.513
1706146533.045183,1647654.000,10459,1,TH,1,100,37.513
1706146533.178183,1647787.000,10477,1,TH,1,100,37.475
1706146533.311183,1647920.000,10495,1,TH,1,100,37.475
1706146533.445184,1648054.000,10526,1,TH,1,100,37.445
1706146533.578183,1648187.000,10544,1,TH,1,100,37.445
1706146533.711183,1648320.000,10562,1,TH,1,100,37.454
1706146533.845183,1648454.000,10593,1,TH,1,100,37.454
1706146533.978183,1648587.000,10614,1,TH,1,100,37.433
1706146534.111183,1648720.000,10631,1,TH,1,100,37.433
1706146534.244183,1648853.000,10663,1,TH,1,100,37.508
1706146534.378183,1648987.000,10679,1,TH,1,100,37.508
1706146534.511183,1649120.000,10696,1,TH,1,100,37.522
1706146534.645183,1649254.000,10715,1,TH,1,100,37.522
1706146534.778183,1649387.000,10748,1,TH,1,100,37.422
1706146534.911183,1649520.000,10765,1,TH,1,100,37.422
1706146535.044183,1649653.000,10786,1,TH,1,100,37.443
1706146535.178183,1649787.000,10802,1,TH,1,100,37.443
1706146535.311183,1649920.000,10820,1,TH,1,100,37.461
1706146535.444183,1650053.000,10838,1,TH,1,100,37.461
1706146535.578183,1650187.000,10872,1,TH,1,100,37.464
1706146535.711183,1650320.000,10889,1,TH,1,100,37.464
1706146535.844183,1650453.000,10907,1,TH,1,100,37.457
1706146535.978183,1650587.000,10939,1,TH,1,100,37.457
1706146536.111183,1650720.000,10956,1,TH,1,100,37.447
1706146536.244183,1650853.000,10972,1,TH,1,100,37.447
1706146536.378183,1650987.000,11006,1,TH,1,100,37.471
1706146536.511183,1651120.000,11023,1,TH,1,100,37.471
1706146536.644183,1651253.000,11042,1,TH,1,100,37.426
1706146536.778183,1651387.000,11061,1,TH,1,100,37.426
1706146536.911183,1651520.000,11093,1,TH,1,100,37.431
1706146537.044183,1651653.000,11109,1,TH,1,100,37.431
1706146537.177183,1651786.000,11128,1,TH,1,100,37.492
1706146537.311183,1651920.000,11162,1,TH,1,100,37.492
1706146537.444183,1652053.000,11178,1,TH,1,100,37.452
1706146537.577183,1652186.000,11195,1,TH,1,100,37.452
1706146537.711183,1652320.000,11227,1,TH,1,100,37.408
1706146537.844183,1652453.000,11243,1,TH,1,100,37.408
1706146537.977183,1652586.000,11265,1,TH,1,100,37.424
1706146538.111183,1652720.000,11298,1,TH,1,100,37.431
1706146538.244183,1652853.000,11314,1,TH,1,100,37.422
1706146538.377183,1652986.000,11332,1,TH,1,100,37.422
1706146538.511183,1653120.000,11363,1,TH,1,100,37.476
1706146538.644183,1653253.000,11380,1,TH,1,100,37.468
1706146538.777183,1653386.000,11401,1,TH,1,100,37.457
1706146538.911183,1653520.000,11417,1,TH,1,100,37.464
1706146539.044183,1653653.000,11451,1,TH,1,100,37.448
1706146539.177183,1653786.000,11468,1,TH,1,100,37.448
1706146539.311183,1653920.000,11485,1,TH,1,100,37.480
1706146539.444183,1654053.000,11518,1,TH,1,100,37.473
1706146539.577183,1654186.000,11537,1,TH,1,100,37.468
1706146539.710183,1654319.000,11554,1,TH,1,100,37.476
1706146539.844183,1654453.000,11585,1,TH,1,100,37.553
1706146539.977183,1654586.000,11603,1,TH,1,100,37.553
1706146540.110183,1654719.000,11619,1,TH,1,100,37.406
1706146540.244183,1654853.000,11662,1,TH,1,100,37.398
1706146540.377183,1654986.000,11679,1,TH,1,100,37.480
1706146540.510183,1655119.000,11695,1,TH,1,100,37.487
1706146540.644183,1655253.000,11727,1,TH,1,100,37.511
1706146540.777183,1655386.000,11746,1,TH,1,100,37.511
1706146540.910183,1655519.000,11762,1,TH,1,100,37.466
1706146541.044183,1655653.000,11780,1,TH,1,100,37.466
1706146541.177183,1655786.000,11815,1,TH,1,100,37.532
1706146541.310183,1655919.000,11832,1,TH,1,100,37.532
1706146541.444183,1656053.000,11849,1,TH,1,100,37.513
1706146541.577183,1656186.000,11881,1,TH,1,100,37.513
1706146541.710183,1656319.000,11901,1,TH,1,100,37.408
1706146541.844183,1656453.000,11918,1,TH,1,100,37.408
1706146541.977183,1656586.000,11952,1,TH,1,100,37.429
1706146542.110183,1656719.000,11968,1,TH,1,100,37.429
1706146542.244183,1656853.000,11985,1,TH,1,100,37.476
1706146542.377183,1656986.000,12017,1,TH,1,100,37.476
1706146542.510183,1657119.000,12033,1,TH,1,100,37.504
1706146542.643183,1657252.000,12051,1,TH,1,100,37.504
1706146542.777183,1657386.000,12084,1,TH,1,100,37.518
1706146542.910183,1657519.000,12101,1,TH,1,100,37.518
1706146543.043183,1657652.000,12118,1,TH,1,100,37.466
1706146543.177183,1657786.000,12134,1,TH,1,100,37.466
1706146543.310183,1657919.000,12168,1,TH,1,100,37.452
1706146543.443183,1658052.000,12185,1,TH,1,100,37.452
1706146543.577183,1658186.000,12203,1,TH,1,100,37.469
1706146543.710183,1658319.000,12237,1,TH,1,100,37.469
1706146543.843183,1658452.000,12254,1,TH,1,100,37.443
1706146543.977183,1658586.000,12271,1,TH,1,100,37.443
1706146544.110183,1658719.000,12304,1,TH,1,100,37.574
1706146544.243183,1658852.000,12321,1,TH,1,100,37.574
1706146544.377183,1658986.000,12340,1,TH,1,100,37.527
1706146544.510183,1659119.000,12373,1,TH,1,100,37.527
1706146544.643183,1659252.000,12391,1,TH,1,100,37.436
1706146544.777183,1659386.000,12409,1,TH,1,100,37.436
1706146544.910183,1659519.000,12441,1,TH,1,100,37.499
1706146545.043183,1659652.000,12458,1,TH,1,100,37.499
1706146545.177183,1659786.000,12474,1,TH,1,100,37.480
1706146545.310183,1659919.000,12501,1,TH,1,100,37.480
1706146545.444183,1660053.000,12518,1,TH,1,100,37.441
1706146545.577183,1660186.000,12536,1,TH,1,100,37.441
1706146545.710183,1660319.000,12568,1,TH,1,100,37.438
1706146545.843183,1660452.000,12585,1,TH,1,100,37.438
1706146545.977183,1660586.000,12606,1,TH,1,100,37.485
1706146546.110183,1660719.000,12639,1,TH,1,100,37.485
1706146546.243183,1660852.000,12656,1,TH,1,100,37.548
1706146546.377183,1660986.000,12673,1,TH,1,100,37.548
1706146546.510183,1661119.000,12706,1,TH,1,100,37.420
1706146546.643183,1661252.000,12724,1,TH,1,100,37.427
1706146546.776183,1661385.000,12746,1,TH,1,100,37.523
1706146546.910182,1661519.000,12778,1,TH,1,100,37.523
1706146547.043183,1661652.000,12797,1,TH,1,100,37.497
1706146547.176183,1661785.000,12813,1,TH,1,100,37.497
1706146547.310183,1661919.000,12831,1,TH,1,100,37.467
1706146547.443182,1662052.000,12862,1,TH,1,100,37.460
1706146547.576183,1662185.000,12878,1,TH,1,100,37.431
1706146547.710182,1662319.000,12898,1,TH,1,100,37.439
1706146547.843183,1662452.000,12931,1,TH,1,100,37.542
1706146547.976182,1662585.000,12950,1,TH,1,100,37.534
1706146548.110183,1662719.000,12967,1,TH,1,100,37.462
1706146548.243182,1662852.000,13001,1,TH,1,100,37.469
1706146548.376183,1662985.000,13019,1,TH,1,100,37.493
1706146548.510182,1663119.000,13036,1,TH,1,100,37.492
1706146548.643183,1663252.000,13070,1,TH,1,100,37.415
1706146548.776182,1663385.000,13086,1,TH,1,100,37.415
1706146548.910182,1663519.000,13103,1,TH,1,100,37.602
1706146549.043182,1663652.000,13120,1,TH,1,100,37.602
1706146549.176183,1663785.000,13155,1,TH,1,100,37.467
1706146549.309182,1663918.000,13173,1,TH,1,100,37.467
1706146549.443182,1664052.000,13189,1,TH,1,100,37.467
1706146549.576182,1664185.000,13221,1,TH,1,100,37.467
1706146549.709183,1664318.000,13238,1,TH,1,100,37.565
1706146549.843182,1664452.000,13256,1,TH,1,100,37.565
1706146549.976182,1664585.000,13290,1,TH,1,100,37.486
1706146550.109182,1664718.000,13307,1,TH,1,100,37.486
1706146550.243182,1664852.000,13325,1,TH,1,100,37.486
1706146550.376516,1664985.333,13364,3,TH,1,100,37.486
1706146550.509849,1665118.667,13364,3,TH,1,100,37.458
1706146550.643182,1665252.000,13364,3,TH,1,100,37.458
1706146550.776182,1665385.000,13399,1,TH,1,100,37.528
1706146550.909182,1665518.000,13416,1,TH,1,100,37.528
1706146551.043182,1665652.000,13433,1,TH,1,100,37.528
1706146551.176182,1665785.000,13449,1,TH,1,100,37.528
1706146551.309182,1665918.000,13483,1,TH,1,100,37.495
1706146551.443182,1666052.000,13502,1,TH,1,100,37.495
1706146551.576182,1666185.000,13520,1,TH,1,100,37.542
1706146551.709182,1666318.000,13554,1,TH,1,100,37.542
1706146551.843182,1666452.000,13571,1,TH,1,100,37.502
1706146551.976182,1666585.000,13588,1,TH,1,100,37.502
1706146552.109182,1666718.000,13619,1,TH,1,100,37.535
1706146552.242182,1666851.000,13640,1,TH,1,100,37.535
1706146552.376182,1666985.000,13657,1,TH,1,100,37.530
1706146552.509182,1667118.000,13690,1,TH,1,100,37.530
1706146552.643182,1667252.000,13708,1,TH,1,100,37.483
1706146552.776182,1667385.000,13726,1,TH,1,100,37.483
1706146552.909182,1667518.000,13743,1,TH,1,100,37.474
1706146553.043182,1667652.000,13777,1,TH,1,100,37.474
1706146553.176182,1667785.000,13795,1,TH,1,100,37.415
1706146553.309182,1667918.000,13813,1,TH,1,100,37.415
1706146553.442182,1668051.000,13844,1,TH,1,100,37.476
1706146553.576182,1668185.000,13860,1,TH,1,100,37.476
1706146553.709182,1668318.000,13880,1,TH,1,100,37.476
1706146553.842182,1668451.000,13913,1,TH,1,100,37.476
1706146553.976182,1668585.000,13932,1,TH,1,100,37.535
1706146554.109182,1668718.000,13949,1,TH,1,100,37.535
1706146554.242182,1668851.000,13965,1,TH,1,100,37.472
1706146554.376182,1668985.000,13997,1,TH,1,100,37.472
1706146554.509182,1669118.000,14014,1,TH,1,100,37.581
1706146554.642182,1669251.000,14035,1,TH,1,100,37.581
1706146554.776182,1669385.000,14066,1,TH,1,100,37.478
1706146554.909182,1669518.000,14084,1,TH,1,100,37.478
1706146555.042182,1669651.000,14100,1,TH,1,100,37.415
1706146555.176182,1669785.000,14117,1,TH,1,100,37.415
1706146555.309182,1669918.000,14153,1,TH,1,100,37.609
1706146555.442182,1670051.000,14169,1,TH,1,100,37.609
1706146555.576182,1670185.000,14188,1,TH,1,100,37.539
1706146555.709182,1670318.000,14227,1,TH,1,100,37.547
1706146555.842182,1670451.000,14243,1,TH,1,100,37.477
1706146555.975182,1670584.000,14261,1,TH,1,100,37.469
1706146556.109182,1670718.000,14294,1,TH,1,100,37.567
1706146556.242182,1670851.000,14310,1,TH,1,100,37.567
1706146556.375182,1670984.000,14328,1,TH,1,100,37.507
1706146556.509182,1671118.000,14344,1,TH,1,100,37.507
1706146556.642182,1671251.000,14378,1,TH,1,100,37.472
1706146556.776182,1671385.000,14395,1,TH,1,100,37.472
1706146556.909182,1671518.000,14415,1,TH,1,100,37.493
1706146557.042182,1671651.000,14449,1,TH,1,100,37.500
1706146557.175182,1671784.000,14466,1,TH,1,100,37.439
1706146557.309182,1671918.000,14483,1,TH,1,100,37.439
1706146557.442182,1672051.000,14502,1,TH,1,100,37.565
1706146557.575182,1672184.000,14534,1,TH,1,100,37.565
1706146557.709182,1672318.000,14552,1,TH,1,100,37.563
1706146557.842182,1672451.000,14569,1,TH,1,100,37.563
1706146557.975182,1672584.000,14601,1,TH,1,100,37.528
1706146558.109182,1672718.000,14617,1,TH,1,100,37.528
1706146558.242182,1672851.000,14634,1,TH,1,100,37.551
1706146558.375182,1672984.000,14668,1,TH,1,100,37.551
1706146558.509182,1673118.000,14684,1,TH,1,100,37.507
1706146558.642182,1673251.000,14702,1,TH,1,100,37.507
1706146558.775182,1673384.000,14733,1,TH,1,100,37.437
1706146558.909182,1673518.000,14752,1,TH,1,100,37.437
1706146559.042182,1673651.000,14769,1,TH,1,100,37.488
1706146559.175182,1673784.000,14785,1,TH,1,100,37.488
1706146559.309182,1673918.000,14821,1,TH,1,100,37.514
1706146559.442182,1674051.000,14840,1,TH,1,100,37.514
1706146559.575182,1674184.000,14856,1,TH,1,100,37.542
1706146559.709182,1674318.000,14874,1,TH,1,100,37.542
1706146559.842182,1674451.000,14905,1,TH,1,100,37.570
1706146559.975182,1674584.000,14924,1,TH,1,100,37.570
1706146560.108182,1674717.000,14941,1,TH,1,100,37.523
1706146560.242182,1674851.000,14973,1,TH,1,100,37.523
1706146560.375182,1674984.000,14991,1,TH,1,100,37.542
1706146560.509182,1675118.000,15008,1,TH,1,100,37.542
1706146560.642182,1675251.000,15025,1,TH,1,100,37.507
1706146560.775182,1675384.000,15063,1,TH,1,100,37.507
1706146560.908182,1675517.000,15080,1,TH,1,100,37.500
1706146561.042182,1675651.000,15099,1,TH,1,100,37.500
1706146561.175182,1675784.000,15132,1,TH,1,100,37.500
1706146561.308182,1675917.000,15150,1,TH,1,100,37.500
1706146561.442182,1676051.000,15168,1,TH,1,100,37.493
1706146561.575182,1676184.000,15187,1,TH,1,100,37.493
1706146561.708182,1676317.000,15221,1,TH,1,100,37.542
1706146561.842182,1676451.000,15239,1,TH,1,100,37.542
1706146561.975182,1676584.000,15257,1,TH,1,100,37.488
1706146562.108182,1676717.000,15288,1,TH,1,100,37.488
1706146562.242182,1676851.000,15306,1,TH,1,100,37.435
1706146562.375182,1676984.000,15326,1,TH,1,100,37.435
1706146562.508182,1677117.000,15357,1,TH,1,100,37.477
1706146562.642182,1677251.000,15376,1,TH,1,100,37.477
1706146562.775182,1677384.000,15393,1,TH,1,100,37.547
1706146562.908182,1677517.000,15409,1,TH,1,100,37.547
1706146563.041182,1677650.000,15443,1,TH,1,100,37.547
1706146563.175182,1677784.000,15460,1,TH,1,100,37.547
1706146563.308182,1677917.000,15477,1,TH,1,100,37.444
1706146563.442182,1678051.000,15508,1,TH,1,100,37.444
1706146563.575181,1678184.000,15525,1,TH,1,100,37.523
1706146563.708182,1678317.000,15544,1,TH,1,100,37.523
1706146563.842181,1678451.000,15563,1,TH,1,100,37.561
1706146563.975182,1678584.000,15595,1,TH,1,100,37.561
1706146564.108181,1678717.000,15611,1,TH,1,100,37.474
1706146564.242182,1678851.000,15628,1,TH,1,100,37.474
1706146564.375181,1678984.000,15662,1,TH,1,100,37.563
1706146564.508182,1679117.000,15678,1,TH,1,100,37.563
1706146564.641181,1679250.000,15696,1,TH,1,100,37.509
1706146564.775182,1679384.000,15729,1,TH,1,100,37.509
1706146564.908181,1679517.000,15748,1,TH,1,100,37.432
1706146565.041182,1679650.000,15767,1,TH,1,100,37.432
1706146565.175181,1679784.000,15783,1,TH,1,100,37.526
1706146565.308182,1679917.000,15815,1,TH,1,100,37.526
1706146565.441181,1680050.000,15832,1,TH,1,100,37.526
1706146565.575181,1680184.000,15848,1,TH,1,100,37.526
1706146565.708181,1680317.000,15884,1,TH,1,100,37.549
1706146565.841182,1680450.000,15906,1,TH,1,100,37.549
1706146565.974681,1680583.500,15924,2,TH,1,100,37.591
1706146566.108181,1680717.000,15924,2,TH,1,100,37.591
1706146566.241681,1680850.500,15944,2,TH,1,100,37.446
1706146566.375181,1680984.000,15944,2,TH,1,100,37.446
1706146566.508181,1681117.000,15964,2,TH,1,100,37.446
1706146566.641181,1681250.000,15964,2,TH,1,100,37.446
1706146566.774181,1681383.000,15982,1,TH,1,100,37.523
1706146566.908181,1681517.000,16001,1,TH,1,100,37.531
1706146567.041181,1681650.000,16033,1,TH,1,100,37.524
1706146567.174181,1681783.000,16051,1,TH,1,100,37.524
1706146567.308181,1681917.000,16071,1,TH,1,100,37.503
1706146567.441181,1682050.000,16102,1,TH,1,100,37.503
1706146567.574181,1682183.000,16118,1,TH,1,100,37.528
1706146567.708181,1682317.000,16136,1,TH,1,100,37.528
1706146567.841181,1682450.000,16169,1,TH,1,100,37.505
1706146567.974181,1682583.000,16188,1,TH,1,100,37.505
1706146568.108181,1682717.000,16205,1,TH,1,100,37.531
1706146568.241181,1682850.000,16239,1,TH,1,100,37.531
1706146568.374181,1682983.000,16255,1,TH,1,100,37.536
1706146568.508181,1683117.000,16272,1,TH,1,100,37.536
1706146568.641181,1683250.000,16289,1,TH,1,100,37.563
1706146568.774181,1683383.000,16320,1,TH,1,100,37.563
1706146568.908181,1683517.000,16339,1,TH,1,100,37.479
1706146569.041181,1683650.000,16356,1,TH,1,100,37.479
1706146569.174181,1683783.000,16387,1,TH,1,100,37.575
1706146569.307181,1683916.000,16405,1,TH,1,100,37.575
1706146569.441181,1684050.000,16421,1,TH,1,100,37.498
1706146569.574181,1684183.000,16455,1,TH,1,100,37.498
1706146569.707181,1684316.000,16472,1,TH,1,100,37.486
1706146569.841181,1684450.000,16488,1,TH,1,100,37.486
1706146569.974181,1684583.000,16522,1,TH,1,100,37.505
1706146570.107181,1684716.000,16539,1,TH,1,100,37.505
1706146570.241181,1684850.000,16555,1,TH,1,100,37.575
1706146570.374181,1684983.000,16589,1,TH,1,100,37.575
1706146570.507181,1685116.000,16606,1,TH,1,100,37.470
1706146570.641181,1685250.000,16623,1,TH,1,100,37.470
1706146570.774181,1685383.000,16640,1,TH,1,100,37.458
1706146570.907181,1685516.000,16672,1,TH,1,100,37.458
1706146571.041181,1685650.000,16693,1,TH,1,100,37.568
1706146571.174181,1685783.000,16712,1,TH,1,100,37.568
1706146571.307181,1685916.000,16729,1,TH,1,100,37.533
1706146571.441181,1686050.000,16760,1,TH,1,100,37.533
1706146571.574181,1686183.000,16777,1,TH,1,100,37.440
1706146571.708181,1686317.000,16796,1,TH,1,100,37.440
1706146571.841181,1686450.000,16829,1,TH,1,100,37.536
1706146571.974181,1686583.000,16849,1,TH,1,100,37.536
1706146572.107181,1686716.000,16865,1,TH,1,100,37.493
1706146572.240181,1686849.000,16897,1,TH,1,100,37.493
1706146572.374181,1686983.000,16916,1,TH,1,100,37.542
1706146572.507181,1687116.000,16932,1,TH,1,100,37.542
1706146572.641181,1687250.000,16950,1,TH,1,100,37.580
1706146572.774181,1687383.000,16985,1,TH,1,100,37.580
1706146572.907181,1687516.000,17001,1,TH,1,100,37.571
1706146573.040181,1687649.000,17019,1,TH,1,100,37.571
1706146573.174181,1687783.000,17050,1,TH,1,100,37.503
1706146573.307181,1687916.000,17067,1,TH,1,100,37.503
1706146573.440181,1688049.000,17088,1,TH,1,100,37.638
1706146573.574181,1688183.000,17120,1,TH,1,100,37.638
1706146573.707181,1688316.000,17136,1,TH,1,100,37.503
1706146573.841181,1688450.000,17155,1,TH,1,100,37.503
1706146573.974181,1688583.000,17187,1,TH,1,100,37.570
1706146574.107181,1688716.000,17205,1,TH,1,100,37.570
1706146574.240181,1688849.000,17224,1,TH,1,100,37.564
1706146574.374181,1688983.000,17256,1,TH,1,100,37.564
1706146574.507181,1689116.000,17272,1,TH,1,100,37.606
1706146574.640181,1689249.000,17292,1,TH,1,100,37.606
1706146574.774181,1689383.000,17308,1,TH,1,100,37.587
1706146574.907181,1689516.000,17344,1,TH,1,100,37.587
1706146575.040181,1689649.000,17361,1,TH,1,100,37.526
1706146575.174181,1689783.000,17377,1,TH,1,100,37.533
1706146575.307181,1689916.000,17411,1,TH,1,100,37.515
1706146575.440181,1690049.000,17428,1,TH,1,100,37.507
1706146575.574181,1690183.000,17444,1,TH,1,100,37.498
1706146575.707181,1690316.000,17478,1,TH,1,100,37.498
1706146575.840181,1690449.000,17495,1,TH,1,100,37.475
1706146575.974181,1690583.000,17512,1,TH,1,100,37.482
1706146576.107181,1690716.000,17552,1,TH,1,100,37.650
1706146576.240181,1690849.000,17571,1,TH,1,100,37.650
1706146576.373181,1690982.000,17590,1,TH,1,100,37.522
1706146576.507181,1691116.000,17621,1,TH,1,100,37.514
1706146576.640181,1691249.000,17639,1,TH,1,100,37.526
1706146576.773181,1691382.000,17659,1,TH,1,100,37.533
1706146576.907181,1691516.000,17676,1,TH,1,100,37.519
1706146577.040181,1691649.000,17710,1,TH,1,100,37.519
1706146577.173181,1691782.000,17726,1,TH,1,100,37.510
1706146577.307181,1691916.000,17746,1,TH,1,100,37.510
1706146577.440181,1692049.000,17777,1,TH,1,100,37.496
1706146577.573181,1692182.000,17793,1,TH,1,100,37.496
1706146577.707181,1692316.000,17813,1,TH,1,100,37.564
1706146577.840181,1692449.000,17846,1,TH,1,100,37.564
1706146577.973181,1692582.000,17863,1,TH,1,100,37.585
1706146578.107181,1692716.000,17880,1,TH,1,100,37.585
1706146578.240181,1692849.000,17914,1,TH,1,100,37.578
1706146578.373181,1692982.000,17932,1,TH,1,100,37.578
1706146578.507181,1693116.000,17949,1,TH,1,100,37.522
1706146578.640181,1693249.000,17981,1,TH,1,100,37.522
1706146578.773181,1693382.000,17997,1,TH,1,100,37.576
1706146578.907181,1693516.000,18014,1,TH,1,100,37.576
1706146579.040181,1693649.000,18048,1,TH,1,100,37.545
1706146579.173181,1693782.000,18064,1,TH,1,100,37.545
1706146579.307181,1693916.000,18082,1,TH,1,100,37.662
1706146579.440181,1694049.000,18098,1,TH,1,100,37.662
1706146579.573181,1694182.000,18130,1,TH,1,100,37.585
1706146579.707181,1694316.000,18147,1,TH,1,100,37.585
1706146579.840181,1694449.000,18165,1,TH,1,100,37.494
1706146579.973181,1694582.000,18201,1,TH,1,100,37.494
1706146580.106181,1694715.000,18218,1,TH,1,100,37.594
1706146580.240180,1694849.000,18234,1,TH,1,100,37.594
1706146580.373181,1694982.000,18268,1,TH,1,100,37.510
1706146580.506181,1695115.000,18287,1,TH,1,100,37.510
1706146580.640181,1695249.000,18306,1,TH,1,100,37.522
1706146580.773180,1695382.000,18337,1,TH,1,100,37.522
1706146580.906181,1695515.000,18354,1,TH,1,100,37.536
1706146581.040180,1695649.000,18371,1,TH,1,100,37.536
1706146581.173181,1695782.000,18414,2,TH,1,100,37.550
1706146581.306180,1695915.000,18414,2,TH,1,100,37.550
1706146581.440181,1696049.000,18430,1,TH,1,100,37.585
1706146581.573180,1696182.000,18462,1,TH,1,100,37.585
1706146581.706181,1696315.000,18483,1,TH,1,100,37.517
1706146581.840180,1696449.000,18501,1,TH,1,100,37.517
1706146581.973181,1696582.000,18535,1,TH,1,100,37.559
1706146582.106180,1696715.000,18552,1,TH,1,100,37.559
1706146582.240180,1696849.000,18568,1,TH,1,100,37.522
1706146582.373180,1696982.000,18586,1,TH,1,100,37.522
1706146582.506181,1697115.000,18619,1,TH,1,100,37.590
1706146582.639180,1697248.000,18636,1,TH,1,100,37.590
1706146582.773180,1697382.000,18653,1,TH,1,100,37.576
1706146582.906180,1697515.000,18687,1,TH,1,100,37.576
1706146583.039180,1697648.000,18703,1,TH,1,100,37.625
1706146583.173180,1697782.000,18720,1,TH,1,100,37.625
1706146583.306180,1697915.000,18756,1,TH,1,100,37.541
1706146583.440180,1698049.000,18774,1,TH,1,100,37.541
1706146583.573180,1698182.000,18791,1,TH,1,100,37.604
1706146583.706180,1698315.000,18825,1,TH,1,100,37.604
1706146583.839180,1698448.000,18841,1,TH,1,100,37.578
1706146583.973180,1698582.000,18861,1,TH,1,100,37.585
1706146584.106180,1698715.000,18894,1,TH,1,100,37.576
1706146584.239180,1698848.000,18910,1,TH,1,100,37.569
1706146584.373180,1698982.000,18928,1,TH,1,100,37.557
1706146584.506180,1699115.000,18944,1,TH,1,100,37.557
1706146584.640180,1699249.000,18978,1,TH,1,100,37.578
1706146584.773180,1699382.000,18995,1,TH,1,100,37.585
1706146584.906180,1699515.000,19011,1,TH,1,100,37.562
1706146585.039180,1699648.000,19043,1,TH,1,100,37.555
1706146585.173180,1699782.000,19060,1,TH,1,100,37.611
1706146585.306180,1699915.000,19077,1,TH,1,100,37.611
1706146585.439180,1700048.000,19110,1,TH,1,100,37.524
1706146585.573180,1700182.000,19127,1,TH,1,100,37.524
1706146585.706180,1700315.000,19144,1,TH,1,100,37.522
1706146585.839680,1700448.500,19177,2,TH,1,100,37.529
1706146585.973180,1700582.000,19177,2,TH,1,100,37.555
1706146586.106180,1700715.000,19210,1,TH,1,100,37.555
1706146586.239180,1700848.000,19226,1,TH,1,100,37.513
1706146586.373180,1700982.000,19249,1,TH,1,100,37.506
1706146586.506180,1701115.000,19265,1,TH,1,100,37.590
1706146586.639180,1701248.000,19283,1,TH,1,100,37.597
1706146586.772180,1701381.000,19320,1,TH,1,100,37.592
1706146586.906180,1701515.000,19336,1,TH,1,100,37.592
1706146587.039180,1701648.000,19354,1,TH,1,100,37.576
1706146587.173180,1701782.000,19387,1,TH,1,100,37.576
1706146587.306180,1701915.000,19406,1,TH,1,100,37.632
1706146587.439180,1702048.000,19423,1,TH,1,100,37.632
1706146587.572180,1702181.000,19459,1,TH,1,100,37.606
1706146587.706180,1702315.000,19475,1,TH,1,100,37.606
1706146587.839180,1702448.000,19492,1,TH,1,100,37.513
1706146587.972180,1702581.000,19524,1,TH,1,100,37.513
1706146588.106180,1702715.000,19540,1,TH,1,100,37.585
1706146588.239180,1702848.000,19559,1,TH,1,100,37.585
1706146588.372180,1702981.000,19593,1,TH,1,100,37.494
1706146588.506180,1703115.000,19609,1,TH,1,100,37.494
1706146588.639180,1703248.000,19627,1,TH,1,100,37.564
1706146588.772180,1703381.000,19643,1,TH,1,100,37.564
1706146588.906180,1703515.000,19675,1,TH,1,100,37.581
1706146589.039180,1703648.000,19692,1,TH,1,100,37.581
1706146589.172180,1703781.000,19710,1,TH,1,100,37.576
1706146589.306180,1703915.000,19742,1,TH,1,100,37.576
1706146589.439180,1704048.000,19759,1,TH,1,100,37.555
1706146589.572180,1704181.000,19777,1,TH,1,100,37.555
1706146589.706180,1704315.000,19809,1,TH,1,100,37.639
1706146589.839180,1704448.000,19828,1,TH,1,100,37.639
1706146589.972180,1704581.000,19847,1,TH,1,100,37.564
1706146590.105180,1704714.000,19880,1,TH,1,100,37.564
1706146590.239180,1704848.000,19897,1,TH,1,100,37.613
1706146590.372180,1704981.000,19914,1,TH,1,100,37.613
1706146590.505180,1705114.000,19949,1,TH,1,100,37.571
1706146590.639180,1705248.000,19967,1,TH,1,100,37.571
1706146590.772180,1705381.000,19983,1,TH,1,100,37.560
1706146590.905180,1705514.000,20000,1,TH,1,100,37.560
1706146591.039180,1705648.000,20034,1,TH,1,100,37.546
1706146591.172180,1705781.000,20050,1,TH,1,100,37.546
1706146591.305180,1705914.000,20068,1,TH,1,100,37.539
1706146591.439180,1706048.000,20108,1,TH,1,100,37.539
1706146591.572180,1706181.000,20124,1,TH,1,100,37.592
1706146591.705180,1706314.000,20144,1,TH,1,100,37.592
1706146591.839180,1706448.000,20175,1,TH,1,100,37.574
1706146591.972180,1706581.000,20194,1,TH,1,100,37.574
1706146592.105180,1706714.000,20213,1,TH,1,100,37.555
1706146592.239180,1706848.000,20245,1,TH,1,100,37.555
1706146592.372180,1706981.000,20261,1,TH,1,100,37.639
1706146592.505180,1707114.000,20278,1,TH,1,100,37.639
1706146592.639180,1707248.000,20310,1,TH,1,100,37.613
1706146592.772180,1707381.000,20328,1,TH,1,100,37.613
1706146592.905180,1707514.000,20345,1,TH,1,100,37.469
1706146593.038180,1707647.000,20364,1,TH,1,100,37.469
1706146593.172180,1707781.000,20395,1,TH,1,100,37.651
1706146593.305180,1707914.000,20413,1,TH,1,100,37.651
1706146593.438180,1708047.000,20429,1,TH,1,100,37.599
1706146593.572180,1708181.000,20465,1,TH,1,100,37.599
1706146593.705180,1708314.000,20482,1,TH,1,100,37.623
1706146593.839180,1708448.000,20498,1,TH,1,100,37.623
1706146593.972180,1708581.000,20530,1,TH,1,100,37.539
1706146594.105180,1708714.000,20549,1,TH,1,100,37.539
1706146594.238180,1708847.000,20565,1,TH,1,100,37.588
1706146594.372180,1708981.000,20599,1,TH,1,100,37.588
1706146594.505180,1709114.000,20616,1,TH,1,100,37.518
1706146594.638180,1709247.000,20633,1,TH,1,100,37.525
1706146594.772180,1709381.000,20666,1,TH,1,100,37.602
1706146594.905180,1709514.000,20684,1,TH,1,100,37.595
1706146595.038180,1709647.000,20700,1,TH,1,100,37.557
1706146595.172180,1709781.000,20719,1,TH,1,100,37.565
1706146595.305180,1709914.000,20751,1,TH,1,100,37.523
1706146595.438180,1710047.000,20767,1,TH,1,100,37.523
1706146595.572180,1710181.000,20786,1,TH,1,100,37.590
1706146595.705180,1710314.000,20818,1,TH,1,100,37.590
1706146595.838180,1710447.000,20836,1,TH,1,100,37.551
1706146595.971180,1710580.000,20854,1,TH,1,100,37.551
1706146596.105180,1710714.000,20887,1,TH,1,100,37.637
1706146596.238180,1710847.000,20903,1,TH,1,100,37.637
1706146596.372180,1710981.000,20921,1,TH,1,100,37.523
1706146596.505180,1711114.000,20960,2,TH,1,100,37.523
1706146596.638180,1711247.000,20960,2,TH,1,100,37.581
1706146596.771179,1711380.000,20995,1,TH,1,100,37.581
1706146596.905180,1711514.000,21012,1,TH,1,100,37.579
1706146597.038180,1711647.000,21029,1,TH,1,100,37.579
1706146597.171180,1711780.000,21060,1,TH,1,100,37.588
1706146597.305180,1711914.000,21078,1,TH,1,100,37.588
1706146597.438179,1712047.000,21096,1,TH,1,100,37.565
1706146597.571179,1712180.000,21113,1,TH,1,100,37.565
1706146597.705179,1712314.000,21145,1,TH,1,100,37.574
1706146597.838180,1712447.000,21161,1,TH,1,100,37.574
1706146597.971179,1712580.000,21179,1,TH,1,100,37.602
1706146598.105180,1712714.000,21212,1,TH,1,100,37.602
1706146598.238179,1712847.000,21230,1,TH,1,100,37.651
1706146598.371179,1712980.000,21248,1,TH,1,100,37.651
1706146598.505179,1713114.000,21279,1,TH,1,100,37.551
1706146598.638180,1713247.000,21296,1,TH,1,100,37.551
