LocalTimestamp,EmotiBitTimestamp,PacketNumber,DataLength,TypeTag,ProtocolVersion,DataReliability,T1
1706146185.997097,1300607.000,18830,1,T1,1,100,36.940
1706146186.130095,1300740.000,18847,1,T1,1,100,36.903
1706146186.263094,1300873.000,18878,1,T1,1,100,36.923
1706146186.397092,1301007.000,18895,1,T1,1,100,36.931
1706146186.530091,1301140.000,18912,1,T1,1,100,36.935
1706146186.663089,1301273.000,18946,1,T1,1,100,36.936
1706146186.796088,1301406.000,18962,1,T1,1,100,36.902
1706146186.930086,1301540.000,18984,1,T1,1,100,36.851
1706146187.063085,1301673.000,19016,1,T1,1,100,36.865
1706146187.196083,1301806.000,19032,1,T1,1,100,36.906
1706146187.330082,1301940.000,19050,1,T1,1,100,36.888
1706146187.463080,1302073.000,19068,1,T1,1,100,36.916
1706146187.596079,1302206.000,19099,1,T1,1,100,36.928
1706146187.730077,1302340.000,19117,1,T1,1,100,36.898
1706146187.863076,1302473.000,19133,1,T1,1,100,36.956
1706146187.996074,1302606.000,19165,1,T1,1,100,37.016
1706146188.130073,1302740.000,19184,1,T1,1,100,36.830
1706146188.263071,1302873.000,19200,1,T1,1,100,36.785
1706146188.396070,1303006.000,19232,1,T1,1,100,36.836
1706146188.530068,1303140.000,19249,1,T1,1,100,36.929
1706146188.663067,1303273.000,19266,1,T1,1,100,36.969
1706146188.796065,1303406.000,19297,1,T1,1,100,36.916
1706146188.930064,1303540.000,19314,1,T1,1,100,36.857
1706146189.063062,1303673.000,19331,1,T1,1,100,36.903
1706146189.196061,1303806.000,19364,1,T1,1,100,36.958
1706146189.330059,1303940.000,19382,1,T1,1,100,36.840
1706146189.463058,1304073.000,19398,1,T1,1,100,36.931
1706146189.596056,1304206.000,19415,1,T1,1,100,36.970
1706146189.730055,1304340.000,19447,1,T1,1,100,36.810
1706146189.863053,1304473.000,19465,1,T1,1,100,36.918
1706146189.996052,1304606.000,19485,1,T1,1,100,36.964
1706146190.129050,1304739.000,19516,1,T1,1,100,36.914
1706146190.263049,1304873.000,19532,1,T1,1,100,36.927
1706146190.396047,1305006.000,19550,1,T1,1,100,36.968
1706146190.529046,1305139.000,19581,1,T1,1,100,36.845
1706146190.663044,1305273.000,19600,1,T1,1,100,36.933
1706146190.796042,1305406.000,19617,1,T1,1,100,36.971
1706146190.929041,1305539.000,19649,1,T1,1,100,36.952
1706146191.063040,1305673.000,19665,1,T1,1,100,36.802
1706146191.196038,1305806.000,19682,1,T1,1,100,36.985
1706146191.329036,1305939.000,19714,1,T1,1,100,36.958
1706146191.463035,1306073.000,19732,1,T1,1,100,36.876
1706146191.596033,1306206.000,19749,1,T1,1,100,36.946
1706146191.729032,1306339.000,19768,1,T1,1,100,36.906
1706146191.863030,1306473.000,19799,1,T1,1,100,36.853
1706146191.996029,1306606.000,19820,1,T1,1,100,36.972
1706146192.129027,1306739.000,19837,1,T1,1,100,36.881
1706146192.263026,1306873.000,19853,1,T1,1,100,36.878
1706146192.396024,1307006.000,19873,1,T1,1,100,36.876
1706146192.529023,1307139.000,19904,1,T1,1,100,37.017
1706146192.663021,1307273.000,19921,1,T1,1,100,36.937
1706146192.796020,1307406.000,19938,1,T1,1,100,36.973
1706146192.929018,1307539.000,19970,1,T1,1,100,36.953
1706146193.063017,1307673.000,19988,1,T1,1,100,36.909
1706146193.196015,1307806.000,20005,1,T1,1,100,36.890
1706146193.329014,1307939.000,20037,1,T1,1,100,36.952
1706146193.462012,1308072.000,20053,1,T1,1,100,36.944
1706146193.596011,1308206.000,20070,1,T1,1,100,36.976
1706146193.729009,1308339.000,20087,1,T1,1,100,36.989
1706146193.862008,1308472.000,20120,1,T1,1,100,36.960
1706146193.996006,1308606.000,20138,1,T1,1,100,36.947
1706146194.129005,1308739.000,20154,1,T1,1,100,36.977
1706146194.262003,1308872.000,20186,1,T1,1,100,36.919
1706146194.396002,1309006.000,20203,1,T1,1,100,36.965
1706146194.529000,1309139.000,20219,1,T1,1,100,36.914
1706146194.661999,1309272.000,20253,1,T1,1,100,36.927
1706146194.795997,1309406.000,20270,1,T1,1,100,36.898
1706146194.928996,1309539.000,20286,1,T1,1,100,36.849
1706146195.061994,1309672.000,20318,1,T1,1,100,36.864
1706146195.195992,1309806.000,20335,1,T1,1,100,36.835
1706146195.328991,1309939.000,20352,1,T1,1,100,36.928
1706146195.461990,1310072.000,20385,1,T1,1,100,37.005
1706146195.595988,1310206.000,20402,1,T1,1,100,36.860
1706146195.728987,1310339.000,20419,1,T1,1,100,36.904
1706146195.861985,1310472.000,20450,1,T1,1,100,36.888
1706146195.995983,1310606.000,20468,1,T1,1,100,36.880
1706146196.128982,1310739.000,20484,1,T1,1,100,36.913
1706146196.261981,1310872.000,20501,1,T1,1,100,36.891
1706146196.395979,1311006.000,20535,1,T1,1,100,36.847
1706146196.528977,1311139.000,20551,1,T1,1,100,36.863
1706146196.661976,1311272.000,20569,1,T1,1,100,36.905
1706146196.794974,1311405.000,20602,1,T1,1,100,36.817
1706146196.928973,1311539.000,20618,1,T1,1,100,36.815
1706146197.061971,1311672.000,20636,1,T1,1,100,36.884
1706146197.194970,1311805.000,20660,1,T1,1,100,36.844
1706146197.328968,1311939.000,20677,1,T1,1,100,36.897
1706146197.461967,1312072.000,20708,1,T1,1,100,36.991
1706146197.594965,1312205.000,20725,1,T1,1,100,36.925
1706146197.728964,1312339.000,20742,1,T1,1,100,36.932
1706146197.861962,1312472.000,20773,1,T1,1,100,37.006
1706146197.994961,1312605.000,20793,1,T1,1,100,36.861
1706146198.128959,1312739.000,20809,1,T1,1,100,36.833
1706146198.261958,1312872.000,20841,1,T1,1,100,36.892
1706146198.394956,1313005.000,20858,1,T1,1,100,36.918
1706146198.528955,1313139.000,20874,1,T1,1,100,37.000
1706146198.661953,1313272.000,20906,1,T1,1,100,36.965
1706146198.794952,1313405.000,20925,1,T1,1,100,36.914
1706146198.928950,1313539.000,20941,1,T1,1,100,36.856
1706146199.061949,1313672.000,20959,1,T1,1,100,36.938
1706146199.194947,1313805.000,20990,1,T1,1,100,36.938
1706146199.328946,1313939.000,21007,1,T1,1,100,36.938
1706146199.461944,1314072.000,21024,1,T1,1,100,36.938
1706146199.594943,1314205.000,21058,1,T1,1,100,36.902
1706146199.728941,1314339.000,21074,1,T1,1,100,36.958
1706146199.861940,1314472.000,21091,1,T1,1,100,36.911
1706146199.994938,1314605.000,21123,1,T1,1,100,36.890
1706146200.127937,1314738.000,21139,1,T1,1,100,36.882
1706146200.261935,1314872.000,21156,1,T1,1,100,36.949
1706146200.394933,1315005.000,21190,1,T1,1,100,36.978
1706146200.528932,1315139.000,21206,1,T1,1,100,36.920
1706146200.661931,1315272.000,21224,1,T1,1,100,36.965
1706146200.794929,1315405.000,21255,1,T1,1,100,36.949
1706146200.927927,1315538.000,21271,1,T1,1,100,36.907
1706146201.061926,1315672.000,21289,1,T1,1,100,37.031
1706146201.194925,1315805.000,21305,1,T1,1,100,36.942
1706146201.327923,1315938.000,21339,1,T1,1,100,36.940
1706146201.461921,1316072.000,21356,1,T1,1,100,36.938
1706146201.594920,1316205.000,21372,1,T1,1,100,36.973
1706146201.727918,1316338.000,21406,1,T1,1,100,36.953
1706146201.861917,1316472.000,21423,1,T1,1,100,36.980
1706146201.994915,1316605.000,21442,1,T1,1,100,37.098
1706146202.127914,1316738.000,21473,1,T1,1,100,36.829
1706146202.261912,1316872.000,21496,1,T1,1,100,36.855
1706146202.394911,1317005.000,21512,1,T1,1,100,36.973
1706146202.527909,1317138.000,21529,1,T1,1,100,37.024
1706146202.661908,1317272.000,21546,1,T1,1,100,37.046
1706146202.794906,1317405.000,21577,1,T1,1,100,36.984
1706146202.927905,1317538.000,21596,1,T1,1,100,36.887
1706146203.061903,1317672.000,21613,1,T1,1,100,36.951
1706146203.194902,1317805.000,21644,1,T1,1,100,36.943
1706146203.327900,1317938.000,21662,1,T1,1,100,36.940
1706146203.460899,1318071.000,21678,1,T1,1,100,37.045
1706146203.594897,1318205.000,21710,1,T1,1,100,36.984
1706146203.727896,1318338.000,21727,1,T1,1,100,37.029
1706146203.860894,1318471.000,21745,1,T1,1,100,36.941
1706146203.994893,1318605.000,21777,1,T1,1,100,36.939
1706146204.127891,1318738.000,21794,1,T1,1,100,37.009
1706146204.260890,1318871.000,21810,1,T1,1,100,36.933
1706146204.394888,1319005.000,21828,1,T1,1,100,37.006
1706146204.527887,1319138.000,21859,1,T1,1,100,37.038
1706146204.660885,1319271.000,21876,1,T1,1,100,36.910
1706146204.794884,1319405.000,21895,1,T1,1,100,36.926
1706146204.927882,1319538.000,21927,1,T1,1,100,37.039
1706146205.060881,1319671.000,21943,1,T1,1,100,37.052
1706146205.194879,1319805.000,21960,1,T1,1,100,37.094
1706146205.327878,1319938.000,21992,1,T1,1,100,37.111
1706146205.460876,1320071.000,22010,1,T1,1,100,37.013
1706146205.594875,1320205.000,22027,1,T1,1,100,37.006
1706146205.727873,1320338.000,22059,1,T1,1,100,37.038
1706146205.860872,1320471.000,22075,1,T1,1,100,36.981
1706146205.994870,1320605.000,22093,1,T1,1,100,37.098
1706146206.127868,1320738.000,22124,1,T1,1,100,37.078
1706146206.260867,1320871.000,22140,1,T1,1,100,36.998
1706146206.394866,1321005.000,22160,1,T1,1,100,36.999
1706146206.527864,1321138.000,22176,1,T1,1,100,37.035
1706146206.660862,1321271.000,22208,1,T1,1,100,37.051
1706146206.793861,1321404.000,22227,1,T1,1,100,37.093
1706146206.927859,1321538.000,22243,1,T1,1,100,37.111
1706146207.060858,1321671.000,22275,1,T1,1,100,37.048
1706146207.193856,1321804.000,22292,1,T1,1,100,36.950
1706146207.327855,1321938.000,22311,1,T1,1,100,36.943
1706146207.460853,1322071.000,22333,1,T1,1,100,36.975
1706146207.593852,1322204.000,22349,1,T1,1,100,37.025
1706146207.727850,1322338.000,22381,1,T1,1,100,36.975
1706146207.860849,1322471.000,22398,1,T1,1,100,36.989
1706146207.993847,1322604.000,22415,1,T1,1,100,36.995
1706146208.127846,1322738.000,22448,1,T1,1,100,37.033
1706146208.260844,1322871.000,22465,1,T1,1,100,37.121
1706146208.393843,1323004.000,22482,1,T1,1,100,37.052
1706146208.527841,1323138.000,22513,1,T1,1,100,37.058
1706146208.660840,1323271.000,22531,1,T1,1,100,37.061
1706146208.793838,1323404.000,22547,1,T1,1,100,37.026
1706146208.927837,1323538.000,22581,1,T1,1,100,37.153
1706146209.060835,1323671.000,22598,1,T1,1,100,37.102
1706146209.193834,1323804.000,22614,1,T1,1,100,37.009
1706146209.327832,1323938.000,22646,1,T1,1,100,37.110
1706146209.460831,1324071.000,22663,1,T1,1,100,37.154
1706146209.593829,1324204.000,22679,1,T1,1,100,37.138
1706146209.727828,1324338.000,22697,1,T1,1,100,37.095
1706146209.860826,1324471.000,22730,1,T1,1,100,37.041
1706146209.993825,1324604.000,22747,1,T1,1,100,37.018
1706146210.126823,1324737.000,22764,1,T1,1,100,37.114
1706146210.260822,1324871.000,22796,1,T1,1,100,37.085
1706146210.393820,1325004.000,22812,1,T1,1,100,37.001
1706146210.526819,1325137.000,22829,1,T1,1,100,36.965
1706146210.660817,1325271.000,22861,1,T1,1,100,37.091
1706146210.793816,1325404.000,22879,1,T1,1,100,37.039
1706146210.926814,1325537.000,22896,1,T1,1,100,37.088
1706146211.060812,1325671.000,22928,1,T1,1,100,37.038
1706146211.193811,1325804.000,22944,1,T1,1,100,37.087
1706146211.326809,1325937.000,22962,1,T1,1,100,37.073
1706146211.460808,1326071.000,22978,1,T1,1,100,37.174
1706146211.593807,1326204.000,23012,1,T1,1,100,37.217
1706146211.726805,1326337.000,23031,1,T1,1,100,37.129
1706146211.860803,1326471.000,23047,1,T1,1,100,37.198
1706146211.993802,1326604.000,23079,1,T1,1,100,37.121
1706146212.126800,1326737.000,23096,1,T1,1,100,37.052
1706146212.260799,1326871.000,23112,1,T1,1,100,37.058
1706146212.393797,1327004.000,23146,1,T1,1,100,37.061
1706146212.526796,1327137.000,23170,1,T1,1,100,37.062
1706146212.660794,1327271.000,23187,1,T1,1,100,37.204
1706146212.793793,1327404.000,23204,1,T1,1,100,37.230
1706146212.926791,1327537.000,23236,1,T1,1,100,37.064
1706146213.060790,1327671.000,23252,1,T1,1,100,37.063
1706146213.193788,1327804.000,23269,1,T1,1,100,37.027
1706146213.326787,1327937.000,23303,1,T1,1,100,37.083
1706146213.459785,1328070.000,23319,1,T1,1,100,37.107
1706146213.593784,1328204.000,23336,1,T1,1,100,37.188
1706146213.726782,1328337.000,23368,1,T1,1,100,37.117
1706146213.859781,1328470.000,23384,1,T1,1,100,37.121
1706146213.993779,1328604.000,23402,1,T1,1,100,37.159
1706146214.126778,1328737.000,23418,1,T1,1,100,37.033
1706146214.259776,1328870.000,23452,1,T1,1,100,37.121
1706146214.393775,1329004.000,23469,1,T1,1,100,37.123
1706146214.526773,1329137.000,23485,1,T1,1,100,37.089
1706146214.659772,1329270.000,23517,1,T1,1,100,37.003
1706146214.793770,1329404.000,23534,1,T1,1,100,37.072
1706146214.926769,1329537.000,23550,1,T1,1,100,36.996
1706146215.059767,1329670.000,23584,1,T1,1,100,37.105
1706146215.193766,1329804.000,23601,1,T1,1,100,37.116
1706146215.326764,1329937.000,23618,1,T1,1,100,37.192
1706146215.459763,1330070.000,23649,1,T1,1,100,37.083
1706146215.593761,1330204.000,23666,1,T1,1,100,37.071
1706146215.726760,1330337.000,23683,1,T1,1,100,37.137
1706146215.859758,1330470.000,23700,1,T1,1,100,37.130
1706146215.993757,1330604.000,23734,1,T1,1,100,37.163
1706146216.126755,1330737.000,23750,1,T1,1,100,37.141
1706146216.259753,1330870.000,23767,1,T1,1,100,37.132
1706146216.393752,1331004.000,23799,1,T1,1,100,37.164
1706146216.526751,1331137.000,23817,1,T1,1,100,37.142
1706146216.659749,1331270.000,23835,1,T1,1,100,37.168
1706146216.792747,1331403.000,23868,1,T1,1,100,37.143
1706146216.926746,1331537.000,23884,1,T1,1,100,37.098
1706146217.059744,1331670.000,23902,1,T1,1,100,37.113
1706146217.192743,1331803.000,23933,1,T1,1,100,37.226
1706146217.326741,1331937.000,23950,1,T1,1,100,37.240
1706146217.459740,1332070.000,23967,1,T1,1,100,37.175
1706146217.593238,1332203.500,23992,2,T1,1,100,37.146
1706146217.726737,1332337.000,23992,2,T1,1,100,37.170
1706146217.859735,1332470.000,24023,1,T1,1,100,37.180
1706146217.992734,1332603.000,24040,1,T1,1,100,37.113
1706146218.126732,1332737.000,24057,1,T1,1,100,37.120
1706146218.259731,1332870.000,24089,1,T1,1,100,37.158
1706146218.392729,1333003.000,24105,1,T1,1,100,37.175
1706146218.526728,1333137.000,24122,1,T1,1,100,37.076
1706146218.659726,1333270.000,24156,1,T1,1,100,36.997
1706146218.792725,1333403.000,24172,1,T1,1,100,37.247
1706146218.926723,1333537.000,24189,1,T1,1,100,37.249
1706146219.059722,1333670.000,24221,1,T1,1,100,37.179
1706146219.192720,1333803.000,24237,1,T1,1,100,37.113
1706146219.326719,1333937.000,24255,1,T1,1,100,37.191
1706146219.459717,1334070.000,24273,1,T1,1,100,37.189
1706146219.592716,1334203.000,24304,1,T1,1,100,37.153
1706146219.726714,1334337.000,24322,1,T1,1,100,37.172
1706146219.859713,1334470.000,24338,1,T1,1,100,37.252
1706146219.992711,1334603.000,24370,1,T1,1,100,37.144
1706146220.126710,1334737.000,24389,1,T1,1,100,37.311
1706146220.259708,1334870.000,24405,1,T1,1,100,37.276
1706146220.392707,1335003.000,24437,1,T1,1,100,37.155
1706146220.525705,1335136.000,24454,1,T1,1,100,37.209
1706146220.659703,1335270.000,24471,1,T1,1,100,37.161
1706146220.792702,1335403.000,24502,1,T1,1,100,37.141
1706146220.925701,1335536.000,24521,1,T1,1,100,37.167
1706146221.059699,1335670.000,24538,1,T1,1,100,37.179
1706146221.192698,1335803.000,24569,1,T1,1,100,37.148
1706146221.325696,1335936.000,24587,1,T1,1,100,37.206
1706146221.459694,1336070.000,24603,1,T1,1,100,37.266
1706146221.592693,1336203.000,24635,1,T1,1,100,37.186
1706146221.725692,1336336.000,24656,1,T1,1,100,37.187
1706146221.859690,1336470.000,24672,1,T1,1,100,37.116
1706146221.992688,1336603.000,24689,1,T1,1,100,37.086
1706146222.125687,1336736.000,24721,1,T1,1,100,37.108
1706146222.259686,1336870.000,24737,1,T1,1,100,37.118
1706146222.392684,1337003.000,24755,1,T1,1,100,37.122
1706146222.525682,1337136.000,24786,1,T1,1,100,37.230
1706146222.659681,1337270.000,24805,1,T1,1,100,37.241
1706146222.792679,1337403.000,24827,1,T1,1,100,37.175
1706146222.925678,1337536.000,24859,1,T1,1,100,37.182
1706146223.059676,1337670.000,24875,1,T1,1,100,37.150
1706146223.192675,1337803.000,24892,1,T1,1,100,37.136
1706146223.325673,1337936.000,24924,1,T1,1,100,37.307
1706146223.458672,1338069.000,24942,1,T1,1,100,37.275
1706146223.592670,1338203.000,24959,1,T1,1,100,37.261
1706146223.725669,1338336.000,24991,1,T1,1,100,37.184
1706146223.858667,1338469.000,25007,1,T1,1,100,37.292
1706146223.992666,1338603.000,25025,1,T1,1,100,37.197
1706146224.125664,1338736.000,25041,1,T1,1,100,37.121
1706146224.258663,1338869.000,25072,1,T1,1,100,37.194
1706146224.392661,1339003.000,25092,1,T1,1,100,37.226
1706146224.525660,1339136.000,25108,1,T1,1,100,37.169
1706146224.658658,1339269.000,25140,1,T1,1,100,37.179
1706146224.792657,1339403.000,25157,1,T1,1,100,37.149
1706146224.925655,1339536.000,25173,1,T1,1,100,37.135
1706146225.058654,1339669.000,25205,1,T1,1,100,37.165
1706146225.192652,1339803.000,25222,1,T1,1,100,37.284
1706146225.325651,1339936.000,25241,1,T1,1,100,37.194
1706146225.458649,1340069.000,25274,1,T1,1,100,37.190
1706146225.592648,1340203.000,25291,1,T1,1,100,37.118
1706146225.725646,1340336.000,25308,1,T1,1,100,37.157
1706146225.858644,1340469.000,25339,1,T1,1,100,37.281
1706146225.992643,1340603.000,25357,1,T1,1,100,37.334
1706146226.125642,1340736.000,25375,1,T1,1,100,37.251
1706146226.258640,1340869.000,25394,1,T1,1,100,37.250
1706146226.392638,1341003.000,25426,1,T1,1,100,37.215
1706146226.525637,1341136.000,25442,1,T1,1,100,37.093
1706146226.658636,1341269.000,25460,1,T1,1,100,37.182
1706146226.791634,1341402.000,25493,1,T1,1,100,37.185
1706146226.925632,1341536.000,25509,1,T1,1,100,37.222
1706146227.058631,1341669.000,25527,1,T1,1,100,37.309
1706146227.191629,1341802.000,25560,1,T1,1,100,37.169
1706146227.325628,1341936.000,25577,1,T1,1,100,37.109
1706146227.458627,1342069.000,25594,1,T1,1,100,37.260
1706146227.591625,1342202.000,25626,1,T1,1,100,37.254
1706146227.725623,1342336.000,25642,1,T1,1,100,37.145
1706146227.858622,1342469.000,25664,1,T1,1,100,37.134
1706146227.991620,1342602.000,25698,1,T1,1,100,37.235
1706146228.125619,1342736.000,25714,1,T1,1,100,37.244
1706146228.258617,1342869.000,25731,1,T1,1,100,37.105
1706146228.391616,1343002.000,25748,1,T1,1,100,37.152
1706146228.525614,1343136.000,25779,1,T1,1,100,37.243
1706146228.658613,1343269.000,25797,1,T1,1,100,37.176
1706146228.791611,1343402.000,25813,1,T1,1,100,37.218
1706146228.925610,1343536.000,25847,1,T1,1,100,37.236
1706146229.058608,1343669.000,25866,1,T1,1,100,37.138
1706146229.191607,1343802.000,25882,1,T1,1,100,37.237
1706146229.325605,1343936.000,25916,1,T1,1,100,37.315
1706146229.458604,1344069.000,25933,1,T1,1,100,37.207
1706146229.591602,1344202.000,25949,1,T1,1,100,37.196
1706146229.724601,1344335.000,25985,1,T1,1,100,37.262
1706146229.858599,1344469.000,26002,1,T1,1,100,37.184
1706146229.991598,1344602.000,26019,1,T1,1,100,37.328
1706146230.124596,1344735.000,26050,1,T1,1,100,37.390
1706146230.258595,1344869.000,26067,1,T1,1,100,37.311
1706146230.391593,1345002.000,26084,1,T1,1,100,37.312
1706146230.524592,1345135.000,26103,1,T1,1,100,37.277
1706146230.658590,1345269.000,26135,1,T1,1,100,37.191
1706146230.791589,1345402.000,26151,1,T1,1,100,37.260
1706146230.924587,1345535.000,26168,1,T1,1,100,37.254
1706146231.058586,1345669.000,26200,1,T1,1,100,37.181
1706146231.191584,1345802.000,26216,1,T1,1,100,37.256
1706146231.324583,1345935.000,26234,1,T1,1,100,37.323
1706146231.458581,1346069.000,26267,1,T1,1,100,37.211
1706146231.591579,1346202.000,26283,1,T1,1,100,37.269
1706146231.724578,1346335.000,26303,1,T1,1,100,37.293
1706146231.858577,1346469.000,26334,1,T1,1,100,37.375
1706146231.991575,1346602.000,26351,1,T1,1,100,37.269
1706146232.124573,1346735.000,26370,1,T1,1,100,37.364
1706146232.258572,1346869.000,26402,1,T1,1,100,37.370
1706146232.391570,1347002.000,26418,1,T1,1,100,37.196
1706146232.524569,1347135.000,26435,1,T1,1,100,37.368
1706146232.658567,1347269.000,26451,1,T1,1,100,37.408
1706146232.791566,1347402.000,26483,1,T1,1,100,37.283
1706146232.924564,1347535.000,26508,2,T1,1,100,37.229
1706146233.057563,1347668.000,26508,2,T1,1,100,37.276
1706146233.191561,1347802.000,26539,1,T1,1,100,37.261
1706146233.324560,1347935.000,26557,1,T1,1,100,37.326
1706146233.458558,1348069.000,26573,1,T1,1,100,37.389
1706146233.591557,1348202.000,26605,1,T1,1,100,37.310
1706146233.724555,1348335.000,26622,1,T1,1,100,37.312
1706146233.858554,1348469.000,26640,1,T1,1,100,37.206
1706146233.991552,1348602.000,26672,1,T1,1,100,37.195
1706146234.124551,1348735.000,26689,1,T1,1,100,37.155
1706146234.258549,1348869.000,26707,1,T1,1,100,37.209
1706146234.391548,1349002.000,26739,1,T1,1,100,37.232
1706146234.524546,1349135.000,26756,1,T1,1,100,37.384
1706146234.657545,1349268.000,26773,1,T1,1,100,37.344
1706146234.791543,1349402.000,26792,1,T1,1,100,37.184
1706146234.924542,1349535.000,26823,1,T1,1,100,37.221
1706146235.057540,1349668.000,26840,1,T1,1,100,37.273
1706146235.191539,1349802.000,26857,1,T1,1,100,37.295
1706146235.324537,1349935.000,26889,1,T1,1,100,37.341
1706146235.457536,1350068.000,26905,1,T1,1,100,37.396
1706146235.591534,1350202.000,26922,1,T1,1,100,37.313
1706146235.724533,1350335.000,26956,1,T1,1,100,37.384
1706146235.857531,1350468.000,26972,1,T1,1,100,37.450
1706146235.991529,1350602.000,26990,1,T1,1,100,37.443
1706146236.124528,1350735.000,27021,1,T1,1,100,37.227
1706146236.257527,1350868.000,27037,1,T1,1,100,37.240
1706146236.391525,1351002.000,27055,1,T1,1,100,37.281
1706146236.524523,1351135.000,27086,1,T1,1,100,37.263
1706146236.657522,1351268.000,27103,1,T1,1,100,37.398
1706146236.790520,1351401.000,27122,1,T1,1,100,37.314
1706146236.924519,1351535.000,27140,1,T1,1,100,37.278
1706146237.057518,1351668.000,27172,1,T1,1,100,37.404
1706146237.190516,1351801.000,27191,1,T1,1,100,37.423
1706146237.324514,1351935.000,27208,1,T1,1,100,37.218
1706146237.457513,1352068.000,27239,1,T1,1,100,37.272
1706146237.590511,1352201.000,27256,1,T1,1,100,37.366
1706146237.724510,1352335.000,27273,1,T1,1,100,37.194
1706146237.857508,1352468.000,27304,1,T1,1,100,37.332
1706146237.990507,1352601.000,27322,1,T1,1,100,37.321
1706146238.124505,1352735.000,27342,1,T1,1,100,37.245
1706146238.257504,1352868.000,27360,1,T1,1,100,37.319
1706146238.390502,1353001.000,27378,1,T1,1,100,37.351
1706146238.524501,1353135.000,27409,1,T1,1,100,37.329
1706146238.657499,1353268.000,27426,1,T1,1,100,37.355
1706146238.790498,1353401.000,27443,1,T1,1,100,37.366
1706146238.924496,1353535.000,27475,1,T1,1,100,37.229
1706146239.057495,1353668.000,27493,1,T1,1,100,37.241
1706146239.190493,1353801.000,27510,1,T1,1,100,37.282
1706146239.324492,1353935.000,27542,1,T1,1,100,37.264
1706146239.457490,1354068.000,27558,1,T1,1,100,37.362
1706146239.590489,1354201.000,27577,1,T1,1,100,37.369
1706146239.724487,1354335.000,27611,1,T1,1,100,37.160
1706146239.857486,1354468.000,27627,1,T1,1,100,37.317
1706146239.990484,1354601.000,27645,1,T1,1,100,37.315
1706146240.124483,1354735.000,27678,1,T1,1,100,37.420
1706146240.257481,1354868.000,27696,1,T1,1,100,37.394
1706146240.390480,1355001.000,27714,1,T1,1,100,37.419
1706146240.523478,1355134.000,27732,1,T1,1,100,37.359
1706146240.657477,1355268.000,27766,1,T1,1,100,37.297
1706146240.790475,1355401.000,27785,1,T1,1,100,37.448
1706146240.923474,1355534.000,27801,1,T1,1,100,37.442
1706146241.057472,1355668.000,27833,1,T1,1,100,37.333
1706146241.190471,1355801.000,27850,1,T1,1,100,37.357
1706146241.323469,1355934.000,27867,1,T1,1,100,37.367
1706146241.457468,1356068.000,27898,1,T1,1,100,37.265
1706146241.590466,1356201.000,27915,1,T1,1,100,37.363
1706146241.723464,1356334.000,27936,1,T1,1,100,37.370
1706146241.857463,1356468.000,27953,1,T1,1,100,37.302
1706146241.990462,1356601.000,27985,1,T1,1,100,37.308
1706146242.123460,1356734.000,28001,1,T1,1,100,37.346
1706146242.257458,1356868.000,28018,1,T1,1,100,37.292
1706146242.390457,1357001.000,28052,1,T1,1,100,37.268
1706146242.523455,1357134.000,28068,1,T1,1,100,37.364
1706146242.657454,1357268.000,28086,1,T1,1,100,37.335
1706146242.790452,1357401.000,28117,1,T1,1,100,37.393
1706146242.923451,1357534.000,28133,1,T1,1,100,37.418
1706146243.057449,1357668.000,28151,1,T1,1,100,37.287
1706146243.190448,1357801.000,28189,1,T1,1,100,37.408
1706146243.323446,1357934.000,28208,1,T1,1,100,37.425
1706146243.456445,1358067.000,28225,1,T1,1,100,37.326
1706146243.590443,1358201.000,28257,1,T1,1,100,37.283
1706146243.723442,1358334.000,28273,1,T1,1,100,37.300
1706146243.856440,1358467.000,28290,1,T1,1,100,37.271
1706146243.990439,1358601.000,28322,1,T1,1,100,37.330
1706146244.123437,1358734.000,28338,1,T1,1,100,37.391
1706146244.256436,1358867.000,28355,1,T1,1,100,37.453
1706146244.390434,1359001.000,28374,1,T1,1,100,37.267
1706146244.523433,1359134.000,28405,1,T1,1,100,37.435
1706146244.656431,1359267.000,28423,1,T1,1,100,37.330
1706146244.790430,1359401.000,28439,1,T1,1,100,37.320
1706146244.923428,1359534.000,28473,1,T1,1,100,37.351
1706146245.056427,1359667.000,28490,1,T1,1,100,37.365
1706146245.190425,1359801.000,28506,1,T1,1,100,37.441
1706146245.323424,1359934.000,28538,1,T1,1,100,37.404
1706146245.456422,1360067.000,28555,1,T1,1,100,37.423
1706146245.590421,1360201.000,28571,1,T1,1,100,37.396
1706146245.723419,1360334.000,28605,1,T1,1,100,37.384
1706146245.856418,1360467.000,28624,1,T1,1,100,37.343
1706146245.990416,1360601.000,28641,1,T1,1,100,37.361
1706146246.123415,1360734.000,28672,1,T1,1,100,37.405
1706146246.256413,1360867.000,28689,1,T1,1,100,37.388
1706146246.390412,1361001.000,28706,1,T1,1,100,37.310
1706146246.523410,1361134.000,28723,1,T1,1,100,37.418
1706146246.656409,1361267.000,28755,1,T1,1,100,37.393
1706146246.790407,1361401.000,28775,1,T1,1,100,37.418
1706146246.923405,1361534.000,28794,1,T1,1,100,37.429
1706146247.056404,1361667.000,28828,1,T1,1,100,37.398
1706146247.189403,1361800.000,28844,1,T1,1,100,37.279
1706146247.323401,1361934.000,28862,1,T1,1,100,37.369
1706146247.456399,1362067.000,28893,1,T1,1,100,37.337
1706146247.589398,1362200.000,28911,1,T1,1,100,37.288
1706146247.723397,1362334.000,28929,1,T1,1,100,37.479
1706146247.856395,1362467.000,28960,1,T1,1,100,37.491
1706146247.989393,1362600.000,28977,1,T1,1,100,37.354
1706146248.123392,1362734.000,28994,1,T1,1,100,37.437
1706146248.256390,1362867.000,29031,2,T1,1,100,37.402
1706146248.389389,1363000.000,29031,2,T1,1,100,37.564
1706146248.523387,1363134.000,29048,1,T1,1,100,37.421
1706146248.656386,1363267.000,29080,1,T1,1,100,37.360
1706146248.789384,1363400.000,29096,1,T1,1,100,37.333
1706146248.923383,1363534.000,29113,1,T1,1,100,37.250
1706146249.056381,1363667.000,29147,1,T1,1,100,37.392
1706146249.189380,1363800.000,29163,1,T1,1,100,37.382
1706146249.323378,1363934.000,29181,1,T1,1,100,37.307
1706146249.456377,1364067.000,29212,1,T1,1,100,37.310
1706146249.589375,1364200.000,29228,1,T1,1,100,37.347
1706146249.723374,1364334.000,29246,1,T1,1,100,37.292
1706146249.856372,1364467.000,29277,1,T1,1,100,37.375
1706146249.989371,1364600.000,29296,1,T1,1,100,37.410
1706146250.122369,1364733.000,29313,1,T1,1,100,37.355
1706146250.256368,1364867.000,29345,1,T1,1,100,37.402
1706146250.389366,1365000.000,29361,1,T1,1,100,37.351
1706146250.522365,1365133.000,29378,1,T1,1,100,37.365
1706146250.656363,1365267.000,29394,1,T1,1,100,37.441
1706146250.789362,1365400.000,29426,1,T1,1,100,37.475
1706146250.922360,1365533.000,29445,1,T1,1,100,37.347
1706146251.056359,1365667.000,29462,1,T1,1,100,37.398
1706146251.189357,1365800.000,29493,1,T1,1,100,37.456
1706146251.322356,1365933.000,29511,1,T1,1,100,37.446
1706146251.456354,1366067.000,29527,1,T1,1,100,37.370
1706146251.589353,1366200.000,29544,1,T1,1,100,37.373
1706146251.722351,1366333.000,29580,1,T1,1,100,37.410
1706146251.856349,1366467.000,29596,1,T1,1,100,37.390
1706146251.989348,1366600.000,29614,1,T1,1,100,37.452
1706146252.122346,1366733.000,29645,1,T1,1,100,37.408
1706146252.256345,1366867.000,29661,1,T1,1,100,37.460
1706146252.389344,1367000.000,29679,1,T1,1,100,37.447
1706146252.522342,1367133.000,29712,1,T1,1,100,37.477
1706146252.656340,1367267.000,29729,1,T1,1,100,37.419
1706146252.789339,1367400.000,29746,1,T1,1,100,37.501
1706146252.922338,1367533.000,29762,1,T1,1,100,37.358
1706146253.056336,1367667.000,29794,1,T1,1,100,37.297
1706146253.189334,1367800.000,29811,1,T1,1,100,37.377
1706146253.322333,1367933.000,29828,1,T1,1,100,37.340
1706146253.456331,1368067.000,29854,1,T1,1,100,37.360
1706146253.589330,1368200.000,29871,1,T1,1,100,37.404
1706146253.722328,1368333.000,29903,1,T1,1,100,37.423
1706146253.855327,1368466.000,29919,1,T1,1,100,37.360
1706146253.989325,1368600.000,29937,1,T1,1,100,37.369
1706146254.122324,1368733.000,29968,1,T1,1,100,37.372
1706146254.255322,1368866.000,29986,1,T1,1,100,37.303
1706146254.389321,1369000.000,30004,1,T1,1,100,37.415
1706146254.522319,1369133.000,30035,1,T1,1,100,37.463
1706146254.655318,1369266.000,30052,1,T1,1,100,37.342
1706146254.789316,1369400.000,30069,1,T1,1,100,37.503
1706146254.922315,1369533.000,30101,1,T1,1,100,37.324
1706146255.055313,1369666.000,30117,1,T1,1,100,37.317
1706146255.189312,1369800.000,30136,1,T1,1,100,37.386
1706146255.322310,1369933.000,30152,1,T1,1,100,37.344
1706146255.455309,1370066.000,30184,1,T1,1,100,37.326
1706146255.589307,1370200.000,30201,1,T1,1,100,37.283
1706146255.722306,1370333.000,30218,1,T1,1,100,37.406
1706146255.855304,1370466.000,30249,1,T1,1,100,37.388
1706146255.989303,1370600.000,30269,1,T1,1,100,37.452
1706146256.122301,1370733.000,30285,1,T1,1,100,37.479
1706146256.255300,1370866.000,30317,1,T1,1,100,37.456
1706146256.389298,1371000.000,30334,1,T1,1,100,37.339
1706146256.522297,1371133.000,30350,1,T1,1,100,37.288
1706146256.655295,1371266.000,30384,1,T1,1,100,37.338
1706146256.788294,1371399.000,30403,1,T1,1,100,37.359
1706146256.922292,1371533.000,30419,1,T1,1,100,37.368
1706146257.055290,1371666.000,30437,1,T1,1,100,37.443
1706146257.188289,1371799.000,30468,1,T1,1,100,37.369
1706146257.322288,1371933.000,30485,1,T1,1,100,37.266
1706146257.455286,1372066.000,30502,1,T1,1,100,37.363
1706146257.588284,1372199.000,30536,1,T1,1,100,37.334
1706146257.722283,1372333.000,30552,1,T1,1,100,37.357
1706146257.855281,1372466.000,30569,1,T1,1,100,37.332
1706146257.988280,1372599.000,30601,1,T1,1,100,37.356
1706146258.122278,1372733.000,30617,1,T1,1,100,37.296
1706146258.255277,1372866.000,30634,1,T1,1,100,37.305
1706146258.388275,1372999.000,30668,1,T1,1,100,37.416
1706146258.522274,1373133.000,30688,1,T1,1,100,37.464
1706146258.655272,1373266.000,30705,1,T1,1,100,37.378
1706146258.788271,1373399.000,30722,1,T1,1,100,37.412
1706146258.922269,1373533.000,30738,1,T1,1,100,37.355
1706146259.055268,1373666.000,30756,1,T1,1,100,37.402
1706146259.188266,1373799.000,30787,1,T1,1,100,37.351
1706146259.322265,1373933.000,30806,1,T1,1,100,37.365
1706146259.455263,1374066.000,30823,1,T1,1,100,37.441
1706146259.588262,1374199.000,30855,1,T1,1,100,37.404
1706146259.721260,1374332.000,30871,1,T1,1,100,37.494
1706146259.855259,1374466.000,30890,1,T1,1,100,37.462
1706146259.988257,1374599.000,30922,1,T1,1,100,37.342
1706146260.122256,1374733.000,30938,1,T1,1,100,37.431
1706146260.255254,1374866.000,30955,1,T1,1,100,37.541
1706146260.388253,1374999.000,30987,1,T1,1,100,37.411
1706146260.521251,1375132.000,31003,1,T1,1,100,37.426
1706146260.655250,1375266.000,31021,1,T1,1,100,37.362
1706146260.788248,1375399.000,31054,1,T1,1,100,37.369
1706146260.921247,1375532.000,31070,1,T1,1,100,37.408
1706146261.055245,1375666.000,31088,1,T1,1,100,37.425
1706146261.188244,1375799.000,31104,1,T1,1,100,37.467
1706146261.321242,1375932.000,31136,1,T1,1,100,37.415
1706146261.455240,1376066.000,31153,1,T1,1,100,37.357
1706146261.588239,1376199.000,31171,1,T1,1,100,37.296
1706146261.721238,1376332.000,31205,1,T1,1,100,37.305
1706146261.855236,1376466.000,31222,1,T1,1,100,37.380
1706146261.988235,1376599.000,31239,1,T1,1,100,37.377
1706146262.121233,1376732.000,31270,1,T1,1,100,37.411
1706146262.255232,1376866.000,31287,1,T1,1,100,37.320
1706146262.388230,1376999.000,31304,1,T1,1,100,37.422
1706146262.521229,1377132.000,31337,1,T1,1,100,37.324
1706146262.655227,1377266.000,31355,1,T1,1,100,37.424
1706146262.788225,1377399.000,31371,1,T1,1,100,37.467
1706146262.921224,1377532.000,31388,1,T1,1,100,37.486
1706146263.055223,1377666.000,31420,1,T1,1,100,37.529
1706146263.188221,1377799.000,31436,1,T1,1,100,37.477
1706146263.321219,1377932.000,31454,1,T1,1,100,37.384
1706146263.455218,1378066.000,31487,1,T1,1,100,37.414
1706146263.588216,1378199.000,31503,1,T1,1,100,37.357
1706146263.721215,1378332.000,31528,1,T1,1,100,37.367
1706146263.854213,1378465.000,31544,1,T1,1,100,37.336
1706146263.988212,1378599.000,31576,1,T1,1,100,37.358
1706146264.121210,1378732.000,31595,1,T1,1,100,37.226
1706146264.254209,1378865.000,31611,1,T1,1,100,37.240
1706146264.388207,1378999.000,31643,1,T1,1,100,37.423
1706146264.521206,1379132.000,31660,1,T1,1,100,37.396
1706146264.654204,1379265.000,31677,1,T1,1,100,37.348
1706146264.788203,1379399.000,31708,1,T1,1,100,37.470
1706146264.921201,1379532.000,31727,1,T1,1,100,37.416
1706146265.054200,1379665.000,31744,1,T1,1,100,37.357
1706146265.188198,1379799.000,31775,1,T1,1,100,37.438
1706146265.321197,1379932.000,31793,1,T1,1,100,37.438
1706146265.454195,1380065.000,31809,1,T1,1,100,37.367
1706146265.588194,1380199.000,31828,1,T1,1,100,37.442
1706146265.721192,1380332.000,31860,1,T1,1,100,37.369
1706146265.854191,1380465.000,31876,1,T1,1,100,37.372
1706146265.988189,1380599.000,31893,1,T1,1,100,37.445
1706146266.121188,1380732.000,31925,1,T1,1,100,37.547
1706146266.254186,1380865.000,31943,1,T1,1,100,37.414
1706146266.388185,1380999.000,31961,1,T1,1,100,37.463
1706146266.521183,1381132.000,31992,1,T1,1,100,37.413
1706146266.654182,1381265.000,32009,1,T1,1,100,37.321
1706146266.787180,1381398.000,32028,1,T1,1,100,37.493
1706146266.921179,1381532.000,32060,1,T1,1,100,37.426
1706146267.054177,1381665.000,32078,1,T1,1,100,37.326
1706146267.187176,1381798.000,32095,1,T1,1,100,37.389
1706146267.321174,1381932.000,32127,1,T1,1,100,37.381
1706146267.454173,1382065.000,32143,1,T1,1,100,37.307
1706146267.588171,1382199.000,32160,1,T1,1,100,37.310
1706146267.721169,1382332.000,32194,1,T1,1,100,37.382
1706146267.854168,1382465.000,32210,1,T1,1,100,37.343
1706146267.987166,1382598.000,32228,1,T1,1,100,37.361
1706146268.121165,1382732.000,32244,1,T1,1,100,37.333
1706146268.254164,1382865.000,32276,1,T1,1,100,37.322
1706146268.387162,1382998.000,32293,1,T1,1,100,37.387
1706146268.521160,1383132.000,32309,1,T1,1,100,37.380
1706146268.654159,1383265.000,32343,1,T1,1,100,37.519
1706146268.787157,1383398.000,32365,1,T1,1,100,37.437
1706146268.921156,1383532.000,32381,1,T1,1,100,37.437
1706146269.054154,1383665.000,32413,1,T1,1,100,37.437
1706146269.187153,1383798.000,32430,1,T1,1,100,37.331
1706146269.321151,1383932.000,32447,1,T1,1,100,37.533
1706146269.454150,1384065.000,32480,1,T1,1,100,37.514
1706146269.587148,1384198.000,32497,1,T1,1,100,37.506
1706146269.721147,1384332.000,32514,1,T1,1,100,37.432
1706146269.854145,1384465.000,32531,1,T1,1,100,37.470
1706146269.987144,1384598.000,32563,1,T1,1,100,37.452
1706146270.120142,1384731.000,32579,1,T1,1,100,37.373
1706146270.254141,1384865.000,32596,1,T1,1,100,37.516
1706146270.387139,1384998.000,32630,1,T1,1,100,37.400
1706146270.520138,1385131.000,32646,1,T1,1,100,37.421
1706146270.654136,1385265.000,32664,1,T1,1,100,37.537
1706146270.787135,1385398.000,32695,1,T1,1,100,37.410
1706146270.920133,1385531.000,32711,1,T1,1,100,37.390
1706146271.054132,1385665.000,32729,1,T1,1,100,37.452
1706146271.187130,1385798.000,32762,1,T1,1,100,37.444
1706146271.320129,1385931.000,32779,1,T1,1,100,37.476
1706146271.454127,1386065.000,32796,1,T1,1,100,37.490
1706146271.587126,1386198.000,32812,1,T1,1,100,37.425
1706146271.720124,1386331.000,32846,1,T1,1,100,37.467
1706146271.854123,1386465.000,32863,1,T1,1,100,37.450
1706146271.987121,1386598.000,32879,1,T1,1,100,37.408
1706146272.120120,1386731.000,32913,1,T1,1,100,37.460
1706146272.254118,1386865.000,32930,1,T1,1,100,37.341
1706146272.387116,1386998.000,32947,1,T1,1,100,37.396
1706146272.520115,1387131.000,32978,1,T1,1,100,37.455
1706146272.654114,1387265.000,32996,1,T1,1,100,37.480
1706146272.787112,1387398.000,33012,1,T1,1,100,37.492
1706146272.920110,1387531.000,33046,1,T1,1,100,37.390
1706146273.054109,1387665.000,33063,1,T1,1,100,37.452
1706146273.187108,1387798.000,33079,1,T1,1,100,37.479
1706146273.320106,1387931.000,33111,1,T1,1,100,37.349
1706146273.453104,1388064.000,33128,1,T1,1,100,37.293
1706146273.587103,1388198.000,33144,1,T1,1,100,37.481
1706146273.720101,1388331.000,33178,1,T1,1,100,37.492
1706146273.853600,1388464.500,33201,2,T1,1,100,37.603
1706146273.987098,1388598.000,33201,2,T1,1,100,37.509
1706146274.120097,1388731.000,33232,1,T1,1,100,37.362
1706146274.253095,1388864.000,33249,1,T1,1,100,37.547
1706146274.387094,1388998.000,33266,1,T1,1,100,37.414
1706146274.520092,1389131.000,33299,1,T1,1,100,37.321
1706146274.653091,1389264.000,33317,1,T1,1,100,37.316
1706146274.787089,1389398.000,33333,1,T1,1,100,37.420
1706146274.920088,1389531.000,33365,1,T1,1,100,37.324
1706146275.053086,1389664.000,33382,1,T1,1,100,37.317
1706146275.187085,1389798.000,33398,1,T1,1,100,37.386
1706146275.320083,1389931.000,33415,1,T1,1,100,37.238
1706146275.453082,1390064.000,33447,1,T1,1,100,37.351
1706146275.587080,1390198.000,33463,1,T1,1,100,37.436
1706146275.720079,1390331.000,33481,1,T1,1,100,37.437
1706146275.853077,1390464.000,33512,1,T1,1,100,37.437
1706146275.987076,1390598.000,33529,1,T1,1,100,37.473
1706146276.120074,1390731.000,33546,1,T1,1,100,37.346
1706146276.253073,1390864.000,33580,1,T1,1,100,37.504
1706146276.387071,1390998.000,33596,1,T1,1,100,37.466
1706146276.520070,1391131.000,33613,1,T1,1,100,37.485
1706146276.653068,1391264.000,33647,1,T1,1,100,37.352
1706146276.787067,1391398.000,33663,1,T1,1,100,37.471
1706146276.920065,1391531.000,33680,1,T1,1,100,37.452
1706146277.053064,1391664.000,33712,1,T1,1,100,37.408
1706146277.186062,1391797.000,33730,1,T1,1,100,37.425
1706146277.320060,1391931.000,33748,1,T1,1,100,37.503
1706146277.453059,1392064.000,33779,1,T1,1,100,37.395
1706146277.587058,1392198.000,33795,1,T1,1,100,37.455
1706146277.720056,1392331.000,33813,1,T1,1,100,37.445
1706146277.853055,1392464.000,33829,1,T1,1,100,37.476
1706146277.986053,1392597.000,33861,1,T1,1,100,37.419
1706146278.120051,1392731.000,33880,1,T1,1,100,37.465
1706146278.253050,1392864.000,33896,1,T1,1,100,37.414
1706146278.386049,1392997.000,33928,1,T1,1,100,37.392
1706146278.520047,1393131.000,33945,1,T1,1,100,37.418
1706146278.653045,1393264.000,33962,1,T1,1,100,37.358
1706146278.786044,1393397.000,33995,1,T1,1,100,37.509
1706146278.920043,1393531.000,34012,1,T1,1,100,37.433
1706146279.053041,1393664.000,34032,1,T1,1,100,37.329
1706146279.186039,1393797.000,34049,1,T1,1,100,37.462
1706146279.320038,1393931.000,34081,1,T1,1,100,37.377
1706146279.453036,1394064.000,34097,1,T1,1,100,37.447
1706146279.586035,1394197.000,34114,1,T1,1,100,37.548
1706146279.720033,1394331.000,34131,1,T1,1,100,37.556
1706146279.853032,1394464.000,34164,1,T1,1,100,37.418
1706146279.986030,1394597.000,34182,1,T1,1,100,37.429
1706146280.119029,1394730.000,34198,1,T1,1,100,37.434
1706146280.253027,1394864.000,34230,1,T1,1,100,37.436
1706146280.386026,1394997.000,34247,1,T1,1,100,37.472
1706146280.519024,1395130.000,34263,1,T1,1,100,37.594
1706146280.653023,1395264.000,34295,1,T1,1,100,37.505
1706146280.786021,1395397.000,34314,1,T1,1,100,37.396
1706146280.919020,1395530.000,34330,1,T1,1,100,37.349
1706146281.053018,1395664.000,34362,1,T1,1,100,37.364
1706146281.186017,1395797.000,34379,1,T1,1,100,37.264
1706146281.319015,1395930.000,34396,1,T1,1,100,37.504
1706146281.453014,1396064.000,34413,1,T1,1,100,37.573
1706146281.586012,1396197.000,34446,1,T1,1,100,37.425
1706146281.719011,1396330.000,34465,1,T1,1,100,37.397
1706146281.853009,1396464.000,34482,1,T1,1,100,37.420
1706146281.986008,1396597.000,34514,1,T1,1,100,37.323
1706146282.119006,1396730.000,34530,1,T1,1,100,37.424
1706146282.253005,1396864.000,34547,1,T1,1,100,37.538
1706146282.386003,1396997.000,34581,1,T1,1,100,37.516
1706146282.519001,1397130.000,34597,1,T1,1,100,37.507
1706146282.653000,1397264.000,34615,1,T1,1,100,37.503
1706146282.785999,1397397.000,34646,1,T1,1,100,37.395
1706146282.918997,1397530.000,34662,1,T1,1,100,37.490
1706146283.052995,1397664.000,34680,1,T1,1,100,37.496
1706146283.185994,1397797.000,34711,1,T1,1,100,37.463
1706146283.318992,1397930.000,34728,1,T1,1,100,37.484
1706146283.452991,1398064.000,34747,1,T1,1,100,37.458
1706146283.585989,1398197.000,34779,1,T1,1,100,37.482
1706146283.718988,1398330.000,34795,1,T1,1,100,37.563
1706146283.851986,1398463.000,34812,1,T1,1,100,37.527
1706146283.985985,1398597.000,34828,1,T1,1,100,37.476
1706146284.118984,1398730.000,34868,1,T1,1,100,37.561
1706146284.251982,1398863.000,34885,1,T1,1,100,37.420
1706146284.385980,1398997.000,34904,1,T1,1,100,37.359
1706146284.518979,1399130.000,34920,1,T1,1,100,37.510
1706146284.651977,1399263.000,34952,1,T1,1,100,37.504
1706146284.785976,1399397.000,34969,1,T1,1,100,37.537
1706146284.918974,1399530.000,34985,1,T1,1,100,37.481
1706146285.051973,1399663.000,35003,1,T1,1,100,37.456
1706146285.185971,1399797.000,35036,1,T1,1,100,37.516
1706146285.318970,1399930.000,35053,1,T1,1,100,37.472
1706146285.451968,1400063.000,35070,1,T1,1,100,37.452
1706146285.585967,1400197.000,35102,1,T1,1,100,37.515
1706146285.718965,1400330.000,35118,1,T1,1,100,37.506
1706146285.851964,1400463.000,35135,1,T1,1,100,37.574
1706146285.985462,1400596.500,35169,2,T1,1,100,37.496
1706146286.118961,1400730.000,35169,2,T1,1,100,37.392
1706146286.251959,1400863.000,35185,1,T1,1,100,37.418
1706146286.385958,1400997.000,35217,1,T1,1,100,37.500
1706146286.518956,1401130.000,35234,1,T1,1,100,37.500
1706146286.651955,1401263.000,35251,1,T1,1,100,37.500
1706146286.784953,1401396.000,35284,1,T1,1,100,37.500
1706146286.918952,1401530.000,35303,1,T1,1,100,37.535
1706146287.051950,1401663.000,35320,1,T1,1,100,37.515
1706146287.184949,1401796.000,35351,1,T1,1,100,37.578
1706146287.318947,1401930.000,35369,1,T1,1,100,37.498
1706146287.451946,1402063.000,35385,1,T1,1,100,37.464
1706146287.584944,1402196.000,35419,1,T1,1,100,37.484
1706146287.718943,1402330.000,35436,1,T1,1,100,37.316
1706146287.851941,1402463.000,35452,1,T1,1,100,37.385
1706146287.984940,1402596.000,35484,1,T1,1,100,37.450
1706146288.118938,1402730.000,35501,1,T1,1,100,37.408
1706146288.251936,1402863.000,35517,1,T1,1,100,37.425
1706146288.384935,1402996.000,35535,1,T1,1,100,37.432
1706146288.518934,1403130.000,35553,1,T1,1,100,37.471
1706146288.651932,1403263.000,35585,1,T1,1,100,37.487
1706146288.784930,1403396.000,35602,1,T1,1,100,37.530
1706146288.918929,1403530.000,35618,1,T1,1,100,37.548
1706146289.051927,1403663.000,35650,1,T1,1,100,37.521
1706146289.185426,1403796.500,35673,2,T1,1,100,37.509
1706146289.318924,1403930.000,35673,2,T1,1,100,37.504
1706146289.451923,1404063.000,35706,1,T1,1,100,37.431
1706146289.584921,1404196.000,35723,1,T1,1,100,37.576
1706146289.718920,1404330.000,35740,1,T1,1,100,37.498
1706146289.851918,1404463.000,35771,1,T1,1,100,37.464
1706146289.984917,1404596.000,35789,1,T1,1,100,37.520
1706146290.117915,1404729.000,35807,1,T1,1,100,37.509
1706146290.251914,1404863.000,35839,1,T1,1,100,37.433
1706146290.384912,1404996.000,35856,1,T1,1,100,37.506
1706146290.517911,1405129.000,35872,1,T1,1,100,37.503
1706146290.651909,1405263.000,35890,1,T1,1,100,37.430
1706146290.784908,1405396.000,35921,1,T1,1,100,37.470
1706146290.917906,1405529.000,35939,1,T1,1,100,37.593
1706146291.051905,1405663.000,35957,1,T1,1,100,37.434
1706146291.184903,1405796.000,35973,1,T1,1,100,37.401
1706146291.317902,1405929.000,36005,1,T1,1,100,37.457
1706146291.451900,1406063.000,36022,1,T1,1,100,37.410
1706146291.584899,1406196.000,36038,1,T1,1,100,37.497
1706146291.717897,1406329.000,36072,1,T1,1,100,37.569
1706146291.851896,1406463.000,36091,1,T1,1,100,37.495
1706146291.984894,1406596.000,36108,1,T1,1,100,37.462
1706146292.117893,1406729.000,36139,1,T1,1,100,37.484
1706146292.251891,1406863.000,36156,1,T1,1,100,37.422
1706146292.384890,1406996.000,36173,1,T1,1,100,37.502
1706146292.517888,1407129.000,36204,1,T1,1,100,37.536
1706146292.651886,1407263.000,36224,1,T1,1,100,37.409
1706146292.784885,1407396.000,36240,1,T1,1,100,37.567
1706146292.917884,1407529.000,36257,1,T1,1,100,37.494
1706146293.051882,1407663.000,36289,1,T1,1,100,37.497
1706146293.184880,1407796.000,36305,1,T1,1,100,37.499
1706146293.317879,1407929.000,36323,1,T1,1,100,37.535
1706146293.451878,1408063.000,36356,1,T1,1,100,37.515
1706146293.584876,1408196.000,36372,1,T1,1,100,37.436
1706146293.717875,1408329.000,36390,1,T1,1,100,37.543
1706146293.850873,1408462.000,36406,1,T1,1,100,37.519
1706146293.984871,1408596.000,36438,1,T1,1,100,37.366
1706146294.117870,1408729.000,36455,1,T1,1,100,37.548
1706146294.250868,1408862.000,36471,1,T1,1,100,37.521
1706146294.384867,1408996.000,36496,1,T1,1,100,37.438
1706146294.517865,1409129.000,36513,1,T1,1,100,37.402
1706146294.650864,1409262.000,36545,1,T1,1,100,37.564
1706146294.784862,1409396.000,36561,1,T1,1,100,37.599
1706146294.917861,1409529.000,36578,1,T1,1,100,37.436
1706146295.050859,1409662.000,36595,1,T1,1,100,37.472
1706146295.184858,1409796.000,36628,1,T1,1,100,37.488
1706146295.317856,1409929.000,36646,1,T1,1,100,37.459
1706146295.450855,1410062.000,36662,1,T1,1,100,37.482
1706146295.584853,1410196.000,36679,1,T1,1,100,37.528
1706146295.717852,1410329.000,36711,1,T1,1,100,37.512
1706146295.850850,1410462.000,36727,1,T1,1,100,37.505
1706146295.984849,1410596.000,36746,1,T1,1,100,37.502
1706146296.117847,1410729.000,36778,1,T1,1,100,37.466
1706146296.250846,1410862.000,36794,1,T1,1,100,37.521
1706146296.384844,1410996.000,36812,1,T1,1,100,37.367
1706146296.517843,1411129.000,36843,1,T1,1,100,37.372
1706146296.650841,1411262.000,36860,1,T1,1,100,37.444
1706146296.783840,1411395.000,36881,1,T1,1,100,37.405
1706146296.917838,1411529.000,36913,1,T1,1,100,37.423
1706146297.050837,1411662.000,36929,1,T1,1,100,37.396
1706146297.183835,1411795.000,36946,1,T1,1,100,37.526
1706146297.317834,1411929.000,36963,1,T1,1,100,37.511
1706146297.450832,1412062.000,36994,1,T1,1,100,37.576
1706146297.583831,1412195.000,37011,1,T1,1,100,37.568
1706146297.717829,1412329.000,37030,1,T1,1,100,37.459
1706146297.850827,1412462.000,37047,1,T1,1,100,37.447
1706146297.983826,1412595.000,37079,1,T1,1,100,37.441
1706146298.117825,1412729.000,37095,1,T1,1,100,37.439
1706146298.250823,1412862.000,37112,1,T1,1,100,37.545
1706146298.383821,1412995.000,37146,1,T1,1,100,37.661
1706146298.517820,1413129.000,37162,1,T1,1,100,37.463
1706146298.650819,1413262.000,37180,1,T1,1,100,37.484
1706146298.783817,1413395.000,37211,1,T1,1,100,37.564
1706146298.917815,1413529.000,37227,1,T1,1,100,37.457
1706146299.050814,1413662.000,37245,1,T1,1,100,37.588
1706146299.183812,1413795.000,37276,1,T1,1,100,37.502
1706146299.317811,1413929.000,37295,1,T1,1,100,37.501
1706146299.450809,1414062.000,37315,1,T1,1,100,37.536
1706146299.583808,1414195.000,37332,1,T1,1,100,37.622
1706146299.717806,1414329.000,37349,1,T1,1,100,37.446
1706146299.850805,1414462.000,37365,1,T1,1,100,37.548
1706146299.983803,1414595.000,37397,1,T1,1,100,37.485
1706146300.117802,1414729.000,37416,1,T1,1,100,37.458
1706146300.250800,1414862.000,37432,1,T1,1,100,37.588
1706146300.383799,1414995.000,37464,1,T1,1,100,37.574
1706146300.516797,1415128.000,37481,1,T1,1,100,37.603
1706146300.650796,1415262.000,37498,1,T1,1,100,37.544
1706146300.783794,1415395.000,37529,1,T1,1,100,37.484
1706146300.916793,1415528.000,37548,1,T1,1,100,37.564
1706146301.050791,1415662.000,37565,1,T1,1,100,37.492
1706146301.183790,1415795.000,37596,1,T1,1,100,37.532
1706146301.316788,1415928.000,37614,1,T1,1,100,37.478
1706146301.450787,1416062.000,37630,1,T1,1,100,37.491
1706146301.583785,1416195.000,37647,1,T1,1,100,37.567
1706146301.716784,1416328.000,37666,1,T1,1,100,37.600
1706146301.850282,1416461.500,37686,2,T1,1,100,37.508
1706146301.983781,1416595.000,37686,2,T1,1,100,37.645
1706146302.116779,1416728.000,37702,1,T1,1,100,37.563
1706146302.250778,1416862.000,37721,1,T1,1,100,37.527
1706146302.383776,1416995.000,37738,1,T1,1,100,37.654
1706146302.516775,1417128.000,37755,1,T1,1,100,37.637
1706146302.650773,1417262.000,37787,1,T1,1,100,37.559
1706146302.783772,1417395.000,37803,1,T1,1,100,37.632
1706146302.916770,1417528.000,37820,1,T1,1,100,37.557
1706146303.050769,1417662.000,37854,1,T1,1,100,37.525
1706146303.183767,1417795.000,37870,1,T1,1,100,37.617
1706146303.316766,1417928.000,37888,1,T1,1,100,37.622
1706146303.450764,1418062.000,37919,1,T1,1,100,37.482
1706146303.583762,1418195.000,37935,1,T1,1,100,37.492
1706146303.716761,1418328.000,37955,1,T1,1,100,37.532
1706146303.849760,1418461.000,37986,1,T1,1,100,37.514
1706146303.983758,1418595.000,38003,1,T1,1,100,37.506
1706146304.116756,1418728.000,38020,1,T1,1,100,37.574
1706146304.250755,1418862.000,38052,1,T1,1,100,37.496
1706146304.383754,1418995.000,38068,1,T1,1,100,37.534
1706146304.516752,1419128.000,38087,1,T1,1,100,37.479
1706146304.649750,1419261.000,38111,1,T1,1,100,37.385
1706146304.783749,1419395.000,38128,1,T1,1,100,37.450
1706146304.916747,1419528.000,38160,1,T1,1,100,37.478
1706146305.049746,1419661.000,38176,1,T1,1,100,37.597
1706146305.183744,1419795.000,38193,1,T1,1,100,37.613
1706146305.316743,1419928.000,38227,1,T1,1,100,37.691
1706146305.449741,1420061.000,38243,1,T1,1,100,37.583
1706146305.583740,1420195.000,38260,1,T1,1,100,37.500
1706146305.716738,1420328.000,38292,1,T1,1,100,37.500
1706146305.849737,1420461.000,38308,1,T1,1,100,37.500
1706146305.983735,1420595.000,38328,1,T1,1,100,37.500
1706146306.116734,1420728.000,38344,1,T1,1,100,37.571
1706146306.249732,1420861.000,38376,1,T1,1,100,37.495
1706146306.383731,1420995.000,38393,1,T1,1,100,37.533
1706146306.516729,1421128.000,38409,1,T1,1,100,37.550
1706146306.649728,1421261.000,38443,1,T1,1,100,37.486
1706146306.783726,1421395.000,38460,1,T1,1,100,37.459
1706146306.916725,1421528.000,38478,1,T1,1,100,37.553
1706146307.049723,1421661.000,38510,1,T1,1,100,37.558
1706146307.183722,1421795.000,38527,1,T1,1,100,37.525
1706146307.316720,1421928.000,38544,1,T1,1,100,37.546
1706146307.449719,1422061.000,38575,1,T1,1,100,37.556
1706146307.582717,1422194.000,38592,1,T1,1,100,37.453
1706146307.716716,1422328.000,38609,1,T1,1,100,37.444
1706146307.849714,1422461.000,38642,1,T1,1,100,37.476
1706146307.982713,1422594.000,38660,1,T1,1,100,37.454
1706146308.116711,1422728.000,38676,1,T1,1,100,37.480
1706146308.249710,1422861.000,38693,1,T1,1,100,37.491
1706146308.382708,1422994.000,38725,1,T1,1,100,37.532
1706146308.516706,1423128.000,38741,1,T1,1,100,37.656
1706146308.649705,1423261.000,38761,1,T1,1,100,37.638
1706146308.782703,1423394.000,38792,1,T1,1,100,37.524
1706146308.916702,1423528.000,38808,1,T1,1,100,37.475
1706146309.049700,1423661.000,38826,1,T1,1,100,37.489
1706146309.182699,1423794.000,38857,1,T1,1,100,37.602
1706146309.316697,1423928.000,38874,1,T1,1,100,37.544
1706146309.449696,1424061.000,38893,1,T1,1,100,37.625
1706146309.582695,1424194.000,38925,1,T1,1,100,37.696
1706146309.716693,1424328.000,38947,1,T1,1,100,37.549
1706146309.849691,1424461.000,38963,1,T1,1,100,37.557
1706146309.982690,1424594.000,38981,1,T1,1,100,37.560
1706146310.115688,1424727.000,38997,1,T1,1,100,37.526
1706146310.249687,1424861.000,39029,1,T1,1,100,37.582
1706146310.382685,1424994.000,39048,1,T1,1,100,37.642
1706146310.515684,1425127.000,39064,1,T1,1,100,37.561
1706146310.649682,1425261.000,39096,1,T1,1,100,37.562
1706146310.782681,1425394.000,39113,1,T1,1,100,37.669
1706146310.915679,1425527.000,39129,1,T1,1,100,37.538
1706146311.049678,1425661.000,39147,1,T1,1,100,37.623
1706146311.182676,1425794.000,39180,1,T1,1,100,37.553
1706146311.315675,1425927.000,39197,1,T1,1,100,37.523
1706146311.449673,1426061.000,39214,1,T1,1,100,37.545
1706146311.582672,1426194.000,39246,1,T1,1,100,37.520
1706146311.715670,1426327.000,39264,1,T1,1,100,37.367
1706146311.849669,1426461.000,39283,1,T1,1,100,37.513
1706146311.982667,1426594.000,39315,1,T1,1,100,37.506
1706146312.115666,1426727.000,39333,1,T1,1,100,37.538
1706146312.249664,1426861.000,39350,1,T1,1,100,37.587
1706146312.382663,1426994.000,39382,1,T1,1,100,37.644
1706146312.515661,1427127.000,39398,1,T1,1,100,37.527
1706146312.649660,1427261.000,39418,1,T1,1,100,37.583
1706146312.782658,1427394.000,39449,1,T1,1,100,37.607
1706146312.915657,1427527.000,39465,1,T1,1,100,37.582
1706146313.049655,1427661.000,39483,1,T1,1,100,37.606
1706146313.182654,1427794.000,39499,1,T1,1,100,37.546
1706146313.315652,1427927.000,39531,1,T1,1,100,37.591
1706146313.449651,1428061.000,39550,1,T1,1,100,37.539
1706146313.582649,1428194.000,39566,1,T1,1,100,37.517
1706146313.715647,1428327.000,39598,1,T1,1,100,37.507
1706146313.848646,1428460.000,39615,1,T1,1,100,37.468
1706146313.982645,1428594.000,39632,1,T1,1,100,37.521
1706146314.115643,1428727.000,39663,1,T1,1,100,37.651
1706146314.248641,1428860.000,39682,1,T1,1,100,37.636
1706146314.382640,1428994.000,39699,1,T1,1,100,37.665
1706146314.515638,1429127.000,39730,1,T1,1,100,37.572
1706146314.648637,1429260.000,39748,1,T1,1,100,37.495
1706146314.782635,1429394.000,39764,1,T1,1,100,37.569
1706146314.915634,1429527.000,39786,1,T1,1,100,37.601
1706146315.048632,1429660.000,39805,1,T1,1,100,37.650
1706146315.182631,1429794.000,39836,1,T1,1,100,37.671
1706146315.315629,1429927.000,39854,1,T1,1,100,37.645
1706146315.448628,1430060.000,39870,1,T1,1,100,37.634
1706146315.582626,1430194.000,39902,1,T1,1,100,37.558
1706146315.715625,1430327.000,39919,1,T1,1,100,37.631
1706146315.848623,1430460.000,39937,1,T1,1,100,37.521
1706146315.982622,1430594.000,39969,1,T1,1,100,37.616
1706146316.115620,1430727.000,39986,1,T1,1,100,37.798
1706146316.248619,1430860.000,40002,1,T1,1,100,37.664
1706146316.382617,1430994.000,40034,1,T1,1,100,37.642
1706146316.515616,1431127.000,40051,1,T1,1,100,37.668
1706146316.648614,1431260.000,40068,1,T1,1,100,37.608
1706146316.781613,1431393.000,40089,1,T1,1,100,37.653
1706146316.915611,1431527.000,40120,1,T1,1,100,37.637
1706146317.048610,1431660.000,40137,1,T1,1,100,37.666
1706146317.181608,1431793.000,40154,1,T1,1,100,37.678
1706146317.315607,1431927.000,40186,1,T1,1,100,37.648
1706146317.448605,1432060.000,40202,1,T1,1,100,37.564
1706146317.581604,1432193.000,40221,1,T1,1,100,37.563
1706146317.715602,1432327.000,40253,1,T1,1,100,37.563
1706146317.848601,1432460.000,40269,1,T1,1,100,37.634
1706146317.981599,1432593.000,40287,1,T1,1,100,37.558
1706146318.115597,1432727.000,40318,1,T1,1,100,37.596
1706146318.248596,1432860.000,40334,1,T1,1,100,37.612
1706146318.381595,1432993.000,40352,1,T1,1,100,37.655
1706146318.515593,1433127.000,40385,1,T1,1,100,37.709
1706146318.648592,1433260.000,40402,1,T1,1,100,37.626
1706146318.781590,1433393.000,40419,1,T1,1,100,37.590
1706146318.915589,1433527.000,40435,1,T1,1,100,37.645
1706146319.048587,1433660.000,40467,1,T1,1,100,37.634
1706146319.181586,1433793.000,40484,1,T1,1,100,37.558
1706146319.315584,1433927.000,40503,1,T1,1,100,37.667
1706146319.448582,1434060.000,40534,1,T1,1,100,37.572
1706146319.581581,1434193.000,40551,1,T1,1,100,37.531
1706146319.715580,1434327.000,40568,1,T1,1,100,37.620
1706146319.848578,1434460.000,40599,1,T1,1,100,37.658
1706146319.981576,1434593.000,40622,1,T1,1,100,37.498
1706146320.115575,1434727.000,40638,1,T1,1,100,37.570
1706146320.248573,1434860.000,40655,1,T1,1,100,37.530
1706146320.381572,1434993.000,40672,1,T1,1,100,37.584
1706146320.514570,1435126.000,40703,1,T1,1,100,37.678
1706146320.648569,1435260.000,40721,1,T1,1,100,37.577
1706146320.781567,1435393.000,40737,1,T1,1,100,37.533
1706146320.914566,1435526.000,40771,1,T1,1,100,37.585
1706146321.048564,1435660.000,40788,1,T1,1,100,37.608
1706146321.181563,1435793.000,40804,1,T1,1,100,37.618
1706146321.314561,1435926.000,40836,1,T1,1,100,37.622
1706146321.448560,1436060.000,40853,1,T1,1,100,37.695
1706146321.581558,1436193.000,40869,1,T1,1,100,37.655
1706146321.714557,1436326.000,40887,1,T1,1,100,37.603
1706146321.848555,1436460.000,40922,1,T1,1,100,37.615
1706146321.981554,1436593.000,40939,1,T1,1,100,37.692
1706146322.114552,1436726.000,40956,1,T1,1,100,37.547
1706146322.248551,1436860.000,40972,1,T1,1,100,37.556
1706146322.381549,1436993.000,41004,1,T1,1,100,37.595
1706146322.514548,1437126.000,41021,1,T1,1,100,37.577
1706146322.648546,1437260.000,41040,1,T1,1,100,37.675
1706146322.781545,1437393.000,41071,1,T1,1,100,37.647
1706146322.914543,1437526.000,41088,1,T1,1,100,37.670
1706146323.048542,1437660.000,41105,1,T1,1,100,37.715
1706146323.181540,1437793.000,41122,1,T1,1,100,37.700
1706146323.314538,1437926.000,41154,1,T1,1,100,37.586
1706146323.448537,1438060.000,41172,1,T1,1,100,37.573
1706146323.581536,1438193.000,41189,1,T1,1,100,37.673
1706146323.714534,1438326.000,41221,1,T1,1,100,37.681
1706146323.847533,1438459.000,41237,1,T1,1,100,37.756
1706146323.981531,1438593.000,41255,1,T1,1,100,37.717
1706146324.114530,1438726.000,41288,1,T1,1,100,37.558
1706146324.247528,1438859.000,41304,1,T1,1,100,37.596
1706146324.381526,1438993.000,41322,1,T1,1,100,37.613
1706146324.514525,1439126.000,41353,1,T1,1,100,37.655
1706146324.647523,1439259.000,41370,1,T1,1,100,37.638
1706146324.781522,1439393.000,41387,1,T1,1,100,37.702
1706146324.914521,1439526.000,41419,1,T1,1,100,37.587
1706146325.048019,1439659.500,41445,2,T1,1,100,37.644
1706146325.181517,1439793.000,41445,2,T1,1,100,37.598
1706146325.314516,1439926.000,41477,1,T1,1,100,37.542
1706146325.447514,1440059.000,41493,1,T1,1,100,37.554
1706146325.581513,1440193.000,41510,1,T1,1,100,37.665
1706146325.714511,1440326.000,41542,1,T1,1,100,37.678
1706146325.847510,1440459.000,41560,1,T1,1,100,37.577
1706146325.981508,1440593.000,41578,1,T1,1,100,37.604
1706146326.114507,1440726.000,41594,1,T1,1,100,37.651
1706146326.247505,1440859.000,41625,1,T1,1,100,37.707
1706146326.380504,1440992.000,41643,1,T1,1,100,37.732
1706146326.514502,1441126.000,41659,1,T1,1,100,37.707
1706146326.647501,1441259.000,41693,1,T1,1,100,37.589
1706146326.780499,1441392.000,41712,1,T1,1,100,37.610
1706146326.914498,1441526.000,41728,1,T1,1,100,37.547
1706146327.047496,1441659.000,41760,1,T1,1,100,37.627
1706146327.180495,1441792.000,41777,1,T1,1,100,37.732
1706146327.314493,1441926.000,41794,1,T1,1,100,37.742
1706146327.447492,1442059.000,41825,1,T1,1,100,37.605
1706146327.580490,1442192.000,41842,1,T1,1,100,37.616
1706146327.714489,1442326.000,41861,1,T1,1,100,37.657
1706146327.847487,1442459.000,41892,1,T1,1,100,37.710
1706146327.980486,1442592.000,41910,1,T1,1,100,37.697
1706146328.114484,1442726.000,41926,1,T1,1,100,37.727
1706146328.247483,1442859.000,41943,1,T1,1,100,37.669
1706146328.380481,1442992.000,41975,1,T1,1,100,37.644
1706146328.514480,1443126.000,41993,1,T1,1,100,37.704
1706146328.647478,1443259.000,42010,1,T1,1,100,37.659
1706146328.780477,1443392.000,42042,1,T1,1,100,37.640
1706146328.914475,1443526.000,42058,1,T1,1,100,37.702
1706146329.047473,1443659.000,42076,1,T1,1,100,37.729
1706146329.180472,1443792.000,42107,1,T1,1,100,37.635
1706146329.314471,1443926.000,42124,1,T1,1,100,37.629
1706146329.447469,1444059.000,42143,1,T1,1,100,37.698
1706146329.580467,1444192.000,42175,1,T1,1,100,37.621
1706146329.713466,1444325.000,42191,1,T1,1,100,37.623
1706146329.847465,1444459.000,42208,1,T1,1,100,37.660
1706146329.980463,1444592.000,42240,1,T1,1,100,37.569
1706146330.114461,1444726.000,42256,1,T1,1,100,37.530
1706146330.247460,1444859.000,42278,1,T1,1,100,37.584
1706146330.380458,1444992.000,42296,1,T1,1,100,37.678
1706146330.514457,1445126.000,42313,1,T1,1,100,37.683
1706146330.647455,1445259.000,42345,1,T1,1,100,37.721
1706146330.780454,1445392.000,42361,1,T1,1,100,37.667
1706146330.913452,1445525.000,42378,1,T1,1,100,37.643
1706146331.047451,1445659.000,42412,1,T1,1,100,37.704
1706146331.180449,1445792.000,42428,1,T1,1,100,37.553
1706146331.313448,1445925.000,42446,1,T1,1,100,37.665
1706146331.447446,1446059.000,42477,1,T1,1,100,37.607
1706146331.580445,1446192.000,42493,1,T1,1,100,37.617
1706146331.713443,1446325.000,42513,1,T1,1,100,37.657
1706146331.847442,1446459.000,42529,1,T1,1,100,37.603
1706146331.980440,1446592.000,42563,1,T1,1,100,37.616
1706146332.113439,1446725.000,42580,1,T1,1,100,37.585
1706146332.247437,1446859.000,42596,1,T1,1,100,37.714
1706146332.380436,1446992.000,42628,1,T1,1,100,37.699
1706146332.513434,1447125.000,42645,1,T1,1,100,37.799
1706146332.647433,1447259.000,42662,1,T1,1,100,37.771
1706146332.780431,1447392.000,42695,1,T1,1,100,37.653
1706146332.913430,1447525.000,42712,1,T1,1,100,37.566
1706146333.046428,1447658.000,42729,1,T1,1,100,37.600
1706146333.180427,1447792.000,42760,1,T1,1,100,37.685
1706146333.313425,1447925.000,42778,1,T1,1,100,37.580
1706146333.447424,1448059.000,42794,1,T1,1,100,37.676
1706146333.580422,1448192.000,42826,1,T1,1,100,37.718
1706146333.713421,1448325.000,42845,1,T1,1,100,37.665
1706146333.846419,1448458.000,42861,1,T1,1,100,37.749
1706146333.980417,1448592.000,42893,1,T1,1,100,37.785
1706146334.113416,1448725.000,42910,1,T1,1,100,37.694
1706146334.246414,1448858.000,42926,1,T1,1,100,37.832
1706146334.380413,1448992.000,42944,1,T1,1,100,37.786
1706146334.513412,1449125.000,42977,1,T1,1,100,37.624
1706146334.646410,1449258.000,42994,1,T1,1,100,37.731
1706146334.780408,1449392.000,43011,1,T1,1,100,37.813
1706146334.913407,1449525.000,43043,1,T1,1,100,37.671
1706146335.046406,1449658.000,43059,1,T1,1,100,37.787
1706146335.180404,1449792.000,43076,1,T1,1,100,37.766
1706146335.313402,1449925.000,43116,2,T1,1,100,37.615
1706146335.446401,1450058.000,43116,2,T1,1,100,37.656
1706146335.580399,1450192.000,43149,1,T1,1,100,37.745
1706146335.713398,1450325.000,43165,1,T1,1,100,37.712
1706146335.846396,1450458.000,43182,1,T1,1,100,37.734
1706146335.980395,1450592.000,43214,1,T1,1,100,37.743
1706146336.113393,1450725.000,43230,1,T1,1,100,37.711
1706146336.246392,1450858.000,43249,1,T1,1,100,37.769
1706146336.380390,1450992.000,43281,1,T1,1,100,37.758
1706146336.513389,1451125.000,43297,1,T1,1,100,37.718
1706146336.646387,1451258.000,43315,1,T1,1,100,37.701
1706146336.779386,1451391.000,43348,1,T1,1,100,37.835
1706146336.913384,1451525.000,43364,1,T1,1,100,37.680
1706146337.046383,1451658.000,43382,1,T1,1,100,37.684
1706146337.179381,1451791.000,43415,1,T1,1,100,37.722
1706146337.313380,1451925.000,43432,1,T1,1,100,37.702
1706146337.446378,1452058.000,43449,1,T1,1,100,37.694
1706146337.579377,1452191.000,43465,1,T1,1,100,37.690
1706146337.713375,1452325.000,43497,1,T1,1,100,37.653
1706146337.846374,1452458.000,43514,1,T1,1,100,37.673
1706146337.979372,1452591.000,43531,1,T1,1,100,37.752
1706146338.113371,1452725.000,43564,1,T1,1,100,37.786
1706146338.246369,1452858.000,43581,1,T1,1,100,37.766
1706146338.379368,1452991.000,43598,1,T1,1,100,37.792
1706146338.513366,1453125.000,43629,1,T1,1,100,37.839
1706146338.646365,1453258.000,43647,1,T1,1,100,37.718
1706146338.779363,1453391.000,43663,1,T1,1,100,37.842
1706146338.913362,1453525.000,43697,1,T1,1,100,37.790
1706146339.046360,1453658.000,43714,1,T1,1,100,37.732
1706146339.179358,1453791.000,43730,1,T1,1,100,37.778
1706146339.313357,1453925.000,43762,1,T1,1,100,37.726
1706146339.446356,1454058.000,43779,1,T1,1,100,37.704
1706146339.579354,1454191.000,43795,1,T1,1,100,37.766
1706146339.713352,1454325.000,43815,1,T1,1,100,37.792
1706146339.846351,1454458.000,43846,1,T1,1,100,37.804
1706146339.979349,1454591.000,43863,1,T1,1,100,37.844
1706146340.112348,1454724.000,43880,1,T1,1,100,37.755
1706146340.246346,1454858.000,43912,1,T1,1,100,37.681
1706146340.379345,1454991.000,43928,1,T1,1,100,37.720
1706146340.512343,1455124.000,43952,1,T1,1,100,37.737
1706146340.646342,1455258.000,43969,1,T1,1,100,37.709
1706146340.779340,1455391.000,44000,1,T1,1,100,37.803
1706146340.912339,1455524.000,44017,1,T1,1,100,37.844
1706146341.046337,1455658.000,44034,1,T1,1,100,37.826
1706146341.179336,1455791.000,44065,1,T1,1,100,37.818
1706146341.312334,1455924.000,44085,1,T1,1,100,37.744
1706146341.446333,1456058.000,44101,1,T1,1,100,37.712
1706146341.579331,1456191.000,44118,1,T1,1,100,37.627
1706146341.712330,1456324.000,44152,1,T1,1,100,37.661
1706146341.846328,1456458.000,44168,1,T1,1,100,37.818
1706146341.979327,1456591.000,44186,1,T1,1,100,37.779
1706146342.112325,1456724.000,44217,1,T1,1,100,37.798
1706146342.246324,1456858.000,44235,1,T1,1,100,37.664
1706146342.379322,1456991.000,44253,1,T1,1,100,37.607
1706146342.512321,1457124.000,44284,1,T1,1,100,37.688
1706146342.646319,1457258.000,44301,1,T1,1,100,37.794
1706146342.779318,1457391.000,44318,1,T1,1,100,37.769
1706146342.912316,1457524.000,44350,1,T1,1,100,37.865
1706146343.046315,1457658.000,44368,1,T1,1,100,37.835
1706146343.179313,1457791.000,44385,1,T1,1,100,37.822
1706146343.312312,1457924.000,44417,1,T1,1,100,37.746
1706146343.446310,1458058.000,44433,1,T1,1,100,37.784
1706146343.579309,1458191.000,44450,1,T1,1,100,37.800
1706146343.712307,1458324.000,44469,1,T1,1,100,37.736
1706146343.845306,1458457.000,44500,1,T1,1,100,37.744
1706146343.979304,1458591.000,44518,1,T1,1,100,37.747
1706146344.112303,1458724.000,44534,1,T1,1,100,37.820
1706146344.245301,1458857.000,44566,1,T1,1,100,37.816
1706146344.379300,1458991.000,44583,1,T1,1,100,37.849
1706146344.512298,1459124.000,44599,1,T1,1,100,37.899
1706146344.645297,1459257.000,44633,1,T1,1,100,37.815
1706146344.779295,1459391.000,44650,1,T1,1,100,37.743
1706146344.912293,1459524.000,44666,1,T1,1,100,37.747
1706146345.045292,1459657.000,44698,1,T1,1,100,37.890
1706146345.179291,1459791.000,44715,1,T1,1,100,37.953
1706146345.312289,1459924.000,44732,1,T1,1,100,37.802
1706146345.445287,1460057.000,44765,1,T1,1,100,37.844
1706146345.579286,1460191.000,44786,1,T1,1,100,37.755
1706146345.712284,1460324.000,44802,1,T1,1,100,37.823
1706146345.845283,1460457.000,44819,1,T1,1,100,37.675
1706146345.979281,1460591.000,44836,1,T1,1,100,37.718
1706146346.112280,1460724.000,44869,1,T1,1,100,37.771
1706146346.245278,1460857.000,44886,1,T1,1,100,37.759
1706146346.379277,1460991.000,44903,1,T1,1,100,37.789
1706146346.512275,1461124.000,44920,1,T1,1,100,37.732
1706146346.645274,1461257.000,44952,1,T1,1,100,37.778
1706146346.778272,1461390.000,44972,1,T1,1,100,37.797
1706146346.912271,1461524.000,44989,1,T1,1,100,37.700
1706146347.045269,1461657.000,45025,1,T1,1,100,37.799
1706146347.178268,1461790.000,45041,1,T1,1,100,37.736
1706146347.312266,1461924.000,45059,1,T1,1,100,37.637
1706146347.445265,1462057.000,45090,1,T1,1,100,37.559
1706146347.578263,1462190.000,45106,1,T1,1,100,37.809
1706146347.712262,1462324.000,45124,1,T1,1,100,37.740
1706146347.845260,1462457.000,45157,1,T1,1,100,37.817
1706146347.978259,1462590.000,45174,1,T1,1,100,37.850
1706146348.112257,1462724.000,45191,1,T1,1,100,37.829
1706146348.245256,1462857.000,45223,1,T1,1,100,37.784
1706146348.378254,1462990.000,45239,1,T1,1,100,37.800
1706146348.512253,1463124.000,45256,1,T1,1,100,37.772
1706146348.645251,1463257.000,45288,1,T1,1,100,37.759
1706146348.778250,1463390.000,45306,1,T1,1,100,37.896
1706146348.912248,1463524.000,45323,1,T1,1,100,37.849
1706146349.045247,1463657.000,45340,1,T1,1,100,37.722
1706146349.178245,1463790.000,45371,1,T1,1,100,37.702
1706146349.312243,1463924.000,45389,1,T1,1,100,37.765
1706146349.445242,1464057.000,45405,1,T1,1,100,37.792
1706146349.578241,1464190.000,45439,1,T1,1,100,37.874
1706146349.712239,1464324.000,45456,1,T1,1,100,37.946
1706146349.845237,1464457.000,45472,1,T1,1,100,37.906
1706146349.978236,1464590.000,45504,1,T1,1,100,37.888
1706146350.112234,1464724.000,45521,1,T1,1,100,37.881
1706146350.245233,1464857.000,45537,1,T1,1,100,37.877
1706146350.378232,1464990.000,45569,1,T1,1,100,37.912
1706146350.511230,1465123.000,45588,1,T1,1,100,37.962
1706146350.645228,1465257.000,45605,1,T1,1,100,37.771
1706146350.778227,1465390.000,45629,1,T1,1,100,37.723
1706146350.911225,1465523.000,45645,1,T1,1,100,37.809
1706146351.045224,1465657.000,45677,1,T1,1,100,37.740
1706146351.178222,1465790.000,45694,1,T1,1,100,37.817
1706146351.312221,1465924.000,45711,1,T1,1,100,37.850
1706146351.445219,1466057.000,45744,1,T1,1,100,37.829
1706146351.578218,1466190.000,45761,1,T1,1,100,37.855
1706146351.711216,1466323.000,45780,1,T1,1,100,37.902
1706146351.845215,1466457.000,45811,1,T1,1,100,37.780
1706146351.978213,1466590.000,45829,1,T1,1,100,37.799
1706146352.111212,1466723.000,45845,1,T1,1,100,37.877
1706146352.245210,1466857.000,45879,1,T1,1,100,37.841
1706146352.378209,1466990.000,45896,1,T1,1,100,37.825
1706146352.511207,1467123.000,45912,1,T1,1,100,37.818
1706146352.645206,1467257.000,45929,1,T1,1,100,37.886
1706146352.778204,1467390.000,45961,1,T1,1,100,37.880
1706146352.911203,1467523.000,45977,1,T1,1,100,37.806
1706146353.045201,1467657.000,45995,1,T1,1,100,37.845
1706146353.178200,1467790.000,46028,1,T1,1,100,37.898
1706146353.311198,1467923.000,46045,1,T1,1,100,37.920
1706146353.445197,1468057.000,46062,1,T1,1,100,37.895
1706146353.578195,1468190.000,46096,1,T1,1,100,37.777
1706146353.711194,1468323.000,46112,1,T1,1,100,37.797
1706146353.844192,1468456.000,46129,1,T1,1,100,37.912
1706146353.978191,1468590.000,46165,1,T1,1,100,37.820
1706146354.111189,1468723.000,46181,1,T1,1,100,37.922
1706146354.244188,1468856.000,46198,1,T1,1,100,37.931
1706146354.378186,1468990.000,46230,1,T1,1,100,37.793
1706146354.511184,1469123.000,46246,1,T1,1,100,37.733
1706146354.644183,1469256.000,46264,1,T1,1,100,37.814
1706146354.778182,1469390.000,46282,1,T1,1,100,37.848
1706146354.911180,1469523.000,46313,1,T1,1,100,37.793
1706146355.044178,1469656.000,46331,1,T1,1,100,37.875
1706146355.178177,1469790.000,46347,1,T1,1,100,37.839
1706146355.311176,1469923.000,46379,1,T1,1,100,37.824
1706146355.444174,1470056.000,46398,1,T1,1,100,37.853
1706146355.578172,1470190.000,46414,1,T1,1,100,37.865
1706146355.711171,1470323.000,46446,1,T1,1,100,37.871
1706146355.844169,1470456.000,46468,1,T1,1,100,37.873
1706146355.978168,1470590.000,46485,1,T1,1,100,37.874
1706146356.111166,1470723.000,46502,1,T1,1,100,37.804
1706146356.244165,1470856.000,46536,1,T1,1,100,37.880
1706146356.378163,1470990.000,46552,1,T1,1,100,37.877
1706146356.511162,1471123.000,46569,1,T1,1,100,37.947
1706146356.644160,1471256.000,46586,1,T1,1,100,37.942
1706146356.778159,1471390.000,46619,1,T1,1,100,37.833
1706146356.911157,1471523.000,46636,1,T1,1,100,37.892
1706146357.044156,1471656.000,46655,1,T1,1,100,37.882
1706146357.177154,1471789.000,46672,1,T1,1,100,37.949
1706146357.311153,1471923.000,46704,1,T1,1,100,37.872
1706146357.444151,1472056.000,46720,1,T1,1,100,37.944
1706146357.577150,1472189.000,46737,1,T1,1,100,37.905
1706146357.711148,1472323.000,46769,1,T1,1,100,37.817
1706146357.844147,1472456.000,46787,1,T1,1,100,37.885
1706146357.977145,1472589.000,46805,1,T1,1,100,37.809
1706146358.111144,1472723.000,46836,1,T1,1,100,37.811
1706146358.244142,1472856.000,46852,1,T1,1,100,37.847
1706146358.377141,1472989.000,46870,1,T1,1,100,37.934
1706146358.511139,1473123.000,46903,1,T1,1,100,37.936
1706146358.644138,1473256.000,46920,1,T1,1,100,37.830
1706146358.777136,1473389.000,46937,1,T1,1,100,37.785
1706146358.911135,1473523.000,46969,1,T1,1,100,37.836
1706146359.044133,1473656.000,46985,1,T1,1,100,37.894
1706146359.177132,1473789.000,47002,1,T1,1,100,37.883
1706146359.311130,1473923.000,47018,1,T1,1,100,37.843
1706146359.444129,1474056.000,47052,1,T1,1,100,37.861
1706146359.577127,1474189.000,47069,1,T1,1,100,37.869
1706146359.711126,1474323.000,47086,1,T1,1,100,37.801
1706146359.844124,1474456.000,47117,1,T1,1,100,37.879
1706146359.977123,1474589.000,47135,1,T1,1,100,37.877
1706146360.110121,1474722.000,47153,1,T1,1,100,37.769
1706146360.244119,1474856.000,47185,1,T1,1,100,37.865
1706146360.377118,1474989.000,47202,1,T1,1,100,37.871
1706146360.511117,1475123.000,47218,1,T1,1,100,37.767
1706146360.644115,1475256.000,47250,1,T1,1,100,37.899
1706146360.777113,1475389.000,47267,1,T1,1,100,37.885
1706146360.910612,1475522.500,47292,2,T1,1,100,37.880
1706146361.044110,1475656.000,47292,2,T1,1,100,37.806
1706146361.177109,1475789.000,47324,1,T1,1,100,37.774
1706146361.310107,1475922.000,47341,1,T1,1,100,37.796
1706146361.444106,1476056.000,47358,1,T1,1,100,37.841
1706146361.577104,1476189.000,47390,1,T1,1,100,37.754
1706146361.710103,1476322.000,47410,1,T1,1,100,37.752
1706146361.844101,1476456.000,47427,1,T1,1,100,37.786
1706146361.977100,1476589.000,47459,1,T1,1,100,37.801
1706146362.110098,1476722.000,47475,1,T1,1,100,37.808
1706146362.244097,1476856.000,47492,1,T1,1,100,37.846
1706146362.377095,1476989.000,47524,1,T1,1,100,37.969
1706146362.510094,1477122.000,47542,1,T1,1,100,38.022
1706146362.644092,1477256.000,47560,1,T1,1,100,37.868
1706146362.777091,1477389.000,47576,1,T1,1,100,37.801
1706146362.910089,1477522.000,47608,1,T1,1,100,37.772
1706146363.044088,1477656.000,47625,1,T1,1,100,37.795
1706146363.177086,1477789.000,47641,1,T1,1,100,37.911
1706146363.310085,1477922.000,47675,1,T1,1,100,38.033
1706146363.443083,1478055.000,47692,1,T1,1,100,37.943
1706146363.577082,1478189.000,47708,1,T1,1,100,37.975
1706146363.710080,1478322.000,47740,1,T1,1,100,37.989
1706146363.843079,1478455.000,47757,1,T1,1,100,37.889
1706146363.977077,1478589.000,47776,1,T1,1,100,37.952
1706146364.110076,1478722.000,47809,1,T1,1,100,37.979
1706146364.244074,1478856.000,47826,1,T1,1,100,37.920
1706146364.377073,1478989.000,47843,1,T1,1,100,38.072
1706146364.510071,1479122.000,47874,1,T1,1,100,37.960
1706146364.643070,1479255.000,47892,1,T1,1,100,37.912
1706146364.777068,1479389.000,47910,1,T1,1,100,37.997
1706146364.910067,1479522.000,47927,1,T1,1,100,37.928
1706146365.043065,1479655.000,47959,1,T1,1,100,37.969
1706146365.177063,1479789.000,47977,1,T1,1,100,37.880
1706146365.310062,1479922.000,47995,1,T1,1,100,37.984
1706146365.443060,1480055.000,48030,1,T1,1,100,37.887
1706146365.577059,1480189.000,48046,1,T1,1,100,37.845
1706146365.710057,1480322.000,48064,1,T1,1,100,37.968
1706146365.843056,1480455.000,48095,1,T1,1,100,37.915
1706146365.977054,1480589.000,48112,1,T1,1,100,37.928
1706146366.110053,1480722.000,48134,1,T1,1,100,38.040
1706146366.243051,1480855.000,48154,1,T1,1,100,37.875
1706146366.377050,1480989.000,48172,1,T1,1,100,37.946
1706146366.510048,1481122.000,48203,1,T1,1,100,37.977
1706146366.643047,1481255.000,48220,1,T1,1,100,37.954
1706146366.777045,1481389.000,48241,1,T1,1,100,38.016
1706146366.910044,1481522.000,48275,1,T1,1,100,38.007
1706146367.043042,1481655.000,48291,1,T1,1,100,38.003
1706146367.176041,1481788.000,48308,1,T1,1,100,37.966
1706146367.310039,1481922.000,48340,1,T1,1,100,37.950
1706146367.443038,1482055.000,48356,1,T1,1,100,38.014
1706146367.577036,1482189.000,48375,1,T1,1,100,37.935
1706146367.710035,1482322.000,48409,1,T1,1,100,37.901
1706146367.843033,1482455.000,48425,1,T1,1,100,37.993
1706146367.976032,1482588.000,48443,1,T1,1,100,37.926
1706146368.110030,1482722.000,48476,1,T1,1,100,37.862
1706146368.243029,1482855.000,48492,1,T1,1,100,37.976
1706146368.376027,1482988.000,48510,1,T1,1,100,37.989
1706146368.510026,1483122.000,48528,1,T1,1,100,37.960
1706146368.643024,1483255.000,48560,1,T1,1,100,37.947
1706146368.776023,1483388.000,48577,1,T1,1,100,37.871
1706146368.910021,1483522.000,48593,1,T1,1,100,37.909
1706146369.043020,1483655.000,48625,1,T1,1,100,37.854
1706146369.176018,1483788.000,48642,1,T1,1,100,37.937
1706146369.310017,1483922.000,48663,1,T1,1,100,37.973
1706146369.443015,1484055.000,48694,1,T1,1,100,38.024
1706146369.576014,1484188.000,48711,1,T1,1,100,37.939
1706146369.709012,1484321.000,48728,1,T1,1,100,37.974
1706146369.843011,1484455.000,48761,1,T1,1,100,38.024
1706146369.976009,1484588.000,48779,1,T1,1,100,38.081
1706146370.110008,1484722.000,48797,1,T1,1,100,38.071
1706146370.243006,1484855.000,48814,1,T1,1,100,38.066
1706146370.376004,1484988.000,48846,1,T1,1,100,38.029
1706146370.509003,1485121.000,48862,1,T1,1,100,37.941
1706146370.643002,1485255.000,48880,1,T1,1,100,37.904
1706146370.776000,1485388.000,48913,1,T1,1,100,37.994
1706146370.908998,1485521.000,48933,1,T1,1,100,37.997
1706146371.042997,1485655.000,48951,1,T1,1,100,38.070
1706146371.175995,1485788.000,48989,2,T1,1,100,37.959
1706146371.308994,1485921.000,48989,2,T1,1,100,38.018
1706146371.442992,1486055.000,49022,1,T1,1,100,38.079
1706146371.575991,1486188.000,49040,1,T1,1,100,37.963
1706146371.708989,1486321.000,49060,1,T1,1,100,37.913
1706146371.842988,1486455.000,49093,1,T1,1,100,37.998
1706146371.975986,1486588.000,49110,1,T1,1,100,37.893
1706146372.108985,1486721.000,49129,1,T1,1,100,37.812
1706146372.242983,1486855.000,49161,1,T1,1,100,37.954
1706146372.375982,1486988.000,49177,1,T1,1,100,37.945
1706146372.508980,1487121.000,49196,1,T1,1,100,37.834
1706146372.642979,1487255.000,49230,1,T1,1,100,37.964
1706146372.775977,1487388.000,49246,1,T1,1,100,37.984
1706146372.908976,1487521.000,49263,1,T1,1,100,38.029
1706146373.042974,1487655.000,49280,1,T1,1,100,37.906
1706146373.175973,1487788.000,49311,1,T1,1,100,37.959
1706146373.308971,1487921.000,49331,1,T1,1,100,37.982
1706146373.442970,1488055.000,49347,1,T1,1,100,37.921
1706146373.575968,1488188.000,49381,1,T1,1,100,37.931
1706146373.708967,1488321.000,49398,1,T1,1,100,38.005
1706146373.841965,1488454.000,49414,1,T1,1,100,37.931
1706146373.975964,1488588.000,49448,1,T1,1,100,38.006
1706146374.108962,1488721.000,49465,1,T1,1,100,37.967
1706146374.241961,1488854.000,49483,1,T1,1,100,37.915
1706146374.375959,1488988.000,49515,1,T1,1,100,37.999
1706146374.508958,1489121.000,49532,1,T1,1,100,37.964
1706146374.641956,1489254.000,49551,1,T1,1,100,37.984
1706146374.775954,1489388.000,49584,1,T1,1,100,37.993
1706146374.908953,1489521.000,49601,1,T1,1,100,38.033
1706146375.041952,1489654.000,49620,1,T1,1,100,37.943
1706146375.175950,1489788.000,49637,1,T1,1,100,37.940
1706146375.308949,1489921.000,49671,1,T1,1,100,37.974
1706146375.441947,1490054.000,49687,1,T1,1,100,37.918
1706146375.575945,1490188.000,49704,1,T1,1,100,37.929
1706146375.708944,1490321.000,49740,1,T1,1,100,37.934
1706146375.841943,1490454.000,49756,1,T1,1,100,37.865
1706146375.975941,1490588.000,49774,1,T1,1,100,37.977
1706146376.108939,1490721.000,49807,1,T1,1,100,37.848
1706146376.241938,1490854.000,49823,1,T1,1,100,37.828
1706146376.375937,1490988.000,49846,1,T1,1,100,37.961
1706146376.508935,1491121.000,49864,1,T1,1,100,38.054
1706146376.641933,1491254.000,49881,1,T1,1,100,37.952
1706146376.774932,1491387.000,49917,1,T1,1,100,38.015
1706146376.908930,1491521.000,49935,1,T1,1,100,38.042
1706146377.041929,1491654.000,49953,1,T1,1,100,38.089
1706146377.174927,1491787.000,49984,1,T1,1,100,38.039
1706146377.308926,1491921.000,50001,1,T1,1,100,37.981
1706146377.441924,1492054.000,50022,1,T1,1,100,37.956
1706146377.574923,1492187.000,50054,1,T1,1,100,37.946
1706146377.708921,1492321.000,50070,1,T1,1,100,37.906
1706146377.841920,1492454.000,50087,1,T1,1,100,37.924
1706146377.974918,1492587.000,50119,1,T1,1,100,37.932
1706146378.108917,1492721.000,50137,1,T1,1,100,37.899
1706146378.241915,1492854.000,50156,1,T1,1,100,37.992
1706146378.374914,1492987.000,50188,1,T1,1,100,37.926
1706146378.508912,1493121.000,50204,1,T1,1,100,38.003
1706146378.641911,1493254.000,50222,1,T1,1,100,38.037
1706146378.774909,1493387.000,50238,1,T1,1,100,37.945
1706146378.908908,1493521.000,50273,1,T1,1,100,37.941
1706146379.041906,1493654.000,50291,1,T1,1,100,37.939
1706146379.174905,1493787.000,50309,1,T1,1,100,37.903
1706146379.308903,1493921.000,50341,1,T1,1,100,37.922
1706146379.441902,1494054.000,50358,1,T1,1,100,38.002
1706146379.574900,1494187.000,50376,1,T1,1,100,38.036
1706146379.707899,1494320.000,50408,1,T1,1,100,38.087
1706146379.841897,1494454.000,50427,1,T1,1,100,38.144
1706146379.974895,1494587.000,50446,1,T1,1,100,38.062
1706146380.107894,1494720.000,50479,1,T1,1,100,38.027
