LocalTimestamp,EmotiBitTimestamp,PacketNumber,DataLength,TypeTag,ProtocolVersion,DataReliability,SF
1709872303.570976,731491.000,54089,1,SF,1,100,18.2563
1709872303.903970,731824.000,54139,1,SF,1,100,20.1274
1709872304.303963,732224.000,54204,1,SF,1,100,19.8945
1709872304.570958,732491.000,54253,1,SF,1,100,19.6644
1709872304.903952,732824.000,54301,1,SF,1,100,19.4369
1709872305.303945,733224.000,54369,1,SF,1,100,19.2121
1709872305.636939,733557.000,54419,1,SF,1,100,18.9898
1709872305.903934,733824.000,54467,1,SF,1,100,18.7701
1709872306.236928,734157.000,54516,1,SF,1,100,18.5530
1709872306.636921,734557.000,54581,1,SF,1,100,18.3384
1709872306.903916,734824.000,54631,1,SF,1,100,18.1262
1709872307.236910,735157.000,54680,1,SF,1,100,17.9166
1709872307.636903,735557.000,54747,1,SF,1,100,19.7915
1709872307.969897,735890.000,54795,1,SF,1,100,19.5626
1709872308.236892,736157.000,54848,1,SF,1,100,21.4185
1709872308.636885,736557.000,54904,1,SF,1,100,23.2530
1709872308.903880,736824.000,54956,1,SF,1,100,25.0663
1709872309.236874,737157.000,55005,1,SF,1,100,24.7763
1709872309.569868,737490.000,55053,1,SF,1,100,24.4897
1709872309.969861,737890.000,55118,1,SF,1,100,24.2064
1709872310.236856,738157.000,55171,1,SF,1,100,26.0086
1709872310.569850,738490.000,55223,1,SF,1,100,27.7900
1709872310.969843,738890.000,55288,1,SF,1,100,27.4685
1709872311.236839,739157.000,55337,1,SF,1,100,27.1508
1709872311.569833,739490.000,55389,1,SF,1,100,28.9190
1709872311.902827,739823.000,55438,1,SF,1,100,28.5844
1709872312.302819,740223.000,55505,1,SF,1,100,30.3360
1709872312.569815,740490.000,55555,1,SF,1,100,32.0673
1709872312.902809,740823.000,55604,1,SF,1,100,31.6964
1709872313.302801,741223.000,55671,1,SF,1,100,33.4120
1709872313.569797,741490.000,55721,1,SF,1,100,33.0254
1709872313.969790,741890.000,55776,1,SF,1,100,34.7257
1709872314.235785,742156.000,55828,1,SF,1,100,36.4062
1709872314.569779,742490.000,55879,1,SF,1,100,38.0673
1709872314.969772,742890.000,55944,1,SF,1,100,37.6269
1709872315.302766,743223.000,55996,1,SF,1,100,39.2739
1709872315.568761,743489.000,56047,1,SF,1,100,38.8196
1709872315.902755,743823.000,56097,1,SF,1,100,40.4528
1709872316.302748,744223.000,56164,1,SF,1,100,39.9848
1709872316.568743,744489.000,56215,1,SF,1,100,41.6045
1709872316.902737,744823.000,56265,1,SF,1,100,43.2055
1709872317.302730,745223.000,56331,1,SF,1,100,42.7057
1709872317.635724,745556.000,56381,1,SF,1,100,42.2117
1709872317.902719,745823.000,56429,1,SF,1,100,41.7234
1709872318.235713,746156.000,56480,1,SF,1,100,43.3229
1709872318.635706,746556.000,56545,1,SF,1,100,42.8218
1709872319.035699,746956.000,56600,1,SF,1,100,42.3264
1709872319.235695,747156.000,56634,1,SF,1,100,41.8368
1709872319.635688,747556.000,56701,1,SF,1,100,43.4351
1709872319.968682,747889.000,56752,1,SF,1,100,45.0149
1709872320.235677,748156.000,56804,1,SF,1,100,46.5764
1709872320.568671,748489.000,56859,1,SF,1,100,48.1198
1709872320.968664,748889.000,56924,1,SF,1,100,47.5632
1709872321.235659,749156.000,56974,1,SF,1,100,49.0952
1709872321.568653,749489.000,57023,1,SF,1,100,48.5273
1709872321.968646,749889.000,57091,1,SF,1,100,50.0482
1709872322.301640,750222.000,57140,1,SF,1,100,49.4692
1709872322.568635,750489.000,57191,1,SF,1,100,50.9792
1709872322.901629,750822.000,57241,1,SF,1,100,52.4717
1709872323.301622,751222.000,57308,1,SF,1,100,53.9470
1709872323.568617,751489.000,57361,1,SF,1,100,55.4052
1709872323.968610,751889.000,57417,1,SF,1,100,56.8465
1709872324.301604,752222.000,57467,1,SF,1,100,56.1889
1709872324.568599,752489.000,57516,1,SF,1,100,55.5389
1709872324.901593,752822.000,57566,1,SF,1,100,56.9787
1709872325.301586,753222.000,57636,1,SF,1,100,58.4018
1709872325.634580,753555.000,57686,1,SF,1,100,57.7262
1709872325.901576,753822.000,57738,1,SF,1,100,61.2229
1709872326.234570,754155.000,57787,1,SF,1,100,60.5147
1709872326.634562,754555.000,57854,1,SF,1,100,61.8969
1709872326.901558,754822.000,57904,1,SF,1,100,61.1809
1709872327.234552,755155.000,57955,1,SF,1,100,62.5554
1709872327.634544,755555.000,58022,1,SF,1,100,63.9140
1709872327.967539,755888.000,58072,1,SF,1,100,65.2569
1709872328.234534,756155.000,58123,1,SF,1,100,64.5020
1709872328.567528,756488.000,58171,1,SF,1,100,63.7558
1709872328.967520,756888.000,58238,1,SF,1,100,63.0183
1709872329.234516,757155.000,58279,1,SF,1,100,64.3715
1709872329.634509,757555.000,58346,1,SF,1,100,65.7091
1709872329.900504,757821.000,58397,1,SF,1,100,67.0313
1709872330.234498,758155.000,58448,1,SF,1,100,68.3381
1709872330.567492,758488.000,58502,1,SF,1,100,69.6298
1709872330.967485,758888.000,58567,1,SF,1,100,68.8243
1709872331.234480,759155.000,58617,1,SF,1,100,68.0282
1709872331.567474,759488.000,58668,1,SF,1,100,69.3235
1709872331.967467,759888.000,58737,1,SF,1,100,70.6038
1709872332.234462,760155.000,58789,1,SF,1,100,71.8693
1709872332.567456,760488.000,58840,1,SF,1,100,73.1201
1709872332.900450,760821.000,58888,1,SF,1,100,72.2743
1709872333.300443,761221.000,58953,1,SF,1,100,71.4382
1709872333.567438,761488.000,59006,1,SF,1,100,72.6941
1709872333.900432,761821.000,59056,1,SF,1,100,71.8531
1709872334.233426,762154.000,59112,1,SF,1,100,73.1042
1709872334.567420,762488.000,59162,1,SF,1,100,72.2585
1709872334.967413,762888.000,59227,1,SF,1,100,71.4226
1709872335.233408,763154.000,59280,1,SF,1,100,72.6786
1709872335.566402,763487.000,59331,1,SF,1,100,71.8379
1709872335.900396,763821.000,59383,1,SF,1,100,73.0891
1709872336.300389,764221.000,59450,1,SF,1,100,74.3259
1709872336.566384,764487.000,59500,1,SF,1,100,73.4661
1709872336.900378,764821.000,59551,1,SF,1,100,74.6985
1709872337.300371,765221.000,59616,1,SF,1,100,73.8343
1709872337.567366,765488.000,59670,1,SF,1,100,75.0625
1709872337.900360,765821.000,59719,1,SF,1,100,74.1941
1709872338.233354,766154.000,59769,1,SF,1,100,75.4181
1709872338.633347,766554.000,59834,1,SF,1,100,74.5457
1709872338.899343,766820.000,59887,1,SF,1,100,75.7656
1709872339.233336,767154.000,59935,1,SF,1,100,74.8891
1709872339.566330,767487.000,59991,1,SF,1,100,76.1050
1709872339.899324,767820.000,60043,1,SF,1,100,77.3069
1709872340.299317,768220.000,60112,1,SF,1,100,78.4949
1709872340.566313,768487.000,60163,1,SF,1,100,79.6691
1709872340.899307,768820.000,60212,1,SF,1,100,78.7475
1709872341.299299,769220.000,60281,1,SF,1,100,79.9188
1709872341.633293,769554.000,60333,1,SF,1,100,81.0765
1709872341.899289,769820.000,60381,1,SF,1,100,80.1386
1709872342.232283,770153.000,60432,1,SF,1,100,81.2938
1709872342.633276,770554.000,60499,1,SF,1,100,80.3534
1709872342.899271,770820.000,60553,1,SF,1,100,83.5884
1709872343.232265,771153.000,60602,1,SF,1,100,82.6214
1709872343.632257,771553.000,60667,1,SF,1,100,81.6656
1709872343.966252,771887.000,60717,1,SF,1,100,80.7209
1709872344.232247,772153.000,60770,1,SF,1,100,81.8694
1709872344.566241,772487.000,60827,1,SF,1,100,85.0868
1709872344.899235,772820.000,60880,1,SF,1,100,86.1848
1709872345.232229,773153.000,60930,1,SF,1,100,87.2700
1709872345.632222,773553.000,60997,1,SF,1,100,86.2605
1709872345.899217,773820.000,61046,1,SF,1,100,85.2626
1709872346.232211,774153.000,61097,1,SF,1,100,86.3586
1709872346.632204,774553.000,61164,1,SF,1,100,87.4418
1709872346.965198,774886.000,61214,1,SF,1,100,86.4303
1709872347.232193,775153.000,61262,1,SF,1,100,85.4305
1709872347.565187,775486.000,61313,1,SF,1,100,86.5244
1709872347.965180,775886.000,61380,1,SF,1,100,87.6058
1709872348.232175,776153.000,61432,1,SF,1,100,88.6746
1709872348.565169,776486.000,61481,1,SF,1,100,87.6488
1709872348.898163,776819.000,61531,1,SF,1,100,88.7171
1709872349.298156,777219.000,61596,1,SF,1,100,87.6908
1709872349.632150,777553.000,61654,1,SF,1,100,86.6764
1709872349.965144,777886.000,61702,1,SF,1,100,85.6738
1709872350.232139,778153.000,61755,1,SF,1,100,86.7649
1709872350.565133,778486.000,61805,1,SF,1,100,85.7612
1709872350.965126,778886.000,61872,1,SF,1,100,86.8514
1709872351.298120,779219.000,61923,1,SF,1,100,87.9289
1709872351.565115,779486.000,61977,1,SF,1,100,88.9940
1709872351.898109,779819.000,62028,1,SF,1,100,90.0468
1709872352.298102,780219.000,62095,1,SF,1,100,91.0874
1709872352.565097,780486.000,62143,1,SF,1,100,90.0337
1709872352.898091,780819.000,62195,1,SF,1,100,91.0744
1709872353.231086,781152.000,62246,1,SF,1,100,92.1031
1709872353.565079,781486.000,62297,1,SF,1,100,91.0377
1709872353.898073,781819.000,62348,1,SF,1,100,92.0668
1709872354.231067,782152.000,62397,1,SF,1,100,91.0017
1709872354.631060,782552.000,62464,1,SF,1,100,92.0313
1709872354.965054,782886.000,62521,1,SF,1,100,93.0489
1709872355.298048,783219.000,62574,1,SF,1,100,94.0548
1709872355.565043,783486.000,62624,1,SF,1,100,92.9667
1709872355.898038,783819.000,62673,1,SF,1,100,91.8913
1709872356.298030,784219.000,62740,1,SF,1,100,92.9105
1709872356.631024,784552.000,62790,1,SF,1,100,93.9180
1709872356.898020,784819.000,62841,1,SF,1,100,92.8315
1709872357.231014,785152.000,62893,1,SF,1,100,93.8399
1709872357.631006,785552.000,62962,1,SF,1,100,94.8366
1709872357.898002,785819.000,63011,1,SF,1,100,93.7395
1709872358.230996,786152.000,63063,1,SF,1,100,94.7374
1709872358.563990,786485.000,63114,1,SF,1,100,95.7237
1709872358.963983,786885.000,63181,1,SF,1,100,96.6986
1709872359.296977,787218.000,63229,1,SF,1,100,95.5800
1709872359.563972,787485.000,63282,1,SF,1,100,96.5566
1709872359.896966,787818.000,63317,1,SF,1,100,95.4396
1709872360.296959,788218.000,63388,1,SF,1,100,98.5001
1709872360.630953,788552.000,63437,1,SF,1,100,97.3606
1709872360.896948,788818.000,63487,1,SF,1,100,96.2344
1709872361.230942,789152.000,63538,1,SF,1,100,97.2034
1709872361.630935,789552.000,63605,1,SF,1,100,98.1612
1709872361.896930,789818.000,63653,1,SF,1,100,97.0256
1709872362.229924,790151.000,63705,1,SF,1,100,97.9855
1709872362.563918,790485.000,63754,1,SF,1,100,96.8520
1709872362.896912,790818.000,63807,1,SF,1,100,97.8138
1709872363.296905,791218.000,63874,1,SF,1,100,98.7646
1709872363.563900,791485.000,63924,1,SF,1,100,97.6221
1709872363.896894,791818.000,63975,1,SF,1,100,98.5750
1709872364.296887,792218.000,64042,1,SF,1,100,99.5169
1709872364.629881,792551.000,64092,1,SF,1,100,100.4480
1709872364.963875,792885.000,64148,1,SF,1,100,101.3682
1709872365.296869,793218.000,64200,1,SF,1,100,102.2779
1709872365.563864,793485.000,64253,1,SF,1,100,103.1769
1709872365.896858,793818.000,64301,1,SF,1,100,101.9834
1709872366.296851,794218.000,64368,1,SF,1,100,102.8859
1709872366.629845,794551.000,64421,1,SF,1,100,103.7780
1709872366.896840,794818.000,64473,1,SF,1,100,104.6597
1709872367.229834,795151.000,64522,1,SF,1,100,103.4490
1709872367.562828,795484.000,64570,1,SF,1,100,102.2523
1709872367.962821,795884.000,64637,1,SF,1,100,103.1517
1709872368.229816,796151.000,64688,1,SF,1,100,101.9584
1709872368.562810,796484.000,64740,1,SF,1,100,102.8612
1709872368.962803,796884.000,64807,1,SF,1,100,103.7535
1709872369.429795,797351.000,64856,1,SF,1,100,102.5533
1709872369.629791,797551.000,64874,1,SF,1,100,101.3670
1709872369.895787,797817.000,64910,1,SF,1,100,102.2766
1709872370.295779,798217.000,64969,1,SF,1,100,103.1757
1709872370.629773,798551.000,65020,1,SF,1,100,104.0644
1709872370.895769,798817.000,65072,1,SF,1,100,104.9429
1709872371.229763,799151.000,65121,1,SF,1,100,103.7289
1709872371.629755,799551.000,65190,1,SF,1,100,104.6112
1709872371.895751,799817.000,65240,1,SF,1,100,103.4010
1709872372.228745,800150.000,65292,1,SF,1,100,104.2871
1709872372.562739,800484.000,65341,1,SF,1,100,103.0807
1709872372.962732,800884.000,65408,1,SF,1,100,103.9705
1709872373.228727,801150.000,65459,1,SF,1,100,102.7678
1709872373.562721,801484.000,65509,1,SF,1,100,103.6612
1709872373.962714,801884.000,42,1,SF,1,100,104.5443
1709872374.228709,802150.000,95,1,SF,1,100,105.4172
1709872374.562703,802484.000,145,1,SF,1,100,104.1977
1709872374.895697,802817.000,196,1,SF,1,100,105.0746
1709872375.228691,803150.000,254,1,SF,1,100,103.8591
1709872375.628684,803550.000,321,1,SF,1,100,102.6577
1709872375.895679,803817.000,371,1,SF,1,100,103.5524
1709872376.228673,804150.000,422,1,SF,1,100,102.3545
1709872376.561667,804483.000,472,1,SF,1,100,103.2527
1709872376.961660,804883.000,537,1,SF,1,100,102.0582
1709872377.228655,805150.000,588,1,SF,1,100,102.9599
1709872377.561649,805483.000,636,1,SF,1,100,101.7688
1709872377.961642,805883.000,704,1,SF,1,100,102.6738
1709872378.295636,806217.000,756,1,SF,1,100,103.5683
1709872378.561631,806483.000,806,1,SF,1,100,104.4525
1709872378.895625,806817.000,855,1,SF,1,100,103.2442
1709872379.294618,807216.000,922,1,SF,1,100,102.0498
1709872379.561613,807483.000,974,1,SF,1,100,102.9516
1709872379.894607,807816.000,1023,1,SF,1,100,101.7606
1709872380.228601,808150.000,1075,1,SF,1,100,104.7479
1709872380.561595,808483.000,1133,1,SF,1,100,103.5362
1709872380.961588,808883.000,1198,1,SF,1,100,102.3385
1709872381.228583,809150.000,1248,1,SF,1,100,103.2369
1709872381.561577,809483.000,1301,1,SF,1,100,104.1249
1709872381.961570,809883.000,1368,1,SF,1,100,102.9204
1709872382.228565,810150.000,1422,1,SF,1,100,105.8943
1709872382.561559,810483.000,1471,1,SF,1,100,104.6693
1709872382.894553,810816.000,1523,1,SF,1,100,105.5407
1709872383.294546,811216.000,1590,1,SF,1,100,106.4021
1709872383.561542,811483.000,1643,1,SF,1,100,105.1712
1709872383.894536,811816.000,1693,1,SF,1,100,106.0368
1709872384.294528,812216.000,1760,1,SF,1,100,104.8102
1709872384.627522,812549.000,1811,1,SF,1,100,105.6800
1709872384.894518,812816.000,1863,1,SF,1,100,104.4575
1709872385.227512,813149.000,1914,1,SF,1,100,105.3314
1709872385.627504,813549.000,1988,1,SF,1,100,106.1951
1709872385.894500,813816.000,2038,1,SF,1,100,107.0489
1709872386.227494,814149.000,2091,1,SF,1,100,107.8928
1709872386.560488,814482.000,2139,1,SF,1,100,106.6447
1709872386.960480,814882.000,2206,1,SF,1,100,107.4933
1709872387.227476,815149.000,2257,1,SF,1,100,108.3321
1709872387.560470,815482.000,2307,1,SF,1,100,109.1611
1709872387.960463,815882.000,2373,1,SF,1,100,107.8983
1709872388.227458,816149.000,2427,1,SF,1,100,108.7324
1709872388.560452,816482.000,2475,1,SF,1,100,107.4746
1709872388.894446,816816.000,2526,1,SF,1,100,108.3136
1709872389.293439,817215.000,2591,1,SF,1,100,107.0606
1709872389.560434,817482.000,2627,1,SF,1,100,105.8221
1709872389.960427,817882.000,2694,1,SF,1,100,106.6802
1709872390.227422,818149.000,2748,1,SF,1,100,107.5284
1709872390.627415,818549.000,2804,1,SF,1,100,106.2845
1709872390.893410,818815.000,2854,1,SF,1,100,105.0550
1709872391.227404,819149.000,2905,1,SF,1,100,105.9219
1709872391.560398,819482.000,2957,1,SF,1,100,106.7789
1709872391.960391,819882.000,3022,1,SF,1,100,105.5436
1709872392.227386,820149.000,3075,1,SF,1,100,106.4050
1709872392.560380,820482.000,3123,1,SF,1,100,105.1740
1709872392.960373,820882.000,3190,1,SF,1,100,106.0396
1709872393.293367,821215.000,3241,1,SF,1,100,106.8952
1709872393.560362,821482.000,3291,1,SF,1,100,105.6586
1709872393.893356,821815.000,3340,1,SF,1,100,104.4364
1709872394.293349,822215.000,3405,1,SF,1,100,103.2282
1709872394.560344,822482.000,3453,1,SF,1,100,102.0341
1709872394.893338,822815.000,3503,1,SF,1,100,100.8538
1709872395.226332,823148.000,3552,1,SF,1,100,99.6871
1709872395.626325,823548.000,3621,1,SF,1,100,100.6161
1709872395.893320,823815.000,3675,1,SF,1,100,99.4522
1709872396.226314,824148.000,3727,1,SF,1,100,100.3840
1709872396.626307,824548.000,3795,1,SF,1,100,101.3050
1709872396.893302,824815.000,3847,1,SF,1,100,100.1331
1709872397.226296,825148.000,3897,1,SF,1,100,101.0570
1709872397.559290,825481.000,3948,1,SF,1,100,99.8880
1709872397.959283,825881.000,4015,1,SF,1,100,100.8147
1709872398.226279,826148.000,4067,1,SF,1,100,101.7307
1709872398.559273,826481.000,4118,1,SF,1,100,100.5539
1709872398.959265,826881.000,4185,1,SF,1,100,101.4729
1709872399.292259,827214.000,4233,1,SF,1,100,100.2991
1709872399.559255,827481.000,4288,1,SF,1,100,103.3033
1709872399.892249,827814.000,4338,1,SF,1,100,104.1906
1709872400.292241,828214.000,4405,1,SF,1,100,102.9853
1709872400.559237,828481.000,4456,1,SF,1,100,103.8762
1709872400.959229,828881.000,4514,1,SF,1,100,104.7568
1709872401.226225,829148.000,4564,1,SF,1,100,105.6272
1709872401.559219,829481.000,4615,1,SF,1,100,106.4876
1709872401.959212,829881.000,4681,1,SF,1,100,105.2557
1709872402.292206,830214.000,4732,1,SF,1,100,106.1204
1709872402.559201,830481.000,4781,1,SF,1,100,104.8928
1709872402.892195,830814.000,4831,1,SF,1,100,105.7616
1709872403.292188,831214.000,4896,1,SF,1,100,104.5381
1709872403.559183,831481.000,4949,1,SF,1,100,105.4111
1709872403.892177,831814.000,4997,1,SF,1,100,104.1917
1709872404.292170,832214.000,5064,1,SF,1,100,105.0686
1709872404.625164,832547.000,5115,1,SF,1,100,105.9354
1709872404.892159,832814.000,5165,1,SF,1,100,104.7100
1709872405.225153,833147.000,5216,1,SF,1,100,105.5809
1709872405.625146,833547.000,5287,1,SF,1,100,108.5241
1709872405.958140,833880.000,5342,1,SF,1,100,109.3509
1709872406.225135,834147.000,5393,1,SF,1,100,108.0859
1709872406.558129,834480.000,5443,1,SF,1,100,108.9178
1709872406.958122,834880.000,5510,1,SF,1,100,109.7401
1709872407.225117,835147.000,5559,1,SF,1,100,108.4706
1709872407.558111,835480.000,5609,1,SF,1,100,109.2981
1709872407.958104,835880.000,5675,1,SF,1,100,108.0337
1709872408.292098,836214.000,5727,1,SF,1,100,108.8662
1709872408.558093,836480.000,5777,1,SF,1,100,109.6891
1709872408.891087,836813.000,5826,1,SF,1,100,108.4202
1709872409.291080,837213.000,5893,1,SF,1,100,109.2483
1709872409.558075,837480.000,5945,1,SF,1,100,110.0667
1709872409.891069,837813.000,5994,1,SF,1,100,108.7935
1709872410.291062,838213.000,6063,1,SF,1,100,109.6172
1709872410.625056,838547.000,6111,1,SF,1,100,108.3491
1709872410.891051,838813.000,6164,1,SF,1,100,109.1780
1709872411.291044,839213.000,6215,1,SF,1,100,107.9150
1709872411.558039,839480.000,6266,1,SF,1,100,108.7489
1709872411.891033,839813.000,6317,1,SF,1,100,109.5731
1709872412.224027,840146.000,6369,1,SF,1,100,112.4701
1709872412.625020,840547.000,6436,1,SF,1,100,113.2513
1709872412.891016,840813.000,6489,1,SF,1,100,114.0234
1709872413.224010,841146.000,6537,1,SF,1,100,112.7044
1709872413.624002,841546.000,6604,1,SF,1,100,113.4829
1709872413.957996,841880.000,6655,1,SF,1,100,114.2524
1709872414.223992,842146.000,6705,1,SF,1,100,112.9307
1709872414.557986,842480.000,6754,1,SF,1,100,111.6243
1709872414.957978,842880.000,6819,1,SF,1,100,110.3330
1709872415.223974,843146.000,6869,1,SF,1,100,111.1389
1709872415.557968,843480.000,6920,1,SF,1,100,109.8533
1709872415.957961,843880.000,6986,1,SF,1,100,108.5825
1709872416.223956,844146.000,7022,1,SF,1,100,107.3264
1709872416.623949,844546.000,7091,1,SF,1,100,108.1671
1709872416.956943,844879.000,7143,1,SF,1,100,108.9981
1709872417.223938,845146.000,7192,1,SF,1,100,107.7372
1709872417.556932,845479.000,7242,1,SF,1,100,108.5731
1709872417.956925,845879.000,7309,1,SF,1,100,107.3171
1709872418.223920,846146.000,7360,1,SF,1,100,106.0757
1709872418.556914,846479.000,7410,1,SF,1,100,106.9308
1709872418.889908,846812.000,7461,1,SF,1,100,107.7761
1709872419.289901,847212.000,7528,1,SF,1,100,106.5294
1709872419.556896,847479.000,7580,1,SF,1,100,107.3793
1709872419.889890,847812.000,7629,1,SF,1,100,106.1371
1709872420.289883,848212.000,7700,1,SF,1,100,109.0738
1709872420.556878,848479.000,7750,1,SF,1,100,109.8943
1709872420.889872,848812.000,7801,1,SF,1,100,108.6230
1709872421.223866,849146.000,7849,1,SF,1,100,107.3665
1709872421.623859,849546.000,7923,1,SF,1,100,108.2067
1709872421.889854,849812.000,7976,1,SF,1,100,111.1195
1709872422.222848,850145.000,8024,1,SF,1,100,109.8340
1709872422.623841,850546.000,8092,1,SF,1,100,110.6457
1709872422.956835,850879.000,8142,1,SF,1,100,109.3657
1709872423.222830,851145.000,8192,1,SF,1,100,110.1828
1709872423.556824,851479.000,8243,1,SF,1,100,110.9905
1709872423.956817,851879.000,8310,1,SF,1,100,111.7888
1709872424.222812,852145.000,8362,1,SF,1,100,112.5779
1709872424.556806,852479.000,8412,1,SF,1,100,111.2756
1709872424.889800,852812.000,8463,1,SF,1,100,112.0706
1709872425.222794,853145.000,8513,1,SF,1,100,110.7741
1709872425.622787,853545.000,8584,1,SF,1,100,113.6572
1709872425.889782,853812.000,8634,1,SF,1,100,112.3424
1709872426.222776,854145.000,8685,1,SF,1,100,113.1251
1709872426.555770,854478.000,8744,1,SF,1,100,113.8987
1709872426.955763,854878.000,8813,1,SF,1,100,116.7456
1709872427.289757,855212.000,8864,1,SF,1,100,117.4773
1709872427.555753,855478.000,8916,1,SF,1,100,118.2006
1709872427.889746,855812.000,8967,1,SF,1,100,118.9155
1709872428.289739,856212.000,9034,1,SF,1,100,119.6221
1709872428.555735,856478.000,9082,1,SF,1,100,118.2383
1709872428.889729,856812.000,9133,1,SF,1,100,118.9528
1709872429.288721,857211.000,9199,1,SF,1,100,117.5767
1709872429.622715,857545.000,9250,1,SF,1,100,118.2988
1709872429.888711,857811.000,9301,1,SF,1,100,119.0126
1709872430.222705,858145.000,9353,1,SF,1,100,119.7181
1709872430.622698,858545.000,9422,1,SF,1,100,120.4154
1709872430.888693,858811.000,9475,1,SF,1,100,121.1047
1709872431.222687,859145.000,9525,1,SF,1,100,121.7860
1709872431.555681,859478.000,9579,1,SF,1,100,122.4594
1709872431.888675,859811.000,9630,1,SF,1,100,123.1251
1709872432.222669,860145.000,9681,1,SF,1,100,123.7830
1709872432.622662,860545.000,9748,1,SF,1,100,124.4333
1709872432.888657,860811.000,9800,1,SF,1,100,125.0761
1709872433.221651,861144.000,9853,1,SF,1,100,125.7115
1709872433.621644,861544.000,9918,1,SF,1,100,124.2573
1709872433.955638,861878.000,9968,1,SF,1,100,124.9021
1709872434.221633,862144.000,10021,1,SF,1,100,125.5395
1709872434.555627,862478.000,10071,1,SF,1,100,126.1695
1709872434.955620,862878.000,10138,1,SF,1,100,126.7922
1709872435.221615,863144.000,10187,1,SF,1,100,125.3255
1709872435.555609,863478.000,10239,1,SF,1,100,125.9579
1709872435.955602,863878.000,10307,1,SF,1,100,126.5831
1709872436.288596,864211.000,10361,1,SF,1,100,127.2010
1709872436.554591,864477.000,10411,1,SF,1,100,127.8118
1709872436.888585,864811.000,10468,1,SF,1,100,126.3333
1709872437.221579,865144.000,10519,1,SF,1,100,126.9541
1709872437.621572,865544.000,10584,1,SF,1,100,125.4855
1709872437.888567,865811.000,10633,1,SF,1,100,124.0338
1709872438.221561,866144.000,10685,1,SF,1,100,126.7635
1709872438.621554,866544.000,10750,1,SF,1,100,125.2971
1709872438.888549,866811.000,10801,1,SF,1,100,123.8477
1709872439.221543,867144.000,10853,1,SF,1,100,124.4972
1709872439.554537,867477.000,10902,1,SF,1,100,123.0570
1709872439.954530,867877.000,10969,1,SF,1,100,123.7158
1709872440.221525,868144.000,11019,1,SF,1,100,122.2846
1709872440.554519,868477.000,11070,1,SF,1,100,120.8700
1709872440.954512,868877.000,11135,1,SF,1,100,119.4718
1709872441.287506,869210.000,11183,1,SF,1,100,118.0897
1709872441.554502,869477.000,11236,1,SF,1,100,118.8059
1709872441.887496,869810.000,11291,1,SF,1,100,119.5138
1709872442.287488,870210.000,11358,1,SF,1,100,120.2135
1709872442.554483,870477.000,11409,1,SF,1,100,120.9051
1709872442.887478,870810.000,11461,1,SF,1,100,123.6710
1709872443.287470,871210.000,11530,1,SF,1,100,124.3226
1709872443.620464,871543.000,11579,1,SF,1,100,122.8844
1709872443.887460,871810.000,11629,1,SF,1,100,123.5452
1709872444.220454,872143.000,11680,1,SF,1,100,124.1982
1709872444.620446,872543.000,11745,1,SF,1,100,122.7615
1709872444.887442,872810.000,11797,1,SF,1,100,123.4236
1709872445.220436,873143.000,11846,1,SF,1,100,121.9959
1709872445.554430,873477.000,11898,1,SF,1,100,122.6669
1709872445.953423,873876.000,11965,1,SF,1,100,123.3301
1709872446.220418,874143.000,12018,1,SF,1,100,123.9857
1709872446.553412,874476.000,12068,1,SF,1,100,124.6336
1709872446.953405,874876.000,12138,1,SF,1,100,123.1919
1709872447.287399,875210.000,12187,1,SF,1,100,121.7668
1709872447.553394,875476.000,12239,1,SF,1,100,122.4404
1709872447.887388,875810.000,12288,1,SF,1,100,121.0240
1709872448.287381,876210.000,12357,1,SF,1,100,121.7063
1709872448.553376,876476.000,12405,1,SF,1,100,120.2983
1709872448.887370,876810.000,12458,1,SF,1,100,123.0712
1709872449.220364,877143.000,12508,1,SF,1,100,121.6475
1709872449.620357,877543.000,12577,1,SF,1,100,122.3226
1709872449.887352,877810.000,12626,1,SF,1,100,120.9075
1709872450.220346,878143.000,12674,1,SF,1,100,119.5089
1709872450.620339,878543.000,12741,1,SF,1,100,118.1264
1709872450.886334,878809.000,12794,1,SF,1,100,118.8421
1709872451.220328,879143.000,12844,1,SF,1,100,119.5496
1709872451.553322,879476.000,12895,1,SF,1,100,120.2489
1709872451.953315,879876.000,12967,1,SF,1,100,120.9401
1709872452.286309,880209.000,13020,1,SF,1,100,121.6233
1709872452.553304,880476.000,13068,1,SF,1,100,120.2164
1709872452.886298,880809.000,13119,1,SF,1,100,118.8257
1709872453.219292,881142.000,13169,1,SF,1,100,119.5334
1709872453.619285,881542.000,13236,1,SF,1,100,120.2329
1709872453.886280,881809.000,13287,1,SF,1,100,120.9243
1709872454.219274,882142.000,13340,1,SF,1,100,123.6899
1709872454.553268,882476.000,13390,1,SF,1,100,122.2591
1709872454.953261,882876.000,13457,1,SF,1,100,122.9270
1709872455.219256,883142.000,13507,1,SF,1,100,123.5872
1709872455.552250,883475.000,13558,1,SF,1,100,122.1576
1709872455.952243,883875.000,13623,1,SF,1,100,120.7444
1709872456.219239,884142.000,13675,1,SF,1,100,121.4299
1709872456.552233,884475.000,13724,1,SF,1,100,120.0252
1709872456.886226,884809.000,13774,1,SF,1,100,120.7190
1709872457.219220,885142.000,13828,1,SF,1,100,119.3225
1709872457.552215,885475.000,13879,1,SF,1,100,120.0244
1709872457.952207,885875.000,13947,1,SF,1,100,120.7182
1709872458.286201,886209.000,13998,1,SF,1,100,121.4040
1709872458.552197,886475.000,14049,1,SF,1,100,122.0819
1709872458.885191,886808.000,14099,1,SF,1,100,122.7519
1709872459.285183,887208.000,14164,1,SF,1,100,121.3319
1709872459.552179,887475.000,14198,1,SF,1,100,119.9283
1709872459.885173,887808.000,14249,1,SF,1,100,118.5409
1709872460.285166,888208.000,14318,1,SF,1,100,119.2519
1709872460.552161,888475.000,14366,1,SF,1,100,117.8724
1709872460.885155,888808.000,14417,1,SF,1,100,116.5088
1709872461.285148,889208.000,14484,1,SF,1,100,117.2433
1709872461.552143,889475.000,14536,1,SF,1,100,117.9693
1709872461.885137,889808.000,14585,1,SF,1,100,116.6046
1709872462.285130,890208.000,14641,1,SF,1,100,117.3380
1709872462.552125,890475.000,14689,1,SF,1,100,115.9806
1709872462.885119,890808.000,14742,1,SF,1,100,118.8034
1709872463.285112,891208.000,14807,1,SF,1,100,117.4291
1709872463.552107,891475.000,14861,1,SF,1,100,118.1529
1709872463.885101,891808.000,14910,1,SF,1,100,116.7861
1709872464.218095,892141.000,14958,1,SF,1,100,115.4351
1709872464.618088,892541.000,15025,1,SF,1,100,116.1820
1709872464.885083,892808.000,15076,1,SF,1,100,114.8380
1709872465.218077,893141.000,15126,1,SF,1,100,115.5918
1709872465.618070,893541.000,15197,1,SF,1,100,118.4191
1709872465.951064,893874.000,15248,1,SF,1,100,119.1315
1709872466.218059,894141.000,15298,1,SF,1,100,117.7534
1709872466.551053,894474.000,15347,1,SF,1,100,116.3912
1709872466.951046,894874.000,15414,1,SF,1,100,117.1270
1709872467.351039,895274.000,15470,1,SF,1,100,115.7721
1709872467.551035,895474.000,15506,1,SF,1,100,116.5151
1709872467.885029,895808.000,15556,1,SF,1,100,117.2495
1709872468.285022,896208.000,15623,1,SF,1,100,117.9754
1709872468.551017,896474.000,15674,1,SF,1,100,118.6929
1709872468.885011,896808.000,15724,1,SF,1,100,117.3199
1709872469.284004,897207.000,15792,1,SF,1,100,118.0449
1709872469.617998,897541.000,15844,1,SF,1,100,118.7616
1709872469.883993,897807.000,15892,1,SF,1,100,117.3878
1709872470.217987,898141.000,15943,1,SF,1,100,118.1121
1709872470.617980,898541.000,16012,1,SF,1,100,118.8280
1709872470.883976,898807.000,16062,1,SF,1,100,117.4534
1709872471.217969,899141.000,16113,1,SF,1,100,118.1770
1709872471.617962,899541.000,16182,1,SF,1,100,120.9744
1709872471.950956,899874.000,16232,1,SF,1,100,121.6572
1709872472.217952,900141.000,16283,1,SF,1,100,120.2499
1709872472.550946,900474.000,16336,1,SF,1,100,118.8588
1709872472.950938,900874.000,16403,1,SF,1,100,119.5661
1709872473.216934,901140.000,16452,1,SF,1,100,118.1829
1709872473.550928,901474.000,16503,1,SF,1,100,118.8980
1709872473.883922,901807.000,16555,1,SF,1,100,119.6049
1709872474.283915,902207.000,16622,1,SF,1,100,120.3035
1709872474.550910,902474.000,16672,1,SF,1,100,120.9941
1709872474.883904,902807.000,16721,1,SF,1,100,119.5944
1709872475.283896,903207.000,16790,1,SF,1,100,120.2932
1709872475.550892,903474.000,16842,1,SF,1,100,120.9839
1709872475.883886,903807.000,16891,1,SF,1,100,119.5844
1709872476.216880,904140.000,16943,1,SF,1,100,122.3655
1709872476.616873,904540.000,17010,1,SF,1,100,123.0322
1709872476.883868,904807.000,17063,1,SF,1,100,123.6912
1709872477.216862,905140.000,17113,1,SF,1,100,122.2603
1709872477.549856,905473.000,17167,1,SF,1,100,122.9283
1709872477.883850,905807.000,17219,1,SF,1,100,123.5885
1709872478.216844,906140.000,17267,1,SF,1,100,122.1588
1709872478.616837,906540.000,17334,1,SF,1,100,122.8279
1709872478.883832,906807.000,17387,1,SF,1,100,123.4893
1709872479.216826,907140.000,17435,1,SF,1,100,122.0608
1709872479.616819,907540.000,17504,1,SF,1,100,124.8133
1709872479.949813,907873.000,17553,1,SF,1,100,123.3694
1709872480.216808,908140.000,17603,1,SF,1,100,121.9423
1709872480.549802,908473.000,17656,1,SF,1,100,122.6139
1709872480.949795,908873.000,17723,1,SF,1,100,123.2777
1709872481.216790,909140.000,17771,1,SF,1,100,121.8516
1709872481.549784,909473.000,17822,1,SF,1,100,122.5243
