LocalTimestamp,EmotiBitTimestamp,PacketNumber,DataLength,TypeTag,ProtocolVersion,DataReliability,EL
1701221177.858433,2335111.000,55973,2,EL,1,100,25977.199219
1701221177.858433,2335111.000,55973,2,EL,1,100,25943.599609
1701221177.924419,2335177.000,55992,1,EL,1,100,25991.199219
1701221177.991406,2335244.000,56006,2,EL,1,100,26003.800781
1701221178.058393,2335311.000,56006,2,EL,1,100,25993.400391
1701221178.124380,2335377.000,56023,1,EL,1,100,25986.199219
1701221178.191366,2335444.000,56040,2,EL,1,100,26010.000000
1701221178.258353,2335511.000,56040,2,EL,1,100,25998.800781
1701221178.324340,2335577.000,56057,1,EL,1,100,25993.599609
1701221178.391326,2335644.000,56072,2,EL,1,100,25972.800781
1701221178.458313,2335711.000,56072,2,EL,1,100,25982.599609
1701221178.524800,2335777.500,56089,2,EL,1,100,25973.800781
1701221178.591286,2335844.000,56089,2,EL,1,100,25994.800781
1701221178.658273,2335911.000,56105,1,EL,1,100,25992.400391
1701221178.724760,2335977.500,56122,2,EL,1,100,25963.199219
1701221178.791246,2336044.000,56122,2,EL,1,100,26013.800781
1701221178.858233,2336111.000,56139,1,EL,1,100,25996.000000
1701221178.924720,2336177.500,56154,2,EL,1,100,25997.000000
1701221178.991206,2336244.000,56154,2,EL,1,100,26002.000000
1701221179.058193,2336311.000,56170,1,EL,1,100,25993.199219
1701221179.124680,2336377.500,56188,2,EL,1,100,26001.400391
1701221179.191166,2336444.000,56188,2,EL,1,100,25990.800781
1701221179.258153,2336511.000,56204,1,EL,1,100,25988.199219
1701221179.324640,2336577.500,56219,2,EL,1,100,25995.400391
1701221179.391126,2336644.000,56219,2,EL,1,100,25987.800781
1701221179.458113,2336711.000,56235,1,EL,1,100,25991.000000
1701221179.524600,2336777.500,56253,2,EL,1,100,25995.800781
1701221179.591087,2336844.000,56253,2,EL,1,100,25987.599609
1701221179.658073,2336911.000,56269,1,EL,1,100,25987.000000
1701221179.724560,2336977.500,56284,2,EL,1,100,25994.599609
1701221179.791047,2337044.000,56284,2,EL,1,100,25984.400391
1701221179.857533,2337110.500,56304,2,EL,1,100,25983.599609
1701221179.924020,2337177.000,56304,2,EL,1,100,25989.800781
1701221179.991007,2337244.000,56321,1,EL,1,100,25995.400391
1701221180.057493,2337310.500,56337,2,EL,1,100,25964.400391
1701221180.123980,2337377.000,56337,2,EL,1,100,25970.400391
1701221180.190967,2337444.000,56355,1,EL,1,100,25987.400391
1701221180.257453,2337510.500,56370,2,EL,1,100,25962.400391
1701221180.323940,2337577.000,56370,2,EL,1,100,25981.199219
1701221180.390927,2337644.000,56386,1,EL,1,100,25983.199219
1701221180.457413,2337710.500,56403,2,EL,1,100,25982.800781
1701221180.523900,2337777.000,56403,2,EL,1,100,25982.000000
1701221180.590387,2337843.500,56420,2,EL,1,100,25971.400391
1701221180.656874,2337910.000,56420,2,EL,1,100,25978.800781
1701221180.723860,2337977.000,56436,1,EL,1,100,25972.000000
1701221180.790347,2338043.500,56452,2,EL,1,100,25959.599609
1701221180.856834,2338110.000,56452,2,EL,1,100,25979.199219
1701221180.923820,2338177.000,56468,1,EL,1,100,25966.199219
1701221180.990307,2338243.500,56485,2,EL,1,100,25975.800781
1701221181.056794,2338310.000,56485,2,EL,1,100,25976.800781
1701221181.123780,2338377.000,56501,1,EL,1,100,25970.599609
1701221181.190267,2338443.500,56517,2,EL,1,100,25977.000000
1701221181.256754,2338510.000,56517,2,EL,1,100,25958.400391
1701221181.323740,2338577.000,56533,1,EL,1,100,25949.000000
1701221181.390227,2338643.500,56554,2,EL,1,100,25961.400391
1701221181.456714,2338710.000,56554,2,EL,1,100,25966.599609
1701221181.523700,2338777.000,56571,1,EL,1,100,25964.199219
1701221181.590187,2338843.500,56586,2,EL,1,100,25946.199219
1701221181.656674,2338910.000,56586,2,EL,1,100,25948.800781
1701221181.723660,2338977.000,56602,1,EL,1,100,25950.000000
1701221181.790147,2339043.500,56620,2,EL,1,100,25969.800781
1701221181.856634,2339110.000,56620,2,EL,1,100,25966.199219
1701221181.923621,2339177.000,56636,1,EL,1,100,25956.400391
1701221181.990107,2339243.500,56653,2,EL,1,100,25960.400391
1701221182.056594,2339310.000,56653,2,EL,1,100,25963.800781
1701221182.123581,2339377.000,56669,1,EL,1,100,25959.800781
1701221182.190067,2339443.500,56687,2,EL,1,100,25986.400391
1701221182.256554,2339510.000,56687,2,EL,1,100,25970.000000
1701221182.323541,2339577.000,56703,1,EL,1,100,25972.400391
1701221182.390028,2339643.500,56719,2,EL,1,100,25965.000000
1701221182.456514,2339710.000,56719,2,EL,1,100,25956.800781
1701221182.523501,2339777.000,56735,1,EL,1,100,25969.599609
1701221182.589988,2339843.500,56752,2,EL,1,100,25969.000000
1701221182.656474,2339910.000,56752,2,EL,1,100,25954.800781
1701221182.722961,2339976.500,56768,2,EL,1,100,25962.000000
1701221182.789448,2340043.000,56768,2,EL,1,100,25964.400391
1701221182.856434,2340110.000,56786,1,EL,1,100,25953.199219
1701221182.922921,2340176.500,56802,2,EL,1,100,25961.199219
1701221182.989408,2340243.000,56802,2,EL,1,100,25948.400391
1701221183.056394,2340310.000,56819,1,EL,1,100,25947.800781
1701221183.122881,2340376.500,56838,2,EL,1,100,25961.000000
1701221183.189368,2340443.000,56838,2,EL,1,100,25962.800781
1701221183.256354,2340510.000,56855,1,EL,1,100,25947.599609
1701221183.322841,2340576.500,56869,2,EL,1,100,25949.199219
1701221183.389328,2340643.000,56869,2,EL,1,100,25941.199219
1701221183.456314,2340710.000,56886,1,EL,1,100,25943.000000
1701221183.522801,2340776.500,56905,2,EL,1,100,25956.400391
1701221183.589288,2340843.000,56905,2,EL,1,100,25948.199219
1701221183.656275,2340910.000,56922,1,EL,1,100,25954.400391
1701221183.722761,2340976.500,56936,2,EL,1,100,25947.000000
1701221183.789248,2341043.000,56936,2,EL,1,100,25954.800781
1701221183.856235,2341110.000,56954,1,EL,1,100,25957.800781
1701221183.922721,2341176.500,56970,2,EL,1,100,25959.599609
1701221183.989208,2341243.000,56970,2,EL,1,100,25951.000000
1701221184.056195,2341310.000,56987,1,EL,1,100,25947.400391
1701221184.122681,2341376.500,57002,2,EL,1,100,25941.400391
1701221184.189168,2341443.000,57002,2,EL,1,100,25934.800781
1701221184.256155,2341510.000,57019,1,EL,1,100,25951.000000
1701221184.322641,2341576.500,57035,2,EL,1,100,25952.599609
1701221184.389128,2341643.000,57035,2,EL,1,100,25944.599609
1701221184.456115,2341710.000,57052,1,EL,1,100,25951.000000
1701221184.522601,2341776.500,57068,2,EL,1,100,25948.800781
1701221184.589088,2341843.000,57068,2,EL,1,100,25947.199219
1701221184.656075,2341910.000,57084,1,EL,1,100,25953.800781
1701221184.722561,2341976.500,57100,2,EL,1,100,25943.199219
1701221184.789048,2342043.000,57100,2,EL,1,100,25944.000000
1701221184.856035,2342110.000,57118,2,EL,1,100,25940.400391
1701221184.923021,2342177.000,57118,2,EL,1,100,25945.400391
1701221184.989508,2342243.500,57142,2,EL,1,100,25940.599609
1701221185.055995,2342310.000,57142,2,EL,1,100,25951.000000
1701221185.122982,2342377.000,57158,1,EL,1,100,25936.199219
1701221185.189468,2342443.500,57174,2,EL,1,100,25936.400391
1701221185.255955,2342510.000,57174,2,EL,1,100,25931.400391
1701221185.322942,2342577.000,57190,1,EL,1,100,25920.800781
1701221185.389428,2342643.500,57207,2,EL,1,100,25923.599609
1701221185.455915,2342710.000,57207,2,EL,1,100,25915.400391
1701221185.522902,2342777.000,57226,1,EL,1,100,25924.199219
1701221185.589388,2342843.500,57242,2,EL,1,100,25926.199219
1701221185.655875,2342910.000,57242,2,EL,1,100,25937.599609
1701221185.722862,2342977.000,57257,1,EL,1,100,25937.199219
1701221185.789348,2343043.500,57277,2,EL,1,100,25927.000000
1701221185.855835,2343110.000,57277,2,EL,1,100,25918.199219
1701221185.922822,2343177.000,57293,1,EL,1,100,25901.599609
1701221185.989308,2343243.500,57311,2,EL,1,100,25901.000000
1701221186.055795,2343310.000,57311,2,EL,1,100,25922.000000
1701221186.122282,2343376.500,57329,2,EL,1,100,25947.400391
1701221186.188769,2343443.000,57329,2,EL,1,100,25918.400391
1701221186.255755,2343510.000,57346,1,EL,1,100,25926.000000
1701221186.322242,2343576.500,57362,2,EL,1,100,25937.599609
1701221186.388729,2343643.000,57362,2,EL,1,100,25922.000000
1701221186.455715,2343710.000,57379,1,EL,1,100,25924.800781
1701221186.522202,2343776.500,57394,2,EL,1,100,25926.000000
1701221186.588689,2343843.000,57394,2,EL,1,100,25919.199219
1701221186.655675,2343910.000,57411,1,EL,1,100,25930.800781
1701221186.722162,2343976.500,57427,2,EL,1,100,25925.599609
1701221186.788649,2344043.000,57427,2,EL,1,100,25917.400391
1701221186.855635,2344110.000,57445,1,EL,1,100,25923.599609
1701221186.922122,2344176.500,57459,2,EL,1,100,25931.199219
1701221186.988609,2344243.000,57459,2,EL,1,100,25913.199219
1701221187.055595,2344310.000,57476,1,EL,1,100,25930.400391
1701221187.122082,2344376.500,57493,2,EL,1,100,25922.000000
1701221187.188569,2344443.000,57493,2,EL,1,100,25916.599609
1701221187.255555,2344510.000,57510,1,EL,1,100,25929.800781
1701221187.322042,2344576.500,57524,2,EL,1,100,25921.800781
1701221187.388529,2344643.000,57524,2,EL,1,100,25909.400391
1701221187.455516,2344710.000,57543,1,EL,1,100,25922.199219
1701221187.522002,2344776.500,57560,2,EL,1,100,25923.400391
1701221187.588489,2344843.000,57560,2,EL,1,100,25921.800781
1701221187.655476,2344910.000,57577,1,EL,1,100,25918.400391
1701221187.721962,2344976.500,57592,2,EL,1,100,25903.000000
1701221187.788449,2345043.000,57592,2,EL,1,100,25914.199219
1701221187.855436,2345110.000,57609,1,EL,1,100,25914.199219
1701221187.921922,2345176.500,57627,2,EL,1,100,25920.400391
1701221187.988409,2345243.000,57627,2,EL,1,100,25904.199219
1701221188.054896,2345309.500,57644,2,EL,1,100,25917.000000
1701221188.121382,2345376.000,57644,2,EL,1,100,25923.199219
1701221188.188369,2345443.000,57661,1,EL,1,100,25918.599609
1701221188.254856,2345509.500,57676,2,EL,1,100,25911.400391
1701221188.321342,2345576.000,57676,2,EL,1,100,25922.599609
1701221188.388329,2345643.000,57692,1,EL,1,100,25921.199219
1701221188.454816,2345709.500,57710,2,EL,1,100,25928.000000
1701221188.521303,2345776.000,57710,2,EL,1,100,25913.599609
1701221188.588289,2345843.000,57728,1,EL,1,100,25919.599609
1701221188.654776,2345909.500,57743,2,EL,1,100,25922.800781
1701221188.721263,2345976.000,57743,2,EL,1,100,25909.599609
1701221188.788249,2346043.000,57759,1,EL,1,100,25911.800781
1701221188.854736,2346109.500,57777,2,EL,1,100,25918.199219
1701221188.921223,2346176.000,57777,2,EL,1,100,25900.800781
1701221188.988209,2346243.000,57793,1,EL,1,100,25915.599609
1701221189.054696,2346309.500,57808,2,EL,1,100,25920.199219
1701221189.121183,2346376.000,57808,2,EL,1,100,25904.800781
1701221189.188169,2346443.000,57825,1,EL,1,100,25906.400391
1701221189.254656,2346509.500,57842,2,EL,1,100,25915.599609
1701221189.321143,2346576.000,57842,2,EL,1,100,25899.199219
1701221189.388129,2346643.000,57858,1,EL,1,100,25895.400391
1701221189.454616,2346709.500,57876,2,EL,1,100,25907.400391
1701221189.521103,2346776.000,57876,2,EL,1,100,25901.599609
1701221189.588089,2346843.000,57892,1,EL,1,100,25907.199219
1701221189.654576,2346909.500,57909,2,EL,1,100,25907.400391
1701221189.721063,2346976.000,57909,2,EL,1,100,25896.800781
1701221189.788049,2347043.000,57925,1,EL,1,100,25903.199219
1701221189.854536,2347109.500,57942,2,EL,1,100,25903.400391
1701221189.921023,2347176.000,57942,2,EL,1,100,25897.400391
1701221189.988010,2347243.000,57957,1,EL,1,100,25878.800781
1701221190.054663,2347309.667,57980,3,EL,1,100,25884.800781
1701221190.121316,2347376.333,57980,3,EL,1,100,25885.000000
1701221190.187970,2347443.000,57980,3,EL,1,100,25888.000000
1701221190.253957,2347509.000,57996,1,EL,1,100,25866.400391
1701221190.320943,2347576.000,58013,2,EL,1,100,25878.400391
1701221190.387930,2347643.000,58013,2,EL,1,100,25811.400391
1701221190.453917,2347709.000,58029,1,EL,1,100,25854.599609
1701221190.520903,2347776.000,58045,2,EL,1,100,25872.400391
1701221190.587890,2347843.000,58045,2,EL,1,100,25822.800781
1701221190.653877,2347909.000,58061,1,EL,1,100,25825.599609
1701221190.720863,2347976.000,58080,2,EL,1,100,25872.800781
1701221190.787850,2348043.000,58080,2,EL,1,100,25882.000000
1701221190.853837,2348109.000,58097,1,EL,1,100,25886.199219
1701221190.920823,2348176.000,58112,2,EL,1,100,25886.000000
1701221190.987810,2348243.000,58112,2,EL,1,100,25883.400391
1701221191.053797,2348309.000,58128,1,EL,1,100,25890.000000
1701221191.120783,2348376.000,58146,2,EL,1,100,25862.400391
1701221191.187770,2348443.000,58146,2,EL,1,100,25905.599609
1701221191.253757,2348509.000,58162,1,EL,1,100,25903.599609
1701221191.320743,2348576.000,58177,2,EL,1,100,25879.800781
1701221191.387730,2348643.000,58177,2,EL,1,100,25903.800781
1701221191.453717,2348709.000,58193,1,EL,1,100,25910.800781
1701221191.520704,2348776.000,58211,2,EL,1,100,25897.199219
1701221191.587690,2348843.000,58211,2,EL,1,100,25892.199219
1701221191.653677,2348909.000,58227,1,EL,1,100,25891.000000
1701221191.720664,2348976.000,58242,2,EL,1,100,25899.000000
1701221191.787650,2349043.000,58242,2,EL,1,100,25884.599609
1701221191.853637,2349109.000,58259,1,EL,1,100,25890.199219
1701221191.920624,2349176.000,58276,2,EL,1,100,25884.400391
1701221191.987610,2349243.000,58276,2,EL,1,100,25884.400391
1701221192.054097,2349309.500,58292,2,EL,1,100,25883.599609
1701221192.120584,2349376.000,58292,2,EL,1,100,25832.199219
1701221192.187570,2349443.000,58310,1,EL,1,100,25793.599609
1701221192.254057,2349509.500,58327,2,EL,1,100,25895.199219
1701221192.320544,2349576.000,58327,2,EL,1,100,25885.800781
1701221192.387030,2349642.500,58345,2,EL,1,100,25855.199219
1701221192.453517,2349709.000,58345,2,EL,1,100,25915.000000
1701221192.520504,2349776.000,58362,1,EL,1,100,25889.800781
1701221192.586990,2349842.500,58379,2,EL,1,100,25899.199219
1701221192.653477,2349909.000,58379,2,EL,1,100,25879.199219
1701221192.720464,2349976.000,58395,1,EL,1,100,25888.599609
1701221192.786951,2350042.500,58411,2,EL,1,100,25890.400391
1701221192.853437,2350109.000,58411,2,EL,1,100,25885.599609
1701221192.920424,2350176.000,58429,1,EL,1,100,25879.599609
1701221192.986911,2350242.500,58446,2,EL,1,100,25885.800781
1701221193.053397,2350309.000,58446,2,EL,1,100,25864.000000
1701221193.120384,2350376.000,58462,1,EL,1,100,25883.800781
1701221193.186871,2350442.500,58478,2,EL,1,100,25888.400391
1701221193.253357,2350509.000,58478,2,EL,1,100,25854.000000
1701221193.320344,2350576.000,58494,1,EL,1,100,25886.599609
1701221193.386831,2350642.500,58511,2,EL,1,100,25873.599609
1701221193.453317,2350709.000,58511,2,EL,1,100,25869.199219
1701221193.520304,2350776.000,58528,1,EL,1,100,25873.599609
1701221193.586791,2350842.500,58543,2,EL,1,100,25882.199219
1701221193.653277,2350909.000,58543,2,EL,1,100,25862.199219
1701221193.720264,2350976.000,58559,1,EL,1,100,25878.800781
1701221193.786751,2351042.500,58577,2,EL,1,100,25871.000000
1701221193.853237,2351109.000,58577,2,EL,1,100,25877.199219
1701221193.920224,2351176.000,58593,1,EL,1,100,25881.400391
1701221193.986711,2351242.500,58609,2,EL,1,100,25879.000000
1701221194.053198,2351309.000,58609,2,EL,1,100,25869.800781
1701221194.120184,2351376.000,58624,1,EL,1,100,25880.199219
1701221194.186671,2351442.500,58642,2,EL,1,100,25870.800781
1701221194.253158,2351509.000,58642,2,EL,1,100,25860.000000
1701221194.320144,2351576.000,58658,1,EL,1,100,25870.800781
1701221194.386631,2351642.500,58674,2,EL,1,100,25867.400391
1701221194.453118,2351709.000,58674,2,EL,1,100,25863.000000
1701221194.519604,2351775.500,58690,2,EL,1,100,25851.599609
1701221194.586091,2351842.000,58690,2,EL,1,100,25833.199219
1701221194.653078,2351909.000,58707,1,EL,1,100,25834.000000
1701221194.719564,2351975.500,58725,2,EL,1,100,25861.199219
1701221194.786051,2352042.000,58725,2,EL,1,100,25878.199219
1701221194.853038,2352109.000,58743,1,EL,1,100,25869.599609
1701221194.919524,2352175.500,58757,2,EL,1,100,25872.400391
1701221194.986011,2352242.000,58757,2,EL,1,100,25859.199219
1701221195.052998,2352309.000,58774,1,EL,1,100,25860.800781
1701221195.119651,2352375.667,58797,3,EL,1,100,25865.800781
1701221195.186305,2352442.333,58797,3,EL,1,100,25870.000000
1701221195.252958,2352509.000,58797,3,EL,1,100,25875.199219
1701221195.319445,2352575.500,58813,2,EL,1,100,25878.800781
1701221195.385931,2352642.000,58813,2,EL,1,100,25849.800781
1701221195.452918,2352709.000,58829,1,EL,1,100,25854.000000
1701221195.519405,2352775.500,58846,2,EL,1,100,25866.000000
1701221195.585891,2352842.000,58846,2,EL,1,100,25867.199219
1701221195.652878,2352909.000,58863,1,EL,1,100,25868.000000
1701221195.719365,2352975.500,58878,2,EL,1,100,25857.199219
1701221195.785851,2353042.000,58878,2,EL,1,100,25862.800781
1701221195.852838,2353109.000,58895,2,EL,1,100,25860.000000
1701221195.919825,2353176.000,58895,2,EL,1,100,25867.800781
1701221195.985811,2353242.000,58911,1,EL,1,100,25840.000000
1701221196.052798,2353309.000,58928,2,EL,1,100,25843.599609
1701221196.119785,2353376.000,58928,2,EL,1,100,25865.400391
1701221196.185771,2353442.000,58945,1,EL,1,100,25856.599609
1701221196.252758,2353509.000,58960,2,EL,1,100,25860.599609
1701221196.319745,2353576.000,58960,2,EL,1,100,25846.199219
1701221196.385732,2353642.000,58976,1,EL,1,100,25848.400391
1701221196.452218,2353708.500,58994,2,EL,1,100,25857.400391
1701221196.518705,2353775.000,58994,2,EL,1,100,25855.599609
1701221196.585692,2353842.000,59010,1,EL,1,100,25835.199219
1701221196.652678,2353909.000,59025,2,EL,1,100,25855.199219
1701221196.719665,2353976.000,59025,2,EL,1,100,25857.599609
1701221196.785652,2354042.000,59041,1,EL,1,100,25857.400391
1701221196.852638,2354109.000,59059,2,EL,1,100,25861.199219
1701221196.919625,2354176.000,59059,2,EL,1,100,25854.599609
1701221196.985612,2354242.000,59075,1,EL,1,100,25847.199219
1701221197.052099,2354308.500,59090,2,EL,1,100,25851.800781
1701221197.118585,2354375.000,59090,2,EL,1,100,25842.000000
1701221197.185572,2354442.000,59107,1,EL,1,100,25850.000000
1701221197.252059,2354508.500,59124,2,EL,1,100,25857.800781
1701221197.318545,2354575.000,59124,2,EL,1,100,25836.800781
1701221197.385532,2354642.000,59140,1,EL,1,100,25849.000000
1701221197.452018,2354708.500,59156,2,EL,1,100,25859.000000
1701221197.518505,2354775.000,59156,2,EL,1,100,25846.000000
1701221197.585492,2354842.000,59172,1,EL,1,100,25840.400391
1701221197.651979,2354908.500,59189,2,EL,1,100,25850.800781
1701221197.718465,2354975.000,59189,2,EL,1,100,25838.199219
1701221197.785452,2355042.000,59205,1,EL,1,100,25848.599609
1701221197.851939,2355108.500,59224,2,EL,1,100,25854.599609
1701221197.918425,2355175.000,59224,2,EL,1,100,25845.800781
1701221197.985412,2355242.000,59239,2,EL,1,100,25851.599609
1701221198.052399,2355309.000,59239,2,EL,1,100,25851.199219
1701221198.118386,2355375.000,59256,1,EL,1,100,25845.400391
1701221198.185372,2355442.000,59273,2,EL,1,100,25843.599609
1701221198.252359,2355509.000,59273,2,EL,1,100,25832.000000
1701221198.318346,2355575.000,59290,1,EL,1,100,25843.599609
1701221198.385332,2355642.000,59304,2,EL,1,100,25842.199219
1701221198.452319,2355709.000,59304,2,EL,1,100,25842.000000
1701221198.518306,2355775.000,59322,1,EL,1,100,25845.400391
1701221198.585292,2355842.000,59338,2,EL,1,100,25842.000000
1701221198.652279,2355909.000,59338,2,EL,1,100,25842.800781
1701221198.718266,2355975.000,59355,1,EL,1,100,25842.599609
1701221198.785252,2356042.000,59370,2,EL,1,100,25851.800781
1701221198.852239,2356109.000,59370,2,EL,1,100,25839.199219
1701221198.918226,2356175.000,59387,1,EL,1,100,25842.599609
1701221198.985212,2356242.000,59403,2,EL,1,100,25850.800781
1701221199.052199,2356309.000,59403,2,EL,1,100,25831.000000
1701221199.118186,2356375.000,59420,1,EL,1,100,25846.400391
1701221199.184672,2356441.500,59435,2,EL,1,100,25847.400391
1701221199.251159,2356508.000,59435,2,EL,1,100,25831.599609
1701221199.318146,2356575.000,59452,1,EL,1,100,25838.599609
1701221199.384633,2356641.500,59468,2,EL,1,100,25839.599609
1701221199.451119,2356708.000,59468,2,EL,1,100,25837.400391
1701221199.518106,2356775.000,59486,1,EL,1,100,25837.199219
1701221199.585093,2356842.000,59500,2,EL,1,100,25837.599609
1701221199.652079,2356909.000,59500,2,EL,1,100,25827.599609
1701221199.718066,2356975.000,59517,1,EL,1,100,25839.800781
1701221199.784553,2357041.500,59536,2,EL,1,100,25841.199219
1701221199.851039,2357108.000,59536,2,EL,1,100,25835.800781
1701221199.918026,2357175.000,59553,1,EL,1,100,25839.400391
1701221199.985013,2357242.000,59568,2,EL,1,100,25832.599609
1701221200.051999,2357309.000,59568,2,EL,1,100,25839.400391
1701221200.118486,2357375.500,59585,2,EL,1,100,25836.599609
1701221200.184973,2357442.000,59585,2,EL,1,100,25836.800781
1701221200.251959,2357509.000,59601,1,EL,1,100,25831.000000
1701221200.318446,2357575.500,59621,2,EL,1,100,25832.400391
1701221200.384933,2357642.000,59621,2,EL,1,100,25837.800781
1701221200.451419,2357708.500,59638,2,EL,1,100,25845.599609
1701221200.517906,2357775.000,59638,2,EL,1,100,25813.000000
1701221200.584893,2357842.000,59655,1,EL,1,100,25817.400391
1701221200.651380,2357908.500,59669,2,EL,1,100,25826.599609
1701221200.717866,2357975.000,59669,2,EL,1,100,25825.599609
1701221200.784853,2358042.000,59686,1,EL,1,100,25832.199219
1701221200.851340,2358108.500,59703,2,EL,1,100,25828.800781
1701221200.917826,2358175.000,59703,2,EL,1,100,25825.800781
1701221200.984813,2358242.000,59722,1,EL,1,100,25820.800781
1701221201.051300,2358308.500,59738,2,EL,1,100,25819.800781
1701221201.117786,2358375.000,59738,2,EL,1,100,25828.400391
1701221201.184773,2358442.000,59756,1,EL,1,100,25829.800781
1701221201.251260,2358508.500,59772,2,EL,1,100,25793.199219
1701221201.317746,2358575.000,59772,2,EL,1,100,25822.400391
1701221201.384733,2358642.000,59789,1,EL,1,100,25830.599609
1701221201.451220,2358708.500,59807,2,EL,1,100,25821.800781
1701221201.517706,2358775.000,59807,2,EL,1,100,25829.199219
1701221201.584693,2358842.000,59823,1,EL,1,100,25825.400391
1701221201.651180,2358908.500,59839,2,EL,1,100,25818.199219
1701221201.717666,2358975.000,59839,2,EL,1,100,25816.199219
1701221201.784653,2359042.000,59856,1,EL,1,100,25821.599609
1701221201.851140,2359108.500,59872,2,EL,1,100,25824.800781
1701221201.917627,2359175.000,59872,2,EL,1,100,25817.800781
1701221201.984113,2359241.500,59888,2,EL,1,100,25817.000000
1701221202.050600,2359308.000,59888,2,EL,1,100,25825.599609
1701221202.117587,2359375.000,59904,1,EL,1,100,25815.199219
1701221202.184073,2359441.500,59922,2,EL,1,100,25799.400391
1701221202.250560,2359508.000,59922,2,EL,1,100,25817.000000
1701221202.317547,2359575.000,59938,1,EL,1,100,25821.199219
1701221202.384033,2359641.500,59953,2,EL,1,100,25815.599609
1701221202.450520,2359708.000,59953,2,EL,1,100,25811.599609
1701221202.517507,2359775.000,59970,1,EL,1,100,25811.400391
1701221202.583993,2359841.500,59987,2,EL,1,100,25810.599609
1701221202.650480,2359908.000,59987,2,EL,1,100,25786.000000
1701221202.717467,2359975.000,60005,1,EL,1,100,25803.199219
1701221202.783953,2360041.500,60021,2,EL,1,100,25802.000000
1701221202.850440,2360108.000,60021,2,EL,1,100,25807.199219
1701221202.917427,2360175.000,60039,1,EL,1,100,25810.199219
1701221202.983913,2360241.500,60056,2,EL,1,100,25811.199219
1701221203.050400,2360308.000,60056,2,EL,1,100,25809.199219
1701221203.117387,2360375.000,60074,1,EL,1,100,25813.199219
1701221203.183874,2360441.500,60090,2,EL,1,100,25818.800781
1701221203.250360,2360508.000,60090,2,EL,1,100,25806.400391
1701221203.317347,2360575.000,60106,1,EL,1,100,25799.000000
1701221203.383834,2360641.500,60123,2,EL,1,100,25799.599609
1701221203.450320,2360708.000,60123,2,EL,1,100,25785.599609
1701221203.517307,2360775.000,60140,1,EL,1,100,25791.199219
1701221203.583794,2360841.500,60158,2,EL,1,100,25804.199219
1701221203.650280,2360908.000,60158,2,EL,1,100,25796.000000
1701221203.717267,2360975.000,60173,1,EL,1,100,25799.400391
1701221203.783754,2361041.500,60191,2,EL,1,100,25801.000000
1701221203.850240,2361108.000,60191,2,EL,1,100,25793.400391
1701221203.916727,2361174.500,60207,2,EL,1,100,25750.000000
1701221203.983214,2361241.000,60207,2,EL,1,100,25770.599609
1701221204.050200,2361308.000,60226,1,EL,1,100,25795.599609
1701221204.116687,2361374.500,60241,2,EL,1,100,25806.400391
1701221204.183174,2361441.000,60241,2,EL,1,100,25808.599609
1701221204.250160,2361508.000,60260,1,EL,1,100,25798.400391
1701221204.316647,2361574.500,60276,2,EL,1,100,25811.800781
1701221204.383134,2361641.000,60276,2,EL,1,100,25798.800781
1701221204.450121,2361708.000,60293,1,EL,1,100,25780.000000
1701221204.516607,2361774.500,60308,2,EL,1,100,25819.599609
1701221204.583094,2361841.000,60308,2,EL,1,100,25804.599609
1701221204.650081,2361908.000,60325,1,EL,1,100,25811.599609
1701221204.716567,2361974.500,60341,2,EL,1,100,25808.199219
1701221204.783054,2362041.000,60341,2,EL,1,100,25788.800781
1701221204.850041,2362108.000,60361,1,EL,1,100,25797.800781
1701221204.916528,2362174.500,60375,2,EL,1,100,25805.000000
1701221204.983014,2362241.000,60375,2,EL,1,100,25794.000000
1701221205.050001,2362308.000,60392,1,EL,1,100,25806.199219
1701221205.116488,2362374.500,60409,2,EL,1,100,25809.000000
1701221205.182974,2362441.000,60409,2,EL,1,100,25808.800781
1701221205.249961,2362508.000,60426,1,EL,1,100,25807.000000
1701221205.316447,2362574.500,60441,2,EL,1,100,25810.199219
1701221205.382934,2362641.000,60441,2,EL,1,100,25800.000000
1701221205.449921,2362708.000,60463,2,EL,1,100,25800.000000
1701221205.516907,2362775.000,60463,2,EL,1,100,25805.800781
1701221205.583394,2362841.500,60479,2,EL,1,100,25788.400391
1701221205.649881,2362908.000,60479,2,EL,1,100,25813.599609
1701221205.716868,2362975.000,60496,1,EL,1,100,25802.599609
1701221205.783354,2363041.500,60513,2,EL,1,100,25807.400391
1701221205.849841,2363108.000,60513,2,EL,1,100,25802.800781
1701221205.916828,2363175.000,60530,1,EL,1,100,25794.599609
1701221205.983314,2363241.500,60544,2,EL,1,100,25800.199219
1701221206.049801,2363308.000,60544,2,EL,1,100,25785.599609
1701221206.115788,2363374.000,60561,1,EL,1,100,25796.400391
1701221206.182775,2363441.000,60578,2,EL,1,100,25793.199219
1701221206.249761,2363508.000,60578,2,EL,1,100,25778.800781
1701221206.316748,2363575.000,60595,1,EL,1,100,25791.000000
1701221206.383235,2363641.500,60609,2,EL,1,100,25796.000000
1701221206.449721,2363708.000,60609,2,EL,1,100,25790.599609
1701221206.516708,2363775.000,60627,1,EL,1,100,25794.599609
1701221206.583194,2363841.500,60643,2,EL,1,100,25802.599609
1701221206.649681,2363908.000,60643,2,EL,1,100,25796.599609
1701221206.716668,2363975.000,60660,1,EL,1,100,25795.400391
1701221206.783154,2364041.500,60675,2,EL,1,100,25790.199219
1701221206.849641,2364108.000,60675,2,EL,1,100,25785.400391
1701221206.915628,2364174.000,60692,1,EL,1,100,25795.199219
1701221206.982615,2364241.000,60708,2,EL,1,100,25795.400391
1701221207.049601,2364308.000,60708,2,EL,1,100,25785.800781
1701221207.116588,2364375.000,60725,1,EL,1,100,25793.000000
1701221207.183075,2364441.500,60741,2,EL,1,100,25771.400391
1701221207.249561,2364508.000,60741,2,EL,1,100,25784.800781
1701221207.315548,2364574.000,60757,1,EL,1,100,25788.599609
1701221207.382535,2364641.000,60773,2,EL,1,100,25789.599609
1701221207.449522,2364708.000,60773,2,EL,1,100,25788.000000
1701221207.516008,2364774.500,60791,2,EL,1,100,25796.000000
1701221207.582495,2364841.000,60791,2,EL,1,100,25761.400391
1701221207.649482,2364908.000,60807,1,EL,1,100,25789.800781
1701221207.715968,2364974.500,60824,2,EL,1,100,25771.599609
1701221207.782455,2365041.000,60824,2,EL,1,100,25783.400391
1701221207.849442,2365108.000,60841,1,EL,1,100,25781.599609
1701221207.915928,2365174.500,60860,2,EL,1,100,25786.599609
1701221207.982415,2365241.000,60860,2,EL,1,100,25778.400391
1701221208.049402,2365308.000,60876,1,EL,1,100,25782.199219
1701221208.115888,2365374.500,60892,2,EL,1,100,25774.800781
1701221208.182375,2365441.000,60892,2,EL,1,100,25754.199219
1701221208.249362,2365508.000,60908,1,EL,1,100,25773.400391
1701221208.315848,2365574.500,60925,2,EL,1,100,25784.599609
1701221208.382335,2365641.000,60925,2,EL,1,100,25756.599609
1701221208.449322,2365708.000,60941,1,EL,1,100,25764.199219
1701221208.515808,2365774.500,60959,2,EL,1,100,25762.400391
1701221208.582295,2365841.000,60959,2,EL,1,100,25781.199219
1701221208.649282,2365908.000,60975,1,EL,1,100,25780.599609
1701221208.715769,2365974.500,60992,2,EL,1,100,25764.199219
1701221208.782255,2366041.000,60992,2,EL,1,100,25771.000000
1701221208.849242,2366108.000,61009,1,EL,1,100,25784.400391
1701221208.915729,2366174.500,61024,2,EL,1,100,25786.199219
1701221208.982215,2366241.000,61024,2,EL,1,100,25773.800781
1701221209.049202,2366308.000,61040,1,EL,1,100,25782.800781
1701221209.115689,2366374.500,61058,2,EL,1,100,25779.800781
1701221209.182175,2366441.000,61058,2,EL,1,100,25776.000000
1701221209.249162,2366508.000,61076,1,EL,1,100,25769.599609
1701221209.315649,2366574.500,61092,2,EL,1,100,25777.400391
1701221209.382135,2366641.000,61092,2,EL,1,100,25776.000000
1701221209.449122,2366708.000,61107,1,EL,1,100,25781.800781
1701221209.515609,2366774.500,61125,2,EL,1,100,25778.199219
1701221209.582095,2366841.000,61125,2,EL,1,100,25764.400391
1701221209.649082,2366908.000,61141,1,EL,1,100,25770.800781
1701221209.715569,2366974.500,61157,2,EL,1,100,25773.199219
1701221209.782055,2367041.000,61157,2,EL,1,100,25775.800781
1701221209.848542,2367107.500,61173,2,EL,1,100,25772.800781
1701221209.915029,2367174.000,61173,2,EL,1,100,25765.000000
1701221209.982016,2367241.000,61190,1,EL,1,100,25751.199219
1701221210.048502,2367307.500,61206,2,EL,1,100,25769.000000
1701221210.114989,2367374.000,61206,2,EL,1,100,25775.000000
1701221210.181976,2367441.000,61224,1,EL,1,100,25768.400391
1701221210.248462,2367507.500,61238,2,EL,1,100,25767.800781
1701221210.314949,2367574.000,61238,2,EL,1,100,25756.400391
1701221210.381936,2367641.000,61255,1,EL,1,100,25758.199219
1701221210.448422,2367707.500,61272,2,EL,1,100,25770.400391
1701221210.514909,2367774.000,61272,2,EL,1,100,25765.599609
1701221210.581396,2367840.500,61296,2,EL,1,100,25765.800781
1701221210.647882,2367907.000,61296,2,EL,1,100,25770.800781
1701221210.714869,2367974.000,61312,1,EL,1,100,25767.199219
1701221210.781356,2368040.500,61329,2,EL,1,100,25746.599609
1701221210.847843,2368107.000,61329,2,EL,1,100,25763.400391
1701221210.914829,2368174.000,61344,1,EL,1,100,25764.400391
1701221210.981316,2368240.500,61363,2,EL,1,100,25754.800781
1701221211.047803,2368307.000,61363,2,EL,1,100,25760.000000
1701221211.114789,2368374.000,61379,1,EL,1,100,25760.599609
1701221211.181276,2368440.500,61396,2,EL,1,100,25764.800781
1701221211.247763,2368507.000,61396,2,EL,1,100,25758.199219
1701221211.314749,2368574.000,61411,2,EL,1,100,25758.000000
1701221211.381736,2368641.000,61411,2,EL,1,100,25761.800781
1701221211.447723,2368707.000,61428,1,EL,1,100,25757.800781
1701221211.514709,2368774.000,61445,2,EL,1,100,25765.199219
1701221211.581696,2368841.000,61445,2,EL,1,100,25756.599609
1701221211.647683,2368907.000,61462,1,EL,1,100,25755.400391
1701221211.714669,2368974.000,61476,2,EL,1,100,25749.199219
1701221211.781656,2369041.000,61476,2,EL,1,100,25761.400391
1701221211.847643,2369107.000,61494,1,EL,1,100,25744.199219
1701221211.914629,2369174.000,61510,2,EL,1,100,25757.800781
1701221211.981616,2369241.000,61510,2,EL,1,100,25741.400391
1701221212.047603,2369307.000,61527,1,EL,1,100,25742.400391
1701221212.114589,2369374.000,61542,2,EL,1,100,25713.000000
1701221212.181576,2369441.000,61542,2,EL,1,100,25718.000000
1701221212.247563,2369507.000,61561,1,EL,1,100,25737.400391
1701221212.314550,2369574.000,61577,2,EL,1,100,25754.000000
1701221212.381536,2369641.000,61577,2,EL,1,100,25744.199219
1701221212.447523,2369707.000,61594,1,EL,1,100,25746.400391
1701221212.514010,2369773.500,61609,2,EL,1,100,25757.800781
1701221212.580497,2369840.000,61609,2,EL,1,100,25754.599609
1701221212.647483,2369907.000,61626,1,EL,1,100,25755.599609
1701221212.713970,2369973.500,61642,2,EL,1,100,25757.400391
1701221212.780457,2370040.000,61642,2,EL,1,100,25748.599609
1701221212.847443,2370107.000,61660,1,EL,1,100,25756.199219
1701221212.913930,2370173.500,61677,2,EL,1,100,25750.800781
1701221212.980417,2370240.000,61677,2,EL,1,100,25747.199219
1701221213.047403,2370307.000,61693,1,EL,1,100,25744.800781
1701221213.113890,2370373.500,61710,2,EL,1,100,25750.599609
1701221213.180377,2370440.000,61710,2,EL,1,100,25749.199219
1701221213.247363,2370507.000,61727,1,EL,1,100,25743.800781
1701221213.313850,2370573.500,61742,2,EL,1,100,25755.599609
1701221213.380337,2370640.000,61742,2,EL,1,100,25740.000000
1701221213.447323,2370707.000,61759,2,EL,1,100,25729.000000
1701221213.514310,2370774.000,61759,2,EL,1,100,25753.800781
1701221213.580297,2370840.000,61775,1,EL,1,100,25733.400391
1701221213.647283,2370907.000,61794,2,EL,1,100,25728.400391
1701221213.714270,2370974.000,61794,2,EL,1,100,25766.000000
1701221213.780257,2371040.000,61810,1,EL,1,100,25752.199219
1701221213.847243,2371107.000,61826,2,EL,1,100,25734.000000
1701221213.914230,2371174.000,61826,2,EL,1,100,25772.800781
1701221213.980217,2371240.000,61842,1,EL,1,100,25742.599609
1701221214.047204,2371307.000,61859,2,EL,1,100,25737.400391
1701221214.114190,2371374.000,61859,2,EL,1,100,25762.800781
1701221214.180177,2371440.000,61876,1,EL,1,100,25750.800781
1701221214.247164,2371507.000,61891,2,EL,1,100,25723.199219
1701221214.314150,2371574.000,61891,2,EL,1,100,25756.400391
1701221214.380137,2371640.000,61907,1,EL,1,100,25765.800781
1701221214.447124,2371707.000,61927,2,EL,1,100,25728.199219
1701221214.514110,2371774.000,61927,2,EL,1,100,25769.199219
1701221214.580097,2371840.000,61943,1,EL,1,100,25751.599609
1701221214.647084,2371907.000,61958,2,EL,1,100,25759.000000
1701221214.714070,2371974.000,61958,2,EL,1,100,25745.800781
1701221214.780057,2372040.000,61974,1,EL,1,100,25751.199219
1701221214.847044,2372107.000,61992,2,EL,1,100,25753.599609
1701221214.914030,2372174.000,61992,2,EL,1,100,25740.400391
1701221214.980017,2372240.000,62008,1,EL,1,100,25745.599609
1701221215.047004,2372307.000,62024,2,EL,1,100,25752.000000
1701221215.113990,2372374.000,62024,2,EL,1,100,25745.599609
1701221215.179977,2372440.000,62042,1,EL,1,100,25748.199219
1701221215.246964,2372507.000,62059,2,EL,1,100,25747.400391
1701221215.313951,2372574.000,62059,2,EL,1,100,25730.400391
1701221215.379937,2372640.000,62075,1,EL,1,100,25728.400391
1701221215.446924,2372707.000,62094,2,EL,1,100,25736.400391
1701221215.513911,2372774.000,62094,2,EL,1,100,25728.800781
1701221215.580397,2372840.500,62109,2,EL,1,100,25734.400391
1701221215.646884,2372907.000,62109,2,EL,1,100,25739.400391
1701221215.713371,2372973.500,62131,2,EL,1,100,25734.599609
1701221215.779857,2373040.000,62131,2,EL,1,100,25744.599609
1701221215.846844,2373107.000,62148,1,EL,1,100,25729.000000
1701221215.913331,2373173.500,62165,2,EL,1,100,25726.800781
1701221215.979817,2373240.000,62165,2,EL,1,100,25676.199219
1701221216.046804,2373307.000,62183,1,EL,1,100,25716.400391
1701221216.113291,2373373.500,62199,2,EL,1,100,25725.000000
1701221216.179777,2373440.000,62199,2,EL,1,100,25727.599609
1701221216.246764,2373507.000,62215,1,EL,1,100,25729.199219
1701221216.313251,2373573.500,62232,2,EL,1,100,25724.599609
1701221216.379738,2373640.000,62232,2,EL,1,100,25732.199219
1701221216.446724,2373707.000,62248,1,EL,1,100,25695.599609
1701221216.513211,2373773.500,62266,2,EL,1,100,25706.400391
1701221216.579698,2373840.000,62266,2,EL,1,100,25730.000000
1701221216.646684,2373907.000,62282,1,EL,1,100,25728.400391
1701221216.713171,2373973.500,62299,2,EL,1,100,25723.599609
1701221216.779658,2374040.000,62299,2,EL,1,100,25704.000000
1701221216.846644,2374107.000,62316,1,EL,1,100,25712.400391
1701221216.913131,2374173.500,62334,2,EL,1,100,25717.400391
1701221216.979618,2374240.000,62334,2,EL,1,100,25724.599609
1701221217.046604,2374307.000,62349,1,EL,1,100,25737.199219
1701221217.113091,2374373.500,62367,2,EL,1,100,25714.400391
1701221217.179578,2374440.000,62367,2,EL,1,100,25722.199219
1701221217.246064,2374506.500,62383,2,EL,1,100,25731.000000
1701221217.312551,2374573.000,62383,2,EL,1,100,25685.800781
1701221217.379538,2374640.000,62400,1,EL,1,100,25717.599609
1701221217.446024,2374706.500,62415,2,EL,1,100,25719.599609
1701221217.512511,2374773.000,62415,2,EL,1,100,25708.599609
1701221217.579498,2374840.000,62432,1,EL,1,100,25717.400391
1701221217.645985,2374906.500,62448,2,EL,1,100,25722.000000
1701221217.712471,2374973.000,62448,2,EL,1,100,25710.599609
1701221217.779458,2375040.000,62465,1,EL,1,100,25719.800781
1701221217.845945,2375106.500,62482,2,EL,1,100,25716.199219
1701221217.912431,2375173.000,62482,2,EL,1,100,25708.599609
1701221217.979418,2375240.000,62499,1,EL,1,100,25716.400391
1701221218.045905,2375306.500,62515,2,EL,1,100,25731.800781
1701221218.112391,2375373.000,62515,2,EL,1,100,25709.199219
1701221218.179378,2375440.000,62535,1,EL,1,100,25710.599609
1701221218.245865,2375506.500,62549,2,EL,1,100,25708.400391
1701221218.312351,2375573.000,62549,2,EL,1,100,25713.800781
1701221218.379338,2375640.000,62566,1,EL,1,100,25721.199219
1701221218.445825,2375706.500,62583,2,EL,1,100,25712.000000
1701221218.512311,2375773.000,62583,2,EL,1,100,25696.800781
1701221218.579298,2375840.000,62600,1,EL,1,100,25692.400391
1701221218.645785,2375906.500,62616,2,EL,1,100,25714.199219
1701221218.712271,2375973.000,62616,2,EL,1,100,25710.800781
1701221218.779258,2376040.000,62633,1,EL,1,100,25719.000000
1701221218.845745,2376106.500,62650,2,EL,1,100,25718.400391
1701221218.912232,2376173.000,62650,2,EL,1,100,25705.400391
1701221218.979218,2376240.000,62667,1,EL,1,100,25708.599609
1701221219.045705,2376306.500,62682,2,EL,1,100,25712.400391
1701221219.112192,2376373.000,62682,2,EL,1,100,25710.599609
1701221219.179178,2376440.000,62699,1,EL,1,100,25710.800781
1701221219.245665,2376506.500,62715,2,EL,1,100,25713.199219
1701221219.312152,2376573.000,62715,2,EL,1,100,25707.800781
1701221219.379138,2376640.000,62732,2,EL,1,100,25704.199219
1701221219.446125,2376707.000,62732,2,EL,1,100,25709.800781
1701221219.512112,2376773.000,62751,1,EL,1,100,25701.800781
1701221219.578598,2376839.500,62766,2,EL,1,100,25690.800781
1701221219.645085,2376906.000,62766,2,EL,1,100,25453.400391
1701221219.712072,2376973.000,62782,1,EL,1,100,25188.000000
1701221219.778558,2377039.500,62800,2,EL,1,100,25029.800781
1701221219.845045,2377106.000,62800,2,EL,1,100,25174.000000
1701221219.912032,2377173.000,62818,1,EL,1,100,25504.800781
1701221219.978519,2377239.500,62833,2,EL,1,100,25681.599609
1701221220.045005,2377306.000,62833,2,EL,1,100,25692.400391
1701221220.111992,2377373.000,62851,1,EL,1,100,25696.199219
1701221220.178479,2377439.500,62869,2,EL,1,100,25705.000000
1701221220.244965,2377506.000,62869,2,EL,1,100,25699.199219
1701221220.311952,2377573.000,62885,1,EL,1,100,25703.400391
1701221220.378439,2377639.500,62900,2,EL,1,100,25694.599609
1701221220.444926,2377706.000,62900,2,EL,1,100,25697.199219
1701221220.511912,2377773.000,62917,1,EL,1,100,25687.599609
1701221220.578399,2377839.500,62934,2,EL,1,100,25658.199219
1701221220.644886,2377906.000,62934,2,EL,1,100,25686.000000
1701221220.711872,2377973.000,62950,1,EL,1,100,25698.599609
1701221220.778525,2378039.667,62969,3,EL,1,100,25703.000000
1701221220.845179,2378106.333,62969,3,EL,1,100,25684.000000
1701221220.911832,2378173.000,62969,3,EL,1,100,25697.400391
1701221220.978819,2378240.000,62985,1,EL,1,100,25683.800781
1701221221.045305,2378306.500,63000,2,EL,1,100,25674.800781
1701221221.111792,2378373.000,63000,2,EL,1,100,25682.599609
1701221221.178779,2378440.000,63017,1,EL,1,100,25689.199219
1701221221.245265,2378506.500,63034,2,EL,1,100,25699.599609
1701221221.311752,2378573.000,63034,2,EL,1,100,25696.599609
1701221221.378739,2378640.000,63050,1,EL,1,100,25701.599609
1701221221.445226,2378706.500,63066,2,EL,1,100,25692.400391
1701221221.511712,2378773.000,63066,2,EL,1,100,25684.199219
1701221221.578699,2378840.000,63082,1,EL,1,100,25682.199219
1701221221.645186,2378906.500,63099,2,EL,1,100,25689.800781
1701221221.711672,2378973.000,63099,2,EL,1,100,25673.599609
1701221221.778659,2379040.000,63115,1,EL,1,100,25684.199219
1701221221.845146,2379106.500,63131,2,EL,1,100,25686.400391
1701221221.911633,2379173.000,63131,2,EL,1,100,25666.000000
1701221221.978619,2379240.000,63147,1,EL,1,100,25672.199219
1701221222.045106,2379306.500,63164,2,EL,1,100,25662.000000
1701221222.111593,2379373.000,63164,2,EL,1,100,25656.800781
1701221222.178579,2379440.000,63181,1,EL,1,100,25682.599609
1701221222.245066,2379506.500,63197,2,EL,1,100,25663.000000
1701221222.311553,2379573.000,63197,2,EL,1,100,25688.800781
1701221222.378539,2379640.000,63212,1,EL,1,100,25708.400391
1701221222.445026,2379706.500,63230,2,EL,1,100,25668.000000
1701221222.511513,2379773.000,63230,2,EL,1,100,25699.199219
1701221222.577999,2379839.500,63248,2,EL,1,100,25704.199219
1701221222.644486,2379906.000,63248,2,EL,1,100,25704.400391
1701221222.711473,2379973.000,63265,1,EL,1,100,25680.199219
1701221222.777959,2380039.500,63280,2,EL,1,100,25709.400391
1701221222.844446,2380106.000,63280,2,EL,1,100,25706.400391
1701221222.911433,2380173.000,63299,1,EL,1,100,25694.400391
1701221222.977919,2380239.500,63315,2,EL,1,100,25701.400391
1701221223.044406,2380306.000,63315,2,EL,1,100,25692.800781
1701221223.111393,2380373.000,63332,1,EL,1,100,25686.400391
1701221223.177880,2380439.500,63347,2,EL,1,100,25710.800781
1701221223.244366,2380506.000,63347,2,EL,1,100,25681.599609
1701221223.311353,2380573.000,63364,1,EL,1,100,25687.599609
1701221223.377840,2380639.500,63382,2,EL,1,100,25699.400391
1701221223.444326,2380706.000,63382,2,EL,1,100,25674.599609
1701221223.511313,2380773.000,63400,1,EL,1,100,25678.400391
1701221223.577800,2380839.500,63414,2,EL,1,100,25677.800781
1701221223.644286,2380906.000,63414,2,EL,1,100,25667.199219
1701221223.711273,2380973.000,63431,1,EL,1,100,25681.599609
1701221223.777760,2381039.500,63448,2,EL,1,100,25669.199219
1701221223.844246,2381106.000,63448,2,EL,1,100,25667.000000
1701221223.911233,2381173.000,63467,2,EL,1,100,25681.599609
1701221223.978220,2381240.000,63467,2,EL,1,100,25674.199219
1701221224.044206,2381306.000,63483,1,EL,1,100,25677.000000
1701221224.110693,2381372.500,63499,2,EL,1,100,25683.599609
1701221224.177180,2381439.000,63499,2,EL,1,100,25668.400391
1701221224.244166,2381506.000,63515,1,EL,1,100,25679.199219
1701221224.310653,2381572.500,63532,2,EL,1,100,25682.599609
1701221224.377140,2381639.000,63532,2,EL,1,100,25667.800781
1701221224.444127,2381706.000,63548,1,EL,1,100,25669.400391
1701221224.510613,2381772.500,63564,2,EL,1,100,25674.800781
1701221224.577100,2381839.000,63564,2,EL,1,100,25663.599609
1701221224.644087,2381906.000,63582,1,EL,1,100,25675.599609
1701221224.710573,2381972.500,63599,2,EL,1,100,25675.000000
1701221224.777060,2382039.000,63599,2,EL,1,100,25672.800781
1701221224.844047,2382106.000,63616,1,EL,1,100,25676.199219
1701221224.910533,2382172.500,63631,2,EL,1,100,25671.599609
1701221224.977020,2382239.000,63631,2,EL,1,100,25677.199219
1701221225.044007,2382306.000,63647,1,EL,1,100,25674.599609
1701221225.110493,2382372.500,63665,2,EL,1,100,25679.199219
1701221225.176980,2382439.000,63665,2,EL,1,100,25666.000000
1701221225.243967,2382506.000,63681,1,EL,1,100,25667.599609
1701221225.310453,2382572.500,63697,2,EL,1,100,25663.000000
1701221225.376940,2382639.000,63697,2,EL,1,100,25647.400391
1701221225.443927,2382706.000,63715,2,EL,1,100,25660.800781
1701221225.510913,2382773.000,63715,2,EL,1,100,25633.800781
1701221225.576900,2382839.000,63732,1,EL,1,100,25662.400391
1701221225.643887,2382906.000,63748,2,EL,1,100,25670.800781
1701221225.710874,2382973.000,63748,2,EL,1,100,25659.400391
1701221225.776860,2383039.000,63765,1,EL,1,100,25647.800781
1701221225.843514,2383105.667,63786,3,EL,1,100,25657.000000
1701221225.910167,2383172.333,63786,3,EL,1,100,25661.599609
1701221225.976820,2383239.000,63786,3,EL,1,100,25674.599609
1701221226.043307,2383305.500,63802,2,EL,1,100,25669.599609
1701221226.109794,2383372.000,63802,2,EL,1,100,25656.199219
1701221226.176780,2383439.000,63820,1,EL,1,100,25663.199219
1701221226.243267,2383505.500,63834,2,EL,1,100,25659.400391
1701221226.309754,2383572.000,63834,2,EL,1,100,25664.599609
1701221226.376740,2383639.000,63851,1,EL,1,100,25662.000000
1701221226.443227,2383705.500,63868,2,EL,1,100,25664.199219
1701221226.509714,2383772.000,63868,2,EL,1,100,25653.000000
1701221226.576700,2383839.000,63885,1,EL,1,100,25660.199219
1701221226.643187,2383905.500,63899,2,EL,1,100,25657.400391
1701221226.709674,2383972.000,63899,2,EL,1,100,25638.800781
1701221226.776661,2384039.000,63916,1,EL,1,100,25654.199219
1701221226.843314,2384105.667,63933,3,EL,1,100,25641.599609
1701221226.909967,2384172.333,63933,3,EL,1,100,25616.400391
1701221226.976621,2384239.000,63933,3,EL,1,100,25567.000000
1701221227.043607,2384306.000,63950,1,EL,1,100,25566.199219
1701221227.110094,2384372.500,63969,2,EL,1,100,25637.800781
1701221227.176581,2384439.000,63969,2,EL,1,100,25644.800781
1701221227.243567,2384506.000,63986,1,EL,1,100,25632.599609
1701221227.310054,2384572.500,64000,2,EL,1,100,25669.599609
1701221227.376541,2384639.000,64000,2,EL,1,100,25650.000000
1701221227.443527,2384706.000,64017,1,EL,1,100,25653.000000
1701221227.510014,2384772.500,64034,2,EL,1,100,25660.400391
1701221227.576501,2384839.000,64034,2,EL,1,100,25653.599609
1701221227.643487,2384906.000,64051,1,EL,1,100,25656.800781
1701221227.709974,2384972.500,64065,2,EL,1,100,25660.400391
1701221227.776461,2385039.000,64065,2,EL,1,100,25654.400391
1701221227.843447,2385106.000,64083,1,EL,1,100,25655.400391
1701221227.909934,2385172.500,64101,2,EL,1,100,25659.000000
1701221227.976421,2385239.000,64101,2,EL,1,100,25652.599609
1701221228.043407,2385306.000,64120,1,EL,1,100,25655.000000
1701221228.109894,2385372.500,64135,2,EL,1,100,25654.800781
1701221228.176381,2385439.000,64135,2,EL,1,100,25650.400391
1701221228.243368,2385506.000,64152,1,EL,1,100,25655.800781
1701221228.309854,2385572.500,64168,2,EL,1,100,25645.800781
1701221228.376341,2385639.000,64168,2,EL,1,100,25642.199219
1701221228.443328,2385706.000,64185,1,EL,1,100,25658.000000
1701221228.509814,2385772.500,64201,2,EL,1,100,25654.400391
1701221228.576301,2385839.000,64201,2,EL,1,100,25639.199219
1701221228.643288,2385906.000,64219,1,EL,1,100,25648.599609
1701221228.709774,2385972.500,64235,2,EL,1,100,25628.599609
1701221228.776261,2386039.000,64235,2,EL,1,100,25641.199219
1701221228.842748,2386105.500,64253,2,EL,1,100,25652.599609
1701221228.909235,2386172.000,64253,2,EL,1,100,25645.199219
1701221228.976221,2386239.000,64269,1,EL,1,100,25645.400391
1701221229.042708,2386305.500,64284,2,EL,1,100,25634.000000
1701221229.109195,2386372.000,64284,2,EL,1,100,25636.000000
1701221229.176181,2386439.000,64301,1,EL,1,100,25633.000000
1701221229.242668,2386505.500,64320,2,EL,1,100,25648.000000
1701221229.309155,2386572.000,64320,2,EL,1,100,25638.000000
1701221229.376141,2386639.000,64336,1,EL,1,100,25634.199219
1701221229.442628,2386705.500,64352,2,EL,1,100,25645.800781
1701221229.509115,2386772.000,64352,2,EL,1,100,25630.400391
1701221229.576101,2386839.000,64368,1,EL,1,100,25639.599609
1701221229.642588,2386905.500,64385,2,EL,1,100,25644.000000
1701221229.709075,2386972.000,64385,2,EL,1,100,25598.800781
1701221229.776062,2387039.000,64401,1,EL,1,100,25624.800781
1701221229.842548,2387105.500,64419,2,EL,1,100,25638.599609
1701221229.909035,2387172.000,64419,2,EL,1,100,25589.400391
1701221229.976022,2387239.000,64435,1,EL,1,100,25599.199219
1701221230.042508,2387305.500,64454,2,EL,1,100,25619.400391
1701221230.108995,2387372.000,64454,2,EL,1,100,25613.599609
1701221230.175982,2387439.000,64471,1,EL,1,100,25635.400391
1701221230.242468,2387505.500,64486,2,EL,1,100,25635.599609
1701221230.308955,2387572.000,64486,2,EL,1,100,25622.800781
1701221230.375942,2387639.000,64502,1,EL,1,100,25621.800781
1701221230.442428,2387705.500,64520,2,EL,1,100,25660.199219
1701221230.508915,2387772.000,64520,2,EL,1,100,25632.800781
1701221230.575902,2387839.000,64538,1,EL,1,100,25641.000000
1701221230.642388,2387905.500,64554,2,EL,1,100,25623.800781
1701221230.708875,2387972.000,64554,2,EL,1,100,25636.199219
1701221230.775362,2388038.500,64570,2,EL,1,100,25644.400391
1701221230.841849,2388105.000,64570,2,EL,1,100,25644.400391
1701221230.908835,2388172.000,64587,1,EL,1,100,25648.000000
1701221230.975488,2388238.667,64607,3,EL,1,100,25644.400391
1701221231.042142,2388305.333,64607,3,EL,1,100,25658.400391
1701221231.108795,2388372.000,64607,3,EL,1,100,25654.400391
1701221231.175782,2388439.000,64624,1,EL,1,100,25646.400391
1701221231.242269,2388505.500,64641,2,EL,1,100,25626.199219
1701221231.308755,2388572.000,64641,2,EL,1,100,25637.400391
1701221231.375742,2388639.000,64657,1,EL,1,100,25615.000000
1701221231.442229,2388705.500,64673,2,EL,1,100,25628.000000
1701221231.508715,2388772.000,64673,2,EL,1,100,25638.800781
1701221231.575702,2388839.000,64689,1,EL,1,100,25649.400391
1701221231.642189,2388905.500,64706,2,EL,1,100,25641.199219
1701221231.708675,2388972.000,64706,2,EL,1,100,25622.800781
1701221231.775662,2389039.000,64722,1,EL,1,100,25638.800781
1701221231.842149,2389105.500,64739,2,EL,1,100,25640.000000
1701221231.908635,2389172.000,64739,2,EL,1,100,25619.800781
1701221231.975622,2389239.000,64754,1,EL,1,100,25638.599609
1701221232.042109,2389305.500,64771,2,EL,1,100,25640.199219
1701221232.108595,2389372.000,64771,2,EL,1,100,25621.000000
1701221232.175582,2389439.000,64788,1,EL,1,100,25622.599609
1701221232.242069,2389505.500,64806,2,EL,1,100,25618.599609
1701221232.308556,2389572.000,64806,2,EL,1,100,25635.199219
1701221232.375042,2389638.500,64821,2,EL,1,100,25633.400391
1701221232.441529,2389705.000,64821,2,EL,1,100,25634.199219
1701221232.508516,2389772.000,64839,1,EL,1,100,25624.000000
1701221232.575002,2389838.500,64855,2,EL,1,100,25624.400391
1701221232.641489,2389905.000,64855,2,EL,1,100,25620.199219
1701221232.708476,2389972.000,64872,1,EL,1,100,25629.000000
1701221232.774962,2390038.500,64887,2,EL,1,100,25633.400391
1701221232.841449,2390105.000,64887,2,EL,1,100,25617.800781
1701221232.908436,2390172.000,64906,1,EL,1,100,25629.599609
1701221232.974922,2390238.500,64924,2,EL,1,100,25622.599609
1701221233.041409,2390305.000,64924,2,EL,1,100,25621.599609
1701221233.108396,2390372.000,64941,1,EL,1,100,25619.800781
1701221233.174882,2390438.500,64956,2,EL,1,100,25622.199219
1701221233.241369,2390505.000,64956,2,EL,1,100,25619.000000
1701221233.308356,2390572.000,64973,1,EL,1,100,25617.800781
1701221233.374842,2390638.500,64989,2,EL,1,100,25626.000000
1701221233.441329,2390705.000,64989,2,EL,1,100,25613.800781
1701221233.508316,2390772.000,65009,1,EL,1,100,25616.800781
1701221233.574803,2390838.500,65023,2,EL,1,100,25621.800781
1701221233.641289,2390905.000,65023,2,EL,1,100,25616.599609
1701221233.708276,2390972.000,65040,1,EL,1,100,25623.800781
1701221233.774763,2391038.500,65057,2,EL,1,100,25601.800781
1701221233.841249,2391105.000,65057,2,EL,1,100,25564.400391
1701221233.908236,2391172.000,65074,1,EL,1,100,25582.000000
1701221233.974723,2391238.500,65091,2,EL,1,100,25589.000000
1701221234.041209,2391305.000,65091,2,EL,1,100,25608.599609
1701221234.107696,2391371.500,65108,2,EL,1,100,25607.199219
1701221234.174183,2391438.000,65108,2,EL,1,100,25592.599609
1701221234.241169,2391505.000,65124,1,EL,1,100,25575.599609
1701221234.307656,2391571.500,65143,2,EL,1,100,25600.800781
1701221234.374143,2391638.000,65143,2,EL,1,100,25598.199219
1701221234.441129,2391705.000,65159,1,EL,1,100,25596.800781
1701221234.507616,2391771.500,65175,2,EL,1,100,25603.599609
1701221234.574103,2391838.000,65175,2,EL,1,100,25605.800781
1701221234.641090,2391905.000,65191,1,EL,1,100,25593.800781
1701221234.707576,2391971.500,65208,2,EL,1,100,25599.599609
1701221234.774063,2392038.000,65208,2,EL,1,100,25601.199219
1701221234.841050,2392105.000,65225,1,EL,1,100,25595.199219
1701221234.907536,2392171.500,65240,2,EL,1,100,25608.800781
1701221234.974023,2392238.000,65240,2,EL,1,100,25588.199219
1701221235.041010,2392305.000,65256,1,EL,1,100,25582.000000
1701221235.107497,2392371.500,65274,2,EL,1,100,25598.400391
1701221235.173983,2392438.000,65274,2,EL,1,100,25597.000000
1701221235.240970,2392505.000,65290,1,EL,1,100,25599.599609
1701221235.307456,2392571.500,65305,2,EL,1,100,25600.000000
1701221235.373943,2392638.000,65305,2,EL,1,100,25600.000000
1701221235.440930,2392705.000,65321,1,EL,1,100,25600.000000
1701221235.507416,2392771.500,65339,2,EL,1,100,25605.599609
1701221235.573903,2392838.000,65339,2,EL,1,100,25600.400391
1701221235.640890,2392905.000,65355,1,EL,1,100,25601.800781
1701221235.707376,2392971.500,65370,2,EL,1,100,25602.800781
1701221235.773863,2393038.000,65370,2,EL,1,100,25594.000000
1701221235.840850,2393105.000,65387,1,EL,1,100,25601.800781
1701221235.907337,2393171.500,65404,2,EL,1,100,25598.000000
1701221235.973823,2393238.000,65404,2,EL,1,100,25591.000000
1701221236.040810,2393305.000,65420,1,EL,1,100,25582.800781
1701221236.107463,2393371.667,65446,3,EL,1,100,25594.800781
1701221236.174117,2393438.333,65446,3,EL,1,100,25591.199219
1701221236.240770,2393505.000,65446,3,EL,1,100,25599.800781
1701221236.307757,2393572.000,65462,1,EL,1,100,25600.199219
1701221236.374243,2393638.500,65477,2,EL,1,100,25578.599609
1701221236.440730,2393705.000,65477,2,EL,1,100,25575.199219
1701221236.507717,2393772.000,65494,1,EL,1,100,25592.000000
1701221236.574203,2393838.500,65513,2,EL,1,100,25596.199219
1701221236.640690,2393905.000,65513,2,EL,1,100,25594.800781
1701221236.707677,2393972.000,65529,1,EL,1,100,25593.800781
1701221236.774163,2394038.500,9,2,EL,1,100,25592.000000
1701221236.840650,2394105.000,9,2,EL,1,100,25577.400391
1701221236.906637,2394171.000,25,1,EL,1,100,25592.800781
1701221236.973624,2394238.000,42,2,EL,1,100,25592.199219
1701221237.040610,2394305.000,42,2,EL,1,100,25557.000000
1701221237.107597,2394372.000,58,1,EL,1,100,25567.800781
1701221237.174083,2394438.500,75,2,EL,1,100,25576.400391
1701221237.240570,2394505.000,75,2,EL,1,100,25581.400391
1701221237.306557,2394571.000,90,1,EL,1,100,25582.400391
1701221237.373544,2394638.000,107,2,EL,1,100,25587.800781
1701221237.440530,2394705.000,107,2,EL,1,100,25571.599609
1701221237.506517,2394771.000,124,1,EL,1,100,25585.400391
1701221237.573504,2394838.000,140,2,EL,1,100,25589.199219
1701221237.640490,2394905.000,140,2,EL,1,100,25575.599609
1701221237.706977,2394971.500,155,2,EL,1,100,25576.000000
1701221237.773464,2395038.000,155,2,EL,1,100,25573.800781
1701221237.840451,2395105.000,173,1,EL,1,100,25577.400391
1701221237.906937,2395171.500,191,2,EL,1,100,25564.800781
1701221237.973424,2395238.000,191,2,EL,1,100,25575.199219
1701221238.040411,2395305.000,208,1,EL,1,100,25577.599609
1701221238.106897,2395371.500,223,2,EL,1,100,25574.599609
1701221238.173384,2395438.000,223,2,EL,1,100,25574.599609
1701221238.240371,2395505.000,240,1,EL,1,100,25578.599609
1701221238.306857,2395571.500,256,2,EL,1,100,25581.599609
1701221238.373344,2395638.000,256,2,EL,1,100,25579.800781
1701221238.440331,2395705.000,273,1,EL,1,100,25576.400391
1701221238.506817,2395771.500,288,2,EL,1,100,25587.400391
1701221238.573304,2395838.000,288,2,EL,1,100,25580.800781
1701221238.640291,2395905.000,307,1,EL,1,100,25582.400391
1701221238.706777,2395971.500,323,2,EL,1,100,25583.599609
1701221238.773264,2396038.000,323,2,EL,1,100,25565.000000
1701221238.840251,2396105.000,341,1,EL,1,100,25567.800781
1701221238.906737,2396171.500,355,2,EL,1,100,25577.199219
1701221238.973224,2396238.000,355,2,EL,1,100,25554.800781
1701221239.040211,2396305.000,372,1,EL,1,100,25574.400391
1701221239.106698,2396371.500,389,2,EL,1,100,25577.000000
1701221239.173184,2396438.000,389,2,EL,1,100,25562.199219
1701221239.240171,2396505.000,406,1,EL,1,100,25573.400391
1701221239.306658,2396571.500,422,2,EL,1,100,25572.599609
1701221239.373144,2396638.000,422,2,EL,1,100,25571.400391
1701221239.440131,2396705.000,439,1,EL,1,100,25579.599609
1701221239.506618,2396771.500,456,2,EL,1,100,25575.199219
1701221239.573104,2396838.000,456,2,EL,1,100,25573.400391
1701221239.640091,2396905.000,473,1,EL,1,100,25576.000000
1701221239.706578,2396971.500,488,2,EL,1,100,25576.000000
1701221239.773064,2397038.000,488,2,EL,1,100,25562.599609
1701221239.839051,2397104.000,505,1,EL,1,100,25574.199219
1701221239.906038,2397171.000,521,2,EL,1,100,25574.599609
1701221239.973024,2397238.000,521,2,EL,1,100,25564.199219
1701221240.039511,2397304.500,538,2,EL,1,100,25568.199219
1701221240.105998,2397371.000,538,2,EL,1,100,25570.599609
1701221240.172985,2397438.000,555,1,EL,1,100,25557.199219
1701221240.239471,2397504.500,570,2,EL,1,100,25561.199219
1701221240.305958,2397571.000,570,2,EL,1,100,25571.599609
1701221240.372945,2397638.000,586,1,EL,1,100,25565.199219
1701221240.439431,2397704.500,604,2,EL,1,100,25572.400391
1701221240.505918,2397771.000,604,2,EL,1,100,25569.199219
1701221240.572905,2397838.000,620,1,EL,1,100,25555.599609
1701221240.639391,2397904.500,635,2,EL,1,100,25570.000000
1701221240.705878,2397971.000,635,2,EL,1,100,25560.599609
1701221240.772865,2398038.000,651,1,EL,1,100,25561.599609
1701221240.839351,2398104.500,669,2,EL,1,100,25568.400391
1701221240.905838,2398171.000,669,2,EL,1,100,25554.000000
1701221240.972825,2398238.000,685,1,EL,1,100,25567.599609
1701221241.039311,2398304.500,700,2,EL,1,100,25568.800781
1701221241.105798,2398371.000,700,2,EL,1,100,25556.800781
1701221241.172785,2398438.000,717,1,EL,1,100,25561.400391
1701221241.239271,2398504.500,739,2,EL,1,100,25563.199219
1701221241.305758,2398571.000,739,2,EL,1,100,25556.800781
1701221241.372745,2398638.000,755,1,EL,1,100,25554.400391
1701221241.439232,2398704.500,771,2,EL,1,100,25552.400391
1701221241.505718,2398771.000,771,2,EL,1,100,25520.599609
1701221241.572705,2398838.000,787,1,EL,1,100,25530.199219
1701221241.639192,2398904.500,806,2,EL,1,100,25542.599609
1701221241.705678,2398971.000,806,2,EL,1,100,25553.599609
1701221241.772665,2399038.000,822,1,EL,1,100,25554.599609
1701221241.839152,2399104.500,839,2,EL,1,100,25532.199219
1701221241.905638,2399171.000,839,2,EL,1,100,25543.599609
1701221241.972625,2399238.000,854,1,EL,1,100,25551.800781
1701221242.039112,2399304.500,871,2,EL,1,100,25550.599609
1701221242.105598,2399371.000,871,2,EL,1,100,25550.199219
1701221242.172085,2399437.500,888,2,EL,1,100,25528.000000
1701221242.238572,2399504.000,888,2,EL,1,100,25520.599609
1701221242.305558,2399571.000,907,1,EL,1,100,25546.800781
1701221242.372045,2399637.500,921,2,EL,1,100,25550.599609
1701221242.438532,2399704.000,921,2,EL,1,100,25543.599609
1701221242.505518,2399771.000,939,1,EL,1,100,25547.400391
1701221242.572005,2399837.500,955,2,EL,1,100,25532.599609
1701221242.638492,2399904.000,955,2,EL,1,100,25518.599609
1701221242.705479,2399971.000,974,1,EL,1,100,25543.800781
1701221242.771965,2400037.500,989,2,EL,1,100,25554.199219
1701221242.838452,2400104.000,989,2,EL,1,100,25518.800781
1701221242.905439,2400171.000,1008,1,EL,1,100,25528.599609
1701221242.971925,2400237.500,1024,2,EL,1,100,25531.199219
1701221243.038412,2400304.000,1024,2,EL,1,100,25536.400391
1701221243.105399,2400371.000,1041,1,EL,1,100,25541.000000
1701221243.171885,2400437.500,1056,2,EL,1,100,25543.599609
1701221243.238372,2400504.000,1056,2,EL,1,100,25537.000000
1701221243.305359,2400571.000,1075,1,EL,1,100,25538.800781
1701221243.371845,2400637.500,1091,2,EL,1,100,25546.000000
1701221243.438332,2400704.000,1091,2,EL,1,100,25537.000000
1701221243.505319,2400771.000,1109,1,EL,1,100,25545.400391
1701221243.571805,2400837.500,1123,2,EL,1,100,25544.599609
1701221243.638292,2400904.000,1123,2,EL,1,100,25534.599609
1701221243.705279,2400971.000,1140,1,EL,1,100,25538.400391
1701221243.771765,2401037.500,1157,2,EL,1,100,25544.000000
1701221243.838252,2401104.000,1157,2,EL,1,100,25537.800781
1701221243.905239,2401171.000,1176,1,EL,1,100,25526.199219
1701221243.971726,2401237.500,1191,2,EL,1,100,25554.400391
1701221244.038212,2401304.000,1191,2,EL,1,100,25534.400391
1701221244.104699,2401370.500,1208,2,EL,1,100,25538.000000
1701221244.171186,2401437.000,1208,2,EL,1,100,25540.400391
1701221244.238173,2401504.000,1224,1,EL,1,100,25526.400391
1701221244.304659,2401570.500,1241,2,EL,1,100,25528.000000
1701221244.371146,2401637.000,1241,2,EL,1,100,25536.800781
1701221244.438133,2401704.000,1257,1,EL,1,100,25514.599609
1701221244.504619,2401770.500,1277,2,EL,1,100,25503.199219
1701221244.571106,2401837.000,1277,2,EL,1,100,25558.000000
1701221244.638093,2401904.000,1293,1,EL,1,100,25541.199219
1701221244.704579,2401970.500,1310,2,EL,1,100,25545.400391
1701221244.771066,2402037.000,1310,2,EL,1,100,25534.599609
1701221244.838053,2402104.000,1327,1,EL,1,100,25537.000000
1701221244.904539,2402170.500,1342,2,EL,1,100,25542.199219
1701221244.971026,2402237.000,1342,2,EL,1,100,25532.599609
1701221245.038013,2402304.000,1358,1,EL,1,100,25536.199219
1701221245.104499,2402370.500,1376,2,EL,1,100,25540.400391
1701221245.170986,2402437.000,1376,2,EL,1,100,25519.199219
1701221245.237973,2402504.000,1394,1,EL,1,100,25527.000000
1701221245.304459,2402570.500,1409,2,EL,1,100,25529.000000
1701221245.370946,2402637.000,1409,2,EL,1,100,25522.400391
1701221245.437933,2402704.000,1425,1,EL,1,100,25529.400391
1701221245.504420,2402770.500,1443,2,EL,1,100,25534.599609
1701221245.570906,2402837.000,1443,2,EL,1,100,25521.800781
1701221245.637893,2402904.000,1459,1,EL,1,100,25524.800781
1701221245.704380,2402970.500,1475,2,EL,1,100,25528.000000
1701221245.770866,2403037.000,1475,2,EL,1,100,25517.800781
1701221245.837853,2403104.000,1491,1,EL,1,100,25521.000000
1701221245.904340,2403170.500,1510,2,EL,1,100,25522.000000
1701221245.970826,2403237.000,1510,2,EL,1,100,25523.000000
1701221246.037813,2403304.000,1526,1,EL,1,100,25519.599609
1701221246.104300,2403370.500,1543,2,EL,1,100,25524.000000
1701221246.170786,2403437.000,1543,2,EL,1,100,25522.599609
1701221246.237773,2403504.000,1558,2,EL,1,100,25528.000000
1701221246.304760,2403571.000,1558,2,EL,1,100,25515.599609
1701221246.370746,2403637.000,1580,1,EL,1,100,25506.800781
1701221246.437233,2403703.500,1597,2,EL,1,100,25524.000000
1701221246.503720,2403770.000,1597,2,EL,1,100,25508.000000
1701221246.570706,2403837.000,1614,1,EL,1,100,25517.400391
1701221246.637193,2403903.500,1628,2,EL,1,100,25525.800781
1701221246.703680,2403970.000,1628,2,EL,1,100,25498.800781
1701221246.770667,2404037.000,1645,1,EL,1,100,25511.599609
