LocalTimestamp,EmotiBitTimestamp,PacketNumber,DataLength,TypeTag,ProtocolVersion,DataReliability,AY
1701221177.872430,2335125.000,55977,3,AY,1,100,-0.005
1701221177.872430,2335125.000,55977,3,AY,1,100,-0.003
1701221177.872430,2335125.000,55977,3,AY,1,100,-0.007
1701221177.912422,2335165.000,55994,2,AY,1,100,-0.004
1701221177.952414,2335205.000,55994,2,AY,1,100,-0.009
1701221177.992406,2335245.000,56010,3,AY,1,100,-0.009
1701221178.032398,2335285.000,56010,3,AY,1,100,-0.006
1701221178.072390,2335325.000,56010,3,AY,1,100,-0.007
1701221178.112382,2335365.000,56027,2,AY,1,100,-0.006
1701221178.152374,2335405.000,56027,2,AY,1,100,-0.007
1701221178.192366,2335445.000,56044,3,AY,1,100,-0.008
1701221178.232358,2335485.000,56044,3,AY,1,100,-0.003
1701221178.272350,2335525.000,56044,3,AY,1,100,-0.003
1701221178.312342,2335565.000,56060,2,AY,1,100,-0.002
1701221178.352334,2335605.000,56060,2,AY,1,100,-0.008
1701221178.392326,2335645.000,56075,3,AY,1,100,-0.004
1701221178.432318,2335685.000,56075,3,AY,1,100,-0.007
1701221178.472310,2335725.000,56075,3,AY,1,100,-0.005
1701221178.507636,2335760.333,56093,3,AY,1,100,-0.004
1701221178.542963,2335795.667,56093,3,AY,1,100,-0.006
1701221178.578289,2335831.000,56093,3,AY,1,100,-0.007
1701221178.618281,2335871.000,56109,2,AY,1,100,-0.004
1701221178.658273,2335911.000,56109,2,AY,1,100,-0.007
1701221178.698265,2335951.000,56126,3,AY,1,100,-0.002
1701221178.738257,2335991.000,56126,3,AY,1,100,-0.000
1701221178.778249,2336031.000,56126,3,AY,1,100,-0.001
1701221178.818241,2336071.000,56141,2,AY,1,100,-0.002
1701221178.858233,2336111.000,56141,2,AY,1,100,-0.007
1701221178.898225,2336151.000,56158,3,AY,1,100,-0.005
1701221178.938217,2336191.000,56158,3,AY,1,100,-0.009
1701221178.978209,2336231.000,56158,3,AY,1,100,-0.006
1701221179.018201,2336271.000,56174,3,AY,1,100,-0.006
1701221179.058193,2336311.000,56174,3,AY,1,100,-0.005
1701221179.098185,2336351.000,56174,3,AY,1,100,-0.010
1701221179.138177,2336391.000,56192,2,AY,1,100,-0.009
1701221179.178169,2336431.000,56192,2,AY,1,100,-0.005
1701221179.218161,2336471.000,56206,3,AY,1,100,-0.005
1701221179.258153,2336511.000,56206,3,AY,1,100,-0.007
1701221179.298145,2336551.000,56206,3,AY,1,100,-0.004
1701221179.338137,2336591.000,56223,2,AY,1,100,-0.006
1701221179.378129,2336631.000,56223,2,AY,1,100,-0.006
1701221179.418121,2336671.000,56239,3,AY,1,100,-0.006
1701221179.458113,2336711.000,56239,3,AY,1,100,-0.004
1701221179.498105,2336751.000,56239,3,AY,1,100,-0.005
1701221179.538097,2336791.000,56257,2,AY,1,100,-0.009
1701221179.578089,2336831.000,56257,2,AY,1,100,-0.004
1701221179.618081,2336871.000,56271,3,AY,1,100,-0.002
1701221179.658073,2336911.000,56271,3,AY,1,100,-0.005
1701221179.698065,2336951.000,56271,3,AY,1,100,-0.006
1701221179.738057,2336991.000,56288,2,AY,1,100,-0.003
1701221179.778049,2337031.000,56288,2,AY,1,100,-0.004
1701221179.818041,2337071.000,56308,4,AY,1,100,-0.006
1701221179.858033,2337111.000,56308,4,AY,1,100,-0.003
1701221179.898025,2337151.000,56308,4,AY,1,100,-0.004
1701221179.938017,2337191.000,56308,4,AY,1,100,-0.006
1701221179.978009,2337231.000,56325,2,AY,1,100,-0.008
1701221180.018001,2337271.000,56325,2,AY,1,100,-0.008
1701221180.057993,2337311.000,56341,3,AY,1,100,-0.006
1701221180.097985,2337351.000,56341,3,AY,1,100,-0.005
1701221180.137977,2337391.000,56341,3,AY,1,100,-0.008
1701221180.177969,2337431.000,56358,2,AY,1,100,-0.008
1701221180.217961,2337471.000,56358,2,AY,1,100,-0.004
1701221180.257953,2337511.000,56373,3,AY,1,100,-0.003
1701221180.297945,2337551.000,56373,3,AY,1,100,-0.002
1701221180.337937,2337591.000,56373,3,AY,1,100,-0.002
1701221180.377929,2337631.000,56390,3,AY,1,100,-0.006
1701221180.417921,2337671.000,56390,3,AY,1,100,-0.004
1701221180.457913,2337711.000,56390,3,AY,1,100,-0.005
1701221180.491407,2337744.500,56407,2,AY,1,100,-0.004
1701221180.524900,2337778.000,56407,2,AY,1,100,-0.004
1701221180.564892,2337818.000,56424,3,AY,1,100,-0.006
1701221180.604884,2337858.000,56424,3,AY,1,100,-0.010
1701221180.644876,2337898.000,56424,3,AY,1,100,-0.008
1701221180.684868,2337938.000,56438,2,AY,1,100,-0.006
1701221180.724860,2337978.000,56438,2,AY,1,100,-0.006
1701221180.764852,2338018.000,56456,3,AY,1,100,-0.006
1701221180.804844,2338058.000,56456,3,AY,1,100,-0.005
1701221180.844836,2338098.000,56456,3,AY,1,100,-0.002
1701221180.884828,2338138.000,56472,2,AY,1,100,-0.005
1701221180.924820,2338178.000,56472,2,AY,1,100,-0.006
1701221180.964812,2338218.000,56489,3,AY,1,100,-0.007
1701221181.004804,2338258.000,56489,3,AY,1,100,-0.006
1701221181.044796,2338298.000,56489,3,AY,1,100,-0.010
1701221181.084788,2338338.000,56503,3,AY,1,100,-0.006
1701221181.124780,2338378.000,56503,3,AY,1,100,-0.008
1701221181.164772,2338418.000,56503,3,AY,1,100,-0.003
1701221181.204764,2338458.000,56521,2,AY,1,100,-0.006
1701221181.244756,2338498.000,56521,2,AY,1,100,-0.007
1701221181.284748,2338538.000,56537,3,AY,1,100,-0.006
1701221181.324740,2338578.000,56537,3,AY,1,100,-0.006
1701221181.364732,2338618.000,56537,3,AY,1,100,-0.004
1701221181.404724,2338658.000,56558,2,AY,1,100,-0.003
1701221181.444716,2338698.000,56558,2,AY,1,100,-0.004
1701221181.484708,2338738.000,56573,3,AY,1,100,-0.002
1701221181.524700,2338778.000,56573,3,AY,1,100,-0.005
1701221181.564692,2338818.000,56573,3,AY,1,100,-0.000
1701221181.604684,2338858.000,56590,2,AY,1,100,-0.003
1701221181.644676,2338898.000,56590,2,AY,1,100,-0.008
1701221181.684668,2338938.000,56606,3,AY,1,100,-0.007
1701221181.724660,2338978.000,56606,3,AY,1,100,-0.005
1701221181.764652,2339018.000,56606,3,AY,1,100,-0.007
1701221181.804644,2339058.000,56624,2,AY,1,100,-0.004
1701221181.844636,2339098.000,56624,2,AY,1,100,-0.005
1701221181.884628,2339138.000,56638,3,AY,1,100,-0.005
1701221181.924620,2339178.000,56638,3,AY,1,100,-0.003
1701221181.964612,2339218.000,56638,3,AY,1,100,-0.005
1701221182.004604,2339258.000,56657,3,AY,1,100,-0.003
1701221182.044596,2339298.000,56657,3,AY,1,100,-0.006
1701221182.084589,2339338.000,56657,3,AY,1,100,-0.006
1701221182.124580,2339378.000,56673,2,AY,1,100,-0.006
1701221182.164572,2339418.000,56673,2,AY,1,100,-0.007
1701221182.200232,2339453.667,56691,3,AY,1,100,-0.008
1701221182.235892,2339489.333,56691,3,AY,1,100,-0.006
1701221182.271551,2339525.000,56691,3,AY,1,100,-0.003
1701221182.311543,2339565.000,56706,2,AY,1,100,-0.008
1701221182.351535,2339605.000,56706,2,AY,1,100,-0.007
1701221182.391527,2339645.000,56722,3,AY,1,100,-0.002
1701221182.431519,2339685.000,56722,3,AY,1,100,-0.006
1701221182.471511,2339725.000,56722,3,AY,1,100,-0.004
1701221182.511503,2339765.000,56739,2,AY,1,100,-0.004
1701221182.551495,2339805.000,56739,2,AY,1,100,-0.004
1701221182.591487,2339845.000,56756,3,AY,1,100,-0.006
1701221182.631479,2339885.000,56756,3,AY,1,100,-0.004
1701221182.671471,2339925.000,56756,3,AY,1,100,-0.008
1701221182.711463,2339965.000,56772,3,AY,1,100,-0.009
1701221182.751455,2340005.000,56772,3,AY,1,100,-0.007
1701221182.791447,2340045.000,56772,3,AY,1,100,-0.006
1701221182.831439,2340085.000,56788,2,AY,1,100,-0.006
1701221182.871431,2340125.000,56788,2,AY,1,100,-0.006
1701221182.911423,2340165.000,56806,3,AY,1,100,-0.006
1701221182.951415,2340205.000,56806,3,AY,1,100,-0.006
1701221182.991407,2340245.000,56806,3,AY,1,100,-0.002
1701221183.031399,2340285.000,56823,2,AY,1,100,-0.002
1701221183.071391,2340325.000,56823,2,AY,1,100,-0.006
1701221183.111050,2340364.667,56842,3,AY,1,100,-0.006
1701221183.150709,2340404.333,56842,3,AY,1,100,-0.003
1701221183.190367,2340444.000,56842,3,AY,1,100,-0.004
1701221183.230360,2340484.000,56857,2,AY,1,100,-0.007
1701221183.270352,2340524.000,56857,2,AY,1,100,-0.006
1701221183.310344,2340564.000,56873,3,AY,1,100,-0.007
1701221183.350336,2340604.000,56873,3,AY,1,100,-0.005
1701221183.390328,2340644.000,56873,3,AY,1,100,-0.006
1701221183.430320,2340684.000,56890,2,AY,1,100,-0.004
1701221183.470312,2340724.000,56890,2,AY,1,100,-0.004
1701221183.510304,2340764.000,56909,3,AY,1,100,-0.004
1701221183.550296,2340804.000,56909,3,AY,1,100,-0.006
1701221183.590288,2340844.000,56909,3,AY,1,100,-0.008
1701221183.630280,2340884.000,56924,2,AY,1,100,-0.005
1701221183.670272,2340924.000,56924,2,AY,1,100,-0.003
1701221183.710264,2340964.000,56940,3,AY,1,100,-0.007
1701221183.750256,2341004.000,56940,3,AY,1,100,-0.005
1701221183.790248,2341044.000,56940,3,AY,1,100,-0.007
1701221183.830240,2341084.000,56958,3,AY,1,100,-0.006
1701221183.870232,2341124.000,56958,3,AY,1,100,-0.004
1701221183.910224,2341164.000,56958,3,AY,1,100,-0.006
1701221183.950216,2341204.000,56974,2,AY,1,100,-0.005
1701221183.990208,2341244.000,56974,2,AY,1,100,-0.002
1701221184.030200,2341284.000,56989,3,AY,1,100,-0.005
1701221184.070192,2341324.000,56989,3,AY,1,100,-0.001
1701221184.110184,2341364.000,56989,3,AY,1,100,-0.005
1701221184.150176,2341404.000,57006,2,AY,1,100,-0.005
1701221184.190168,2341444.000,57006,2,AY,1,100,0.002
1701221184.225827,2341479.667,57023,3,AY,1,100,-0.009
1701221184.261487,2341515.333,57023,3,AY,1,100,-0.018
1701221184.297147,2341551.000,57023,3,AY,1,100,-0.001
1701221184.337138,2341591.000,57039,3,AY,1,100,0.018
1701221184.377131,2341631.000,57039,3,AY,1,100,0.001
1701221184.417122,2341671.000,57039,3,AY,1,100,-0.004
1701221184.457114,2341711.000,57055,2,AY,1,100,0.005
1701221184.497107,2341751.000,57055,2,AY,1,100,0.010
1701221184.537098,2341791.000,57071,3,AY,1,100,0.006
1701221184.577091,2341831.000,57071,3,AY,1,100,-0.042
1701221184.617083,2341871.000,57071,3,AY,1,100,-0.036
1701221184.657074,2341911.000,57088,2,AY,1,100,-0.039
1701221184.697067,2341951.000,57088,2,AY,1,100,-0.031
1701221184.737059,2341991.000,57104,3,AY,1,100,-0.043
1701221184.777050,2342031.000,57104,3,AY,1,100,-0.024
1701221184.817043,2342071.000,57104,3,AY,1,100,-0.009
1701221184.857035,2342111.000,57122,2,AY,1,100,-0.002
1701221184.897027,2342151.000,57122,2,AY,1,100,-0.002
1701221184.937019,2342191.000,57146,4,AY,1,100,-0.039
1701221184.977011,2342231.000,57146,4,AY,1,100,-0.021
1701221185.017003,2342271.000,57146,4,AY,1,100,-0.014
1701221185.056995,2342311.000,57146,4,AY,1,100,-0.010
1701221185.096987,2342351.000,57160,3,AY,1,100,-0.029
1701221185.136979,2342391.000,57160,3,AY,1,100,-0.025
1701221185.176971,2342431.000,57160,3,AY,1,100,-0.015
1701221185.216963,2342471.000,57178,2,AY,1,100,-0.017
1701221185.256955,2342511.000,57178,2,AY,1,100,-0.031
1701221185.296947,2342551.000,57194,3,AY,1,100,-0.001
1701221185.336939,2342591.000,57194,3,AY,1,100,-0.024
1701221185.376931,2342631.000,57194,3,AY,1,100,0.006
1701221185.416923,2342671.000,57211,2,AY,1,100,-0.008
1701221185.456915,2342711.000,57211,2,AY,1,100,0.112
1701221185.496907,2342751.000,57229,3,AY,1,100,-0.008
1701221185.536899,2342791.000,57229,3,AY,1,100,-0.073
1701221185.576891,2342831.000,57229,3,AY,1,100,-0.067
1701221185.616883,2342871.000,57245,2,AY,1,100,0.006
1701221185.656875,2342911.000,57245,2,AY,1,100,0.002
1701221185.696867,2342951.000,57261,3,AY,1,100,0.012
1701221185.736859,2342991.000,57261,3,AY,1,100,0.020
1701221185.776851,2343031.000,57261,3,AY,1,100,0.076
1701221185.816843,2343071.000,57281,2,AY,1,100,0.081
1701221185.856835,2343111.000,57281,2,AY,1,100,0.030
1701221185.896827,2343151.000,57296,3,AY,1,100,-0.047
1701221185.936819,2343191.000,57296,3,AY,1,100,-0.044
1701221185.976811,2343231.000,57296,3,AY,1,100,0.027
1701221186.012470,2343266.667,57314,3,AY,1,100,0.005
1701221186.048130,2343302.333,57314,3,AY,1,100,0.036
1701221186.083790,2343338.000,57314,3,AY,1,100,0.046
1701221186.123781,2343378.000,57333,2,AY,1,100,0.014
1701221186.163774,2343418.000,57333,2,AY,1,100,0.051
1701221186.203766,2343458.000,57350,3,AY,1,100,-0.149
1701221186.243757,2343498.000,57350,3,AY,1,100,-0.082
1701221186.283750,2343538.000,57350,3,AY,1,100,0.050
1701221186.323742,2343578.000,57366,2,AY,1,100,0.015
1701221186.363734,2343618.000,57366,2,AY,1,100,-0.017
1701221186.403726,2343658.000,57381,3,AY,1,100,0.004
1701221186.443718,2343698.000,57381,3,AY,1,100,-0.024
1701221186.483710,2343738.000,57381,3,AY,1,100,-0.067
1701221186.523702,2343778.000,57398,3,AY,1,100,0.047
1701221186.563694,2343818.000,57398,3,AY,1,100,0.000
1701221186.603686,2343858.000,57398,3,AY,1,100,-0.046
1701221186.643678,2343898.000,57415,2,AY,1,100,0.011
1701221186.683670,2343938.000,57415,2,AY,1,100,-0.018
1701221186.723662,2343978.000,57431,3,AY,1,100,0.000
1701221186.763654,2344018.000,57431,3,AY,1,100,-0.023
1701221186.803646,2344058.000,57431,3,AY,1,100,-0.015
1701221186.843638,2344098.000,57447,2,AY,1,100,0.004
1701221186.883630,2344138.000,57447,2,AY,1,100,-0.034
1701221186.923622,2344178.000,57463,3,AY,1,100,-0.011
1701221186.963614,2344218.000,57463,3,AY,1,100,-0.011
1701221187.003606,2344258.000,57463,3,AY,1,100,-0.017
1701221187.043598,2344298.000,57480,2,AY,1,100,-0.010
1701221187.083590,2344338.000,57480,2,AY,1,100,-0.008
1701221187.123582,2344378.000,57497,3,AY,1,100,-0.026
1701221187.163574,2344418.000,57497,3,AY,1,100,-0.014
1701221187.203566,2344458.000,57497,3,AY,1,100,-0.014
1701221187.243558,2344498.000,57512,2,AY,1,100,-0.014
1701221187.283550,2344538.000,57512,2,AY,1,100,-0.008
1701221187.323542,2344578.000,57528,3,AY,1,100,-0.009
1701221187.363534,2344618.000,57528,3,AY,1,100,-0.052
1701221187.403526,2344658.000,57528,3,AY,1,100,-0.024
1701221187.443518,2344698.000,57547,2,AY,1,100,0.006
1701221187.483510,2344738.000,57547,2,AY,1,100,-0.008
1701221187.523502,2344778.000,57564,3,AY,1,100,-0.046
1701221187.563494,2344818.000,57564,3,AY,1,100,0.018
1701221187.603486,2344858.000,57564,3,AY,1,100,-0.015
1701221187.643478,2344898.000,57580,2,AY,1,100,-0.001
1701221187.683470,2344938.000,57580,2,AY,1,100,-0.015
1701221187.723462,2344978.000,57595,3,AY,1,100,-0.001
1701221187.763454,2345018.000,57595,3,AY,1,100,-0.009
1701221187.803446,2345058.000,57595,3,AY,1,100,-0.004
1701221187.843438,2345098.000,57613,2,AY,1,100,-0.002
1701221187.883430,2345138.000,57613,2,AY,1,100,-0.014
1701221187.923422,2345178.000,57631,3,AY,1,100,-0.008
1701221187.963414,2345218.000,57631,3,AY,1,100,-0.027
1701221188.003406,2345258.000,57631,3,AY,1,100,-0.011
1701221188.038732,2345293.333,57648,3,AY,1,100,-0.026
1701221188.074059,2345328.667,57648,3,AY,1,100,-0.022
1701221188.109385,2345364.000,57648,3,AY,1,100,-0.011
1701221188.149377,2345404.000,57663,2,AY,1,100,-0.017
1701221188.189369,2345444.000,57663,2,AY,1,100,-0.012
1701221188.229361,2345484.000,57680,3,AY,1,100,-0.019
1701221188.269353,2345524.000,57680,3,AY,1,100,-0.017
1701221188.309345,2345564.000,57680,3,AY,1,100,-0.020
1701221188.349337,2345604.000,57696,3,AY,1,100,-0.013
1701221188.389329,2345644.000,57696,3,AY,1,100,-0.010
1701221188.429321,2345684.000,57696,3,AY,1,100,-0.026
1701221188.469313,2345724.000,57714,2,AY,1,100,-0.005
1701221188.509305,2345764.000,57714,2,AY,1,100,-0.020
1701221188.549297,2345804.000,57730,3,AY,1,100,-0.019
1701221188.589289,2345844.000,57730,3,AY,1,100,-0.018
1701221188.629281,2345884.000,57730,3,AY,1,100,-0.017
1701221188.669273,2345924.000,57747,2,AY,1,100,-0.027
1701221188.709265,2345964.000,57747,2,AY,1,100,-0.017
1701221188.749257,2346004.000,57763,3,AY,1,100,-0.016
1701221188.789249,2346044.000,57763,3,AY,1,100,-0.016
1701221188.829241,2346084.000,57763,3,AY,1,100,-0.015
1701221188.869233,2346124.000,57781,2,AY,1,100,-0.013
1701221188.909225,2346164.000,57781,2,AY,1,100,-0.015
1701221188.949217,2346204.000,57795,3,AY,1,100,-0.017
1701221188.989209,2346244.000,57795,3,AY,1,100,-0.020
1701221189.029201,2346284.000,57795,3,AY,1,100,-0.019
1701221189.069193,2346324.000,57812,2,AY,1,100,-0.021
1701221189.109185,2346364.000,57812,2,AY,1,100,-0.014
1701221189.149177,2346404.000,57829,3,AY,1,100,-0.020
1701221189.189169,2346444.000,57829,3,AY,1,100,-0.017
1701221189.229161,2346484.000,57829,3,AY,1,100,-0.020
1701221189.269153,2346524.000,57846,2,AY,1,100,-0.020
1701221189.309145,2346564.000,57846,2,AY,1,100,-0.015
1701221189.349137,2346604.000,57860,3,AY,1,100,-0.017
1701221189.389129,2346644.000,57860,3,AY,1,100,-0.021
1701221189.429121,2346684.000,57860,3,AY,1,100,-0.023
1701221189.469113,2346724.000,57880,2,AY,1,100,-0.016
1701221189.509105,2346764.000,57880,2,AY,1,100,-0.018
1701221189.549097,2346804.000,57896,3,AY,1,100,-0.015
1701221189.589089,2346844.000,57896,3,AY,1,100,-0.020
1701221189.629081,2346884.000,57896,3,AY,1,100,-0.021
1701221189.669073,2346924.000,57913,3,AY,1,100,-0.014
1701221189.709065,2346964.000,57913,3,AY,1,100,-0.022
1701221189.749057,2347004.000,57913,3,AY,1,100,-0.015
1701221189.789049,2347044.000,57928,2,AY,1,100,-0.013
1701221189.829041,2347084.000,57928,2,AY,1,100,-0.013
1701221189.864701,2347119.667,57945,3,AY,1,100,-0.014
1701221189.900360,2347155.333,57945,3,AY,1,100,-0.018
1701221189.936020,2347191.000,57945,3,AY,1,100,-0.016
1701221189.976012,2347231.000,57961,3,AY,1,100,-0.019
1701221190.016004,2347271.000,57961,3,AY,1,100,-0.022
1701221190.055996,2347311.000,57961,3,AY,1,100,-0.014
1701221190.095988,2347351.000,57984,3,AY,1,100,-0.023
1701221190.135980,2347391.000,57984,3,AY,1,100,-0.018
1701221190.175972,2347431.000,57984,3,AY,1,100,-0.015
1701221190.215964,2347471.000,58000,3,AY,1,100,-0.018
1701221190.255956,2347511.000,58000,3,AY,1,100,-0.016
1701221190.295948,2347551.000,58000,3,AY,1,100,-0.021
1701221190.335940,2347591.000,58017,2,AY,1,100,-0.020
1701221190.375932,2347631.000,58017,2,AY,1,100,-0.020
1701221190.415924,2347671.000,58031,3,AY,1,100,-0.017
1701221190.455916,2347711.000,58031,3,AY,1,100,-0.015
1701221190.495908,2347751.000,58031,3,AY,1,100,-0.016
1701221190.535900,2347791.000,58049,2,AY,1,100,-0.021
1701221190.575892,2347831.000,58049,2,AY,1,100,-0.017
1701221190.615884,2347871.000,58065,3,AY,1,100,-0.021
1701221190.655876,2347911.000,58065,3,AY,1,100,-0.015
1701221190.695868,2347951.000,58065,3,AY,1,100,-0.021
1701221190.735860,2347991.000,58084,2,AY,1,100,-0.017
1701221190.775852,2348031.000,58084,2,AY,1,100,-0.018
1701221190.815844,2348071.000,58099,3,AY,1,100,-0.021
1701221190.855836,2348111.000,58099,3,AY,1,100,-0.018
1701221190.895828,2348151.000,58099,3,AY,1,100,-0.019
1701221190.935820,2348191.000,58116,2,AY,1,100,-0.015
1701221190.975812,2348231.000,58116,2,AY,1,100,-0.016
1701221191.015804,2348271.000,58132,3,AY,1,100,-0.013
1701221191.055796,2348311.000,58132,3,AY,1,100,-0.019
1701221191.095788,2348351.000,58132,3,AY,1,100,-0.015
1701221191.135780,2348391.000,58150,2,AY,1,100,-0.014
1701221191.175772,2348431.000,58150,2,AY,1,100,-0.018
1701221191.215764,2348471.000,58164,3,AY,1,100,-0.014
1701221191.255756,2348511.000,58164,3,AY,1,100,-0.017
1701221191.295748,2348551.000,58164,3,AY,1,100,-0.016
1701221191.335740,2348591.000,58181,2,AY,1,100,-0.016
1701221191.375732,2348631.000,58181,2,AY,1,100,-0.019
1701221191.415725,2348671.000,58197,3,AY,1,100,-0.015
1701221191.455716,2348711.000,58197,3,AY,1,100,-0.019
1701221191.495708,2348751.000,58197,3,AY,1,100,-0.018
1701221191.535701,2348791.000,58215,2,AY,1,100,-0.017
1701221191.575692,2348831.000,58215,2,AY,1,100,-0.012
1701221191.615685,2348871.000,58229,3,AY,1,100,-0.017
1701221191.655676,2348911.000,58229,3,AY,1,100,-0.018
1701221191.695668,2348951.000,58229,3,AY,1,100,-0.017
1701221191.735661,2348991.000,58246,3,AY,1,100,-0.016
1701221191.775652,2349031.000,58246,3,AY,1,100,-0.021
1701221191.815645,2349071.000,58246,3,AY,1,100,-0.017
1701221191.855637,2349111.000,58263,2,AY,1,100,-0.018
1701221191.895628,2349151.000,58263,2,AY,1,100,-0.019
1701221191.930955,2349186.333,58280,3,AY,1,100,-0.021
1701221191.966281,2349221.667,58280,3,AY,1,100,-0.016
1701221192.001607,2349257.000,58280,3,AY,1,100,-0.014
1701221192.041599,2349297.000,58296,3,AY,1,100,-0.016
1701221192.081591,2349337.000,58296,3,AY,1,100,-0.015
1701221192.121583,2349377.000,58296,3,AY,1,100,-0.019
1701221192.161575,2349417.000,58313,3,AY,1,100,-0.018
1701221192.201567,2349457.000,58313,3,AY,1,100,-0.022
1701221192.241560,2349497.000,58313,3,AY,1,100,-0.013
1701221192.281551,2349537.000,58330,2,AY,1,100,-0.017
1701221192.321543,2349577.000,58330,2,AY,1,100,-0.010
1701221192.361536,2349617.000,58349,3,AY,1,100,-0.021
1701221192.401527,2349657.000,58349,3,AY,1,100,-0.021
1701221192.441519,2349697.000,58349,3,AY,1,100,-0.017
1701221192.481512,2349737.000,58366,2,AY,1,100,-0.016
1701221192.521503,2349777.000,58366,2,AY,1,100,-0.021
1701221192.561496,2349817.000,58383,3,AY,1,100,-0.015
1701221192.601488,2349857.000,58383,3,AY,1,100,-0.012
1701221192.641479,2349897.000,58383,3,AY,1,100,-0.021
1701221192.681472,2349937.000,58397,2,AY,1,100,-0.015
1701221192.721464,2349977.000,58397,2,AY,1,100,-0.018
1701221192.761456,2350017.000,58415,3,AY,1,100,-0.016
1701221192.801448,2350057.000,58415,3,AY,1,100,-0.013
1701221192.841440,2350097.000,58415,3,AY,1,100,-0.018
1701221192.881432,2350137.000,58433,3,AY,1,100,-0.015
1701221192.921424,2350177.000,58433,3,AY,1,100,-0.022
1701221192.961416,2350217.000,58433,3,AY,1,100,-0.018
1701221193.001408,2350257.000,58450,2,AY,1,100,-0.022
1701221193.041400,2350297.000,58450,2,AY,1,100,-0.015
1701221193.081392,2350337.000,58464,3,AY,1,100,-0.017
1701221193.121384,2350377.000,58464,3,AY,1,100,-0.020
1701221193.161376,2350417.000,58464,3,AY,1,100,-0.020
1701221193.201368,2350457.000,58482,2,AY,1,100,-0.022
1701221193.241360,2350497.000,58482,2,AY,1,100,-0.015
1701221193.281352,2350537.000,58498,3,AY,1,100,-0.017
1701221193.321344,2350577.000,58498,3,AY,1,100,-0.015
1701221193.361336,2350617.000,58498,3,AY,1,100,-0.020
1701221193.401328,2350657.000,58515,2,AY,1,100,-0.018
1701221193.441320,2350697.000,58515,2,AY,1,100,-0.022
1701221193.481312,2350737.000,58530,3,AY,1,100,-0.017
1701221193.521304,2350777.000,58530,3,AY,1,100,-0.016
1701221193.561296,2350817.000,58530,3,AY,1,100,-0.017
1701221193.600788,2350856.500,58547,2,AY,1,100,-0.011
1701221193.640280,2350896.000,58547,2,AY,1,100,-0.019
1701221193.676273,2350932.000,58563,3,AY,1,100,-0.020
1701221193.712266,2350968.000,58563,3,AY,1,100,-0.022
1701221193.748258,2351004.000,58563,3,AY,1,100,-0.017
1701221193.788250,2351044.000,58581,3,AY,1,100,-0.017
1701221193.828243,2351084.000,58581,3,AY,1,100,-0.017
1701221193.868234,2351124.000,58581,3,AY,1,100,-0.018
1701221193.908226,2351164.000,58596,2,AY,1,100,-0.017
1701221193.948219,2351204.000,58596,2,AY,1,100,-0.017
1701221193.988210,2351244.000,58612,3,AY,1,100,-0.014
1701221194.028203,2351284.000,58612,3,AY,1,100,-0.018
1701221194.068195,2351324.000,58612,3,AY,1,100,-0.015
1701221194.108186,2351364.000,58628,2,AY,1,100,-0.019
1701221194.148179,2351404.000,58628,2,AY,1,100,-0.020
1701221194.188171,2351444.000,58646,3,AY,1,100,-0.019
1701221194.228163,2351484.000,58646,3,AY,1,100,-0.014
1701221194.268155,2351524.000,58646,3,AY,1,100,-0.023
1701221194.308147,2351564.000,58661,2,AY,1,100,-0.020
1701221194.348139,2351604.000,58661,2,AY,1,100,-0.020
1701221194.388131,2351644.000,58677,3,AY,1,100,-0.017
1701221194.428123,2351684.000,58677,3,AY,1,100,-0.016
1701221194.468115,2351724.000,58677,3,AY,1,100,-0.016
1701221194.508107,2351764.000,58694,3,AY,1,100,-0.015
1701221194.548099,2351804.000,58694,3,AY,1,100,-0.013
1701221194.588091,2351844.000,58694,3,AY,1,100,-0.018
1701221194.628083,2351884.000,58711,2,AY,1,100,-0.019
1701221194.668075,2351924.000,58711,2,AY,1,100,-0.016
1701221194.708067,2351964.000,58729,3,AY,1,100,-0.015
1701221194.748059,2352004.000,58729,3,AY,1,100,-0.017
1701221194.788051,2352044.000,58729,3,AY,1,100,-0.015
1701221194.828043,2352084.000,58745,2,AY,1,100,-0.018
1701221194.868035,2352124.000,58745,2,AY,1,100,-0.020
1701221194.908027,2352164.000,58761,3,AY,1,100,-0.017
1701221194.948019,2352204.000,58761,3,AY,1,100,-0.023
1701221194.988011,2352244.000,58761,3,AY,1,100,-0.021
1701221195.028003,2352284.000,58778,2,AY,1,100,-0.016
1701221195.067995,2352324.000,58778,2,AY,1,100,-0.014
1701221195.107987,2352364.000,58801,6,AY,1,100,-0.015
1701221195.147979,2352404.000,58801,6,AY,1,100,-0.020
1701221195.187971,2352444.000,58801,6,AY,1,100,-0.017
1701221195.227963,2352484.000,58801,6,AY,1,100,-0.020
1701221195.267955,2352524.000,58801,6,AY,1,100,-0.015
1701221195.307947,2352564.000,58801,6,AY,1,100,-0.021
1701221195.347939,2352604.000,58816,2,AY,1,100,-0.021
1701221195.387931,2352644.000,58816,2,AY,1,100,-0.017
1701221195.427923,2352684.000,58833,3,AY,1,100,-0.018
1701221195.467915,2352724.000,58833,3,AY,1,100,-0.017
1701221195.507907,2352764.000,58833,3,AY,1,100,-0.016
1701221195.547899,2352804.000,58850,2,AY,1,100,-0.021
1701221195.587891,2352844.000,58850,2,AY,1,100,-0.024
1701221195.623217,2352879.333,58866,3,AY,1,100,-0.021
1701221195.658544,2352914.667,58866,3,AY,1,100,-0.021
1701221195.693870,2352950.000,58866,3,AY,1,100,-0.020
1701221195.733862,2352990.000,58881,3,AY,1,100,-0.022
1701221195.773854,2353030.000,58881,3,AY,1,100,-0.015
1701221195.813846,2353070.000,58881,3,AY,1,100,-0.020
1701221195.853838,2353110.000,58899,2,AY,1,100,-0.016
1701221195.893830,2353150.000,58899,2,AY,1,100,-0.019
1701221195.933822,2353190.000,58915,3,AY,1,100,-0.013
1701221195.973814,2353230.000,58915,3,AY,1,100,-0.020
1701221196.013806,2353270.000,58915,3,AY,1,100,-0.022
1701221196.053798,2353310.000,58932,2,AY,1,100,-0.023
1701221196.093790,2353350.000,58932,2,AY,1,100,-0.017
1701221196.133782,2353390.000,58947,3,AY,1,100,-0.018
1701221196.173774,2353430.000,58947,3,AY,1,100,-0.022
1701221196.213766,2353470.000,58947,3,AY,1,100,-0.016
1701221196.253758,2353510.000,58964,2,AY,1,100,-0.021
1701221196.293750,2353550.000,58964,2,AY,1,100,-0.020
1701221196.333742,2353590.000,58980,3,AY,1,100,-0.016
1701221196.373734,2353630.000,58980,3,AY,1,100,-0.019
1701221196.413726,2353670.000,58980,3,AY,1,100,-0.018
1701221196.453718,2353710.000,58998,2,AY,1,100,-0.023
1701221196.493710,2353750.000,58998,2,AY,1,100,-0.019
1701221196.533702,2353790.000,59012,3,AY,1,100,-0.015
1701221196.573694,2353830.000,59012,3,AY,1,100,-0.018
1701221196.613686,2353870.000,59012,3,AY,1,100,-0.019
1701221196.653678,2353910.000,59029,3,AY,1,100,-0.017
1701221196.693670,2353950.000,59029,3,AY,1,100,-0.019
1701221196.733662,2353990.000,59029,3,AY,1,100,-0.018
1701221196.773654,2354030.000,59045,2,AY,1,100,-0.016
1701221196.813646,2354070.000,59045,2,AY,1,100,-0.020
1701221196.853638,2354110.000,59063,3,AY,1,100,-0.023
1701221196.893630,2354150.000,59063,3,AY,1,100,-0.018
1701221196.933622,2354190.000,59063,3,AY,1,100,-0.021
1701221196.973114,2354229.500,59077,2,AY,1,100,-0.014
1701221197.012606,2354269.000,59077,2,AY,1,100,-0.019
1701221197.052932,2354309.333,59094,3,AY,1,100,-0.018
1701221197.093257,2354349.667,59094,3,AY,1,100,-0.021
1701221197.133582,2354390.000,59094,3,AY,1,100,-0.018
1701221197.173074,2354429.500,59111,2,AY,1,100,-0.016
1701221197.212566,2354469.000,59111,2,AY,1,100,-0.016
1701221197.252892,2354509.333,59128,3,AY,1,100,-0.019
1701221197.293217,2354549.667,59128,3,AY,1,100,-0.021
1701221197.333542,2354590.000,59128,3,AY,1,100,-0.026
1701221197.373034,2354629.500,59142,2,AY,1,100,-0.018
1701221197.412526,2354669.000,59142,2,AY,1,100,-0.017
1701221197.452518,2354709.000,59160,3,AY,1,100,-0.018
1701221197.492511,2354749.000,59160,3,AY,1,100,-0.019
1701221197.532502,2354789.000,59160,3,AY,1,100,-0.018
1701221197.568162,2354824.667,59176,3,AY,1,100,-0.020
1701221197.603822,2354860.333,59176,3,AY,1,100,-0.018
1701221197.639481,2354896.000,59176,3,AY,1,100,-0.009
1701221197.679473,2354936.000,59193,2,AY,1,100,-0.018
1701221197.719465,2354976.000,59193,2,AY,1,100,-0.016
1701221197.759457,2355016.000,59208,3,AY,1,100,-0.017
1701221197.799449,2355056.000,59208,3,AY,1,100,-0.017
1701221197.839441,2355096.000,59208,3,AY,1,100,-0.021
1701221197.879433,2355136.000,59227,2,AY,1,100,-0.015
1701221197.919425,2355176.000,59227,2,AY,1,100,-0.023
1701221197.959417,2355216.000,59243,3,AY,1,100,-0.014
1701221197.999409,2355256.000,59243,3,AY,1,100,-0.024
1701221198.039401,2355296.000,59243,3,AY,1,100,-0.018
1701221198.079393,2355336.000,59260,2,AY,1,100,-0.022
1701221198.119385,2355376.000,59260,2,AY,1,100,-0.013
1701221198.159711,2355416.333,59277,3,AY,1,100,-0.024
1701221198.200036,2355456.667,59277,3,AY,1,100,-0.017
1701221198.240361,2355497.000,59277,3,AY,1,100,-0.018
1701221198.280353,2355537.000,59292,2,AY,1,100,-0.025
1701221198.320345,2355577.000,59292,2,AY,1,100,-0.019
1701221198.360337,2355617.000,59308,3,AY,1,100,-0.020
1701221198.400329,2355657.000,59308,3,AY,1,100,-0.016
1701221198.440321,2355697.000,59308,3,AY,1,100,-0.019
1701221198.480313,2355737.000,59326,3,AY,1,100,-0.015
1701221198.520305,2355777.000,59326,3,AY,1,100,-0.018
1701221198.560297,2355817.000,59326,3,AY,1,100,-0.018
1701221198.600289,2355857.000,59342,2,AY,1,100,-0.020
1701221198.640281,2355897.000,59342,2,AY,1,100,-0.020
1701221198.680273,2355937.000,59357,3,AY,1,100,-0.021
1701221198.720265,2355977.000,59357,3,AY,1,100,-0.020
1701221198.760257,2356017.000,59357,3,AY,1,100,-0.030
1701221198.800249,2356057.000,59374,2,AY,1,100,-0.018
1701221198.840241,2356097.000,59374,2,AY,1,100,-0.018
1701221198.880233,2356137.000,59391,3,AY,1,100,-0.015
1701221198.920225,2356177.000,59391,3,AY,1,100,-0.014
1701221198.960217,2356217.000,59391,3,AY,1,100,-0.020
1701221199.000209,2356257.000,59407,2,AY,1,100,-0.017
1701221199.040201,2356297.000,59407,2,AY,1,100,-0.021
1701221199.080193,2356337.000,59422,3,AY,1,100,-0.026
1701221199.120185,2356377.000,59422,3,AY,1,100,-0.017
1701221199.160177,2356417.000,59422,3,AY,1,100,-0.014
1701221199.200169,2356457.000,59439,2,AY,1,100,-0.020
1701221199.240161,2356497.000,59439,2,AY,1,100,-0.019
1701221199.280153,2356537.000,59456,3,AY,1,100,-0.020
1701221199.320145,2356577.000,59456,3,AY,1,100,-0.017
1701221199.360137,2356617.000,59456,3,AY,1,100,-0.016
1701221199.400129,2356657.000,59472,2,AY,1,100,-0.019
1701221199.440121,2356697.000,59472,2,AY,1,100,-0.017
1701221199.475448,2356732.333,59488,3,AY,1,100,-0.018
1701221199.510774,2356767.667,59488,3,AY,1,100,-0.014
1701221199.546100,2356803.000,59488,3,AY,1,100,-0.018
1701221199.586092,2356843.000,59504,3,AY,1,100,-0.017
1701221199.626084,2356883.000,59504,3,AY,1,100,-0.024
1701221199.666076,2356923.000,59504,3,AY,1,100,-0.017
1701221199.706068,2356963.000,59521,2,AY,1,100,-0.019
1701221199.746060,2357003.000,59521,2,AY,1,100,-0.020
1701221199.786052,2357043.000,59540,3,AY,1,100,-0.024
1701221199.826044,2357083.000,59540,3,AY,1,100,-0.021
1701221199.866036,2357123.000,59540,3,AY,1,100,-0.028
1701221199.906028,2357163.000,59556,2,AY,1,100,-0.015
1701221199.946020,2357203.000,59556,2,AY,1,100,-0.018
1701221199.986012,2357243.000,59571,3,AY,1,100,-0.017
1701221200.026004,2357283.000,59571,3,AY,1,100,-0.019
1701221200.065996,2357323.000,59571,3,AY,1,100,-0.013
1701221200.105989,2357363.000,59589,3,AY,1,100,-0.017
1701221200.145980,2357403.000,59589,3,AY,1,100,-0.014
1701221200.185972,2357443.000,59589,3,AY,1,100,-0.020
1701221200.225965,2357483.000,59605,2,AY,1,100,-0.017
1701221200.265956,2357523.000,59605,2,AY,1,100,-0.020
1701221200.305699,2357562.750,59625,4,AY,1,100,-0.020
1701221200.345441,2357602.500,59625,4,AY,1,100,-0.018
1701221200.385183,2357642.250,59625,4,AY,1,100,-0.020
1701221200.424925,2357682.000,59625,4,AY,1,100,-0.017
1701221200.464917,2357722.000,59642,2,AY,1,100,-0.018
1701221200.504909,2357762.000,59642,2,AY,1,100,-0.016
1701221200.544901,2357802.000,59657,3,AY,1,100,-0.018
1701221200.584893,2357842.000,59657,3,AY,1,100,-0.016
1701221200.624885,2357882.000,59657,3,AY,1,100,-0.014
1701221200.664877,2357922.000,59673,2,AY,1,100,-0.018
1701221200.704869,2357962.000,59673,2,AY,1,100,-0.016
1701221200.745194,2358002.333,59690,3,AY,1,100,-0.013
1701221200.785519,2358042.667,59690,3,AY,1,100,-0.017
1701221200.825845,2358083.000,59690,3,AY,1,100,-0.016
1701221200.865337,2358122.500,59707,2,AY,1,100,-0.021
1701221200.904829,2358162.000,59707,2,AY,1,100,-0.019
1701221200.944821,2358202.000,59724,3,AY,1,100,-0.018
1701221200.984813,2358242.000,59724,3,AY,1,100,-0.020
1701221201.024805,2358282.000,59724,3,AY,1,100,-0.012
1701221201.064797,2358322.000,59742,2,AY,1,100,-0.022
1701221201.104789,2358362.000,59742,2,AY,1,100,-0.010
1701221201.144781,2358402.000,59760,3,AY,1,100,-0.018
1701221201.184773,2358442.000,59760,3,AY,1,100,-0.012
1701221201.224765,2358482.000,59760,3,AY,1,100,-0.015
1701221201.265090,2358522.333,59776,3,AY,1,100,-0.012
1701221201.305415,2358562.667,59776,3,AY,1,100,-0.014
1701221201.345741,2358603.000,59776,3,AY,1,100,-0.017
1701221201.378734,2358636.000,59792,2,AY,1,100,-0.026
1701221201.411728,2358669.000,59792,2,AY,1,100,-0.018
1701221201.451720,2358709.000,59810,3,AY,1,100,-0.020
1701221201.491712,2358749.000,59810,3,AY,1,100,-0.020
1701221201.531704,2358789.000,59810,3,AY,1,100,-0.015
1701221201.571696,2358829.000,59827,2,AY,1,100,-0.021
1701221201.611688,2358869.000,59827,2,AY,1,100,-0.022
1701221201.651680,2358909.000,59843,3,AY,1,100,-0.021
1701221201.691672,2358949.000,59843,3,AY,1,100,-0.015
1701221201.731664,2358989.000,59843,3,AY,1,100,-0.016
1701221201.771656,2359029.000,59859,2,AY,1,100,-0.024
1701221201.811648,2359069.000,59859,2,AY,1,100,-0.017
1701221201.851640,2359109.000,59875,3,AY,1,100,-0.019
1701221201.891632,2359149.000,59875,3,AY,1,100,-0.017
1701221201.931624,2359189.000,59875,3,AY,1,100,-0.028
1701221201.971616,2359229.000,59892,3,AY,1,100,-0.013
1701221202.011608,2359269.000,59892,3,AY,1,100,-0.018
1701221202.051600,2359309.000,59892,3,AY,1,100,-0.015
1701221202.091592,2359349.000,59908,2,AY,1,100,-0.015
1701221202.131584,2359389.000,59908,2,AY,1,100,-0.018
1701221202.171576,2359429.000,59926,3,AY,1,100,-0.015
1701221202.211568,2359469.000,59926,3,AY,1,100,-0.020
1701221202.251560,2359509.000,59926,3,AY,1,100,-0.016
1701221202.291552,2359549.000,59940,2,AY,1,100,-0.037
1701221202.331544,2359589.000,59940,2,AY,1,100,-0.025
1701221202.371536,2359629.000,59957,3,AY,1,100,-0.014
1701221202.411528,2359669.000,59957,3,AY,1,100,-0.020
1701221202.451520,2359709.000,59957,3,AY,1,100,-0.016
1701221202.491512,2359749.000,59974,2,AY,1,100,-0.014
1701221202.531504,2359789.000,59974,2,AY,1,100,-0.019
1701221202.571496,2359829.000,59991,3,AY,1,100,-0.021
1701221202.611488,2359869.000,59991,3,AY,1,100,-0.042
1701221202.651480,2359909.000,59991,3,AY,1,100,-0.013
1701221202.691472,2359949.000,60007,2,AY,1,100,-0.003
1701221202.731464,2359989.000,60007,2,AY,1,100,-0.042
1701221202.771456,2360029.000,60025,3,AY,1,100,-0.013
1701221202.811448,2360069.000,60025,3,AY,1,100,-0.022
1701221202.851440,2360109.000,60025,3,AY,1,100,-0.024
1701221202.891432,2360149.000,60043,2,AY,1,100,-0.005
1701221202.931424,2360189.000,60043,2,AY,1,100,-0.009
1701221202.971416,2360229.000,60060,3,AY,1,100,-0.015
1701221203.011408,2360269.000,60060,3,AY,1,100,-0.015
1701221203.051400,2360309.000,60060,3,AY,1,100,-0.038
1701221203.091392,2360349.000,60076,3,AY,1,100,-0.024
1701221203.131384,2360389.000,60076,3,AY,1,100,-0.015
1701221203.171376,2360429.000,60076,3,AY,1,100,-0.017
1701221203.211868,2360469.500,60094,2,AY,1,100,-0.022
1701221203.252360,2360510.000,60094,2,AY,1,100,-0.029
1701221203.287686,2360545.333,60110,3,AY,1,100,-0.022
1701221203.323012,2360580.667,60110,3,AY,1,100,-0.033
1701221203.358339,2360616.000,60110,3,AY,1,100,-0.027
1701221203.398331,2360656.000,60127,3,AY,1,100,-0.020
1701221203.438323,2360696.000,60127,3,AY,1,100,-0.032
1701221203.478315,2360736.000,60127,3,AY,1,100,-0.015
1701221203.517807,2360775.500,60143,2,AY,1,100,-0.029
1701221203.557299,2360815.000,60143,2,AY,1,100,-0.031
1701221203.597291,2360855.000,60161,3,AY,1,100,-0.021
1701221203.637283,2360895.000,60161,3,AY,1,100,-0.022
1701221203.677275,2360935.000,60161,3,AY,1,100,-0.028
1701221203.717267,2360975.000,60177,2,AY,1,100,-0.023
1701221203.757259,2361015.000,60177,2,AY,1,100,-0.025
1701221203.797251,2361055.000,60195,3,AY,1,100,-0.019
1701221203.837243,2361095.000,60195,3,AY,1,100,-0.021
1701221203.877235,2361135.000,60195,3,AY,1,100,-0.015
1701221203.917727,2361175.500,60211,2,AY,1,100,-0.019
1701221203.958219,2361216.000,60211,2,AY,1,100,-0.024
1701221203.997878,2361255.667,60228,3,AY,1,100,-0.019
1701221204.037536,2361295.333,60228,3,AY,1,100,-0.026
1701221204.077195,2361335.000,60228,3,AY,1,100,-0.018
1701221204.117687,2361375.500,60245,2,AY,1,100,-0.027
1701221204.158179,2361416.000,60245,2,AY,1,100,-0.022
1701221204.197838,2361455.667,60264,3,AY,1,100,-0.022
1701221204.237496,2361495.333,60264,3,AY,1,100,-0.020
1701221204.277155,2361535.000,60264,3,AY,1,100,-0.020
1701221204.317147,2361575.000,60280,2,AY,1,100,-0.021
1701221204.357139,2361615.000,60280,2,AY,1,100,-0.020
1701221204.397131,2361655.000,60295,3,AY,1,100,-0.018
1701221204.437123,2361695.000,60295,3,AY,1,100,-0.024
1701221204.477115,2361735.000,60295,3,AY,1,100,-0.024
1701221204.517107,2361775.000,60312,3,AY,1,100,-0.019
1701221204.557099,2361815.000,60312,3,AY,1,100,-0.022
1701221204.597091,2361855.000,60312,3,AY,1,100,-0.015
1701221204.637083,2361895.000,60329,2,AY,1,100,-0.018
1701221204.677075,2361935.000,60329,2,AY,1,100,-0.025
1701221204.717067,2361975.000,60345,3,AY,1,100,-0.021
1701221204.757059,2362015.000,60345,3,AY,1,100,-0.018
1701221204.797051,2362055.000,60345,3,AY,1,100,-0.024
1701221204.837043,2362095.000,60363,2,AY,1,100,-0.022
1701221204.877035,2362135.000,60363,2,AY,1,100,-0.026
1701221204.917027,2362175.000,60379,3,AY,1,100,-0.028
1701221204.957019,2362215.000,60379,3,AY,1,100,-0.026
1701221204.997011,2362255.000,60379,3,AY,1,100,-0.021
1701221205.037003,2362295.000,60396,2,AY,1,100,-0.027
1701221205.076995,2362335.000,60396,2,AY,1,100,-0.022
1701221205.116987,2362375.000,60413,3,AY,1,100,-0.024
1701221205.156979,2362415.000,60413,3,AY,1,100,-0.019
1701221205.196971,2362455.000,60413,3,AY,1,100,-0.016
1701221205.232631,2362490.667,60429,3,AY,1,100,-0.018
1701221205.268291,2362526.333,60429,3,AY,1,100,-0.028
1701221205.303950,2362562.000,60429,3,AY,1,100,-0.021
1701221205.343942,2362602.000,60444,2,AY,1,100,-0.026
1701221205.383934,2362642.000,60444,2,AY,1,100,-0.030
1701221205.423926,2362682.000,60467,4,AY,1,100,-0.019
1701221205.463918,2362722.000,60467,4,AY,1,100,-0.024
1701221205.503910,2362762.000,60467,4,AY,1,100,-0.022
1701221205.543902,2362802.000,60467,4,AY,1,100,-0.024
1701221205.583894,2362842.000,60483,2,AY,1,100,-0.023
1701221205.623886,2362882.000,60483,2,AY,1,100,-0.021
1701221205.663878,2362922.000,60500,3,AY,1,100,-0.024
1701221205.703870,2362962.000,60500,3,AY,1,100,-0.024
1701221205.743862,2363002.000,60500,3,AY,1,100,-0.021
1701221205.783854,2363042.000,60517,2,AY,1,100,-0.019
1701221205.823846,2363082.000,60517,2,AY,1,100,-0.025
1701221205.863838,2363122.000,60532,3,AY,1,100,-0.022
1701221205.903830,2363162.000,60532,3,AY,1,100,-0.026
1701221205.943822,2363202.000,60532,3,AY,1,100,-0.021
1701221205.983814,2363242.000,60548,3,AY,1,100,-0.017
1701221206.023806,2363282.000,60548,3,AY,1,100,-0.020
1701221206.063798,2363322.000,60548,3,AY,1,100,-0.026
1701221206.103790,2363362.000,60565,2,AY,1,100,-0.019
1701221206.143782,2363402.000,60565,2,AY,1,100,-0.023
1701221206.183774,2363442.000,60582,3,AY,1,100,-0.020
1701221206.223766,2363482.000,60582,3,AY,1,100,-0.019
1701221206.263758,2363522.000,60582,3,AY,1,100,-0.019
1701221206.303750,2363562.000,60597,2,AY,1,100,-0.021
1701221206.343742,2363602.000,60597,2,AY,1,100,-0.021
1701221206.383734,2363642.000,60613,3,AY,1,100,-0.025
1701221206.423726,2363682.000,60613,3,AY,1,100,-0.017
1701221206.463718,2363722.000,60613,3,AY,1,100,-0.025
1701221206.503710,2363762.000,60631,2,AY,1,100,-0.020
1701221206.543702,2363802.000,60631,2,AY,1,100,-0.021
1701221206.583694,2363842.000,60647,3,AY,1,100,-0.022
1701221206.623686,2363882.000,60647,3,AY,1,100,-0.022
1701221206.663678,2363922.000,60647,3,AY,1,100,-0.020
1701221206.703671,2363962.000,60662,2,AY,1,100,-0.024
1701221206.743662,2364002.000,60662,2,AY,1,100,-0.024
1701221206.783654,2364042.000,60679,3,AY,1,100,-0.026
1701221206.823647,2364082.000,60679,3,AY,1,100,-0.021
1701221206.863638,2364122.000,60679,3,AY,1,100,-0.018
1701221206.903630,2364162.000,60696,2,AY,1,100,-0.020
1701221206.943623,2364202.000,60696,2,AY,1,100,-0.022
1701221206.979282,2364237.667,60712,3,AY,1,100,-0.024
1701221207.014942,2364273.333,60712,3,AY,1,100,-0.021
1701221207.050601,2364309.000,60712,3,AY,1,100,-0.023
1701221207.090593,2364349.000,60728,3,AY,1,100,-0.027
1701221207.130585,2364389.000,60728,3,AY,1,100,-0.020
1701221207.170577,2364429.000,60728,3,AY,1,100,-0.022
1701221207.210569,2364469.000,60744,2,AY,1,100,-0.016
1701221207.250561,2364509.000,60744,2,AY,1,100,-0.019
1701221207.290553,2364549.000,60761,3,AY,1,100,-0.022
1701221207.330545,2364589.000,60761,3,AY,1,100,-0.022
1701221207.370537,2364629.000,60761,3,AY,1,100,-0.020
1701221207.410529,2364669.000,60777,2,AY,1,100,-0.026
1701221207.450521,2364709.000,60777,2,AY,1,100,-0.022
1701221207.490513,2364749.000,60795,3,AY,1,100,-0.025
1701221207.530505,2364789.000,60795,3,AY,1,100,-0.022
1701221207.570497,2364829.000,60795,3,AY,1,100,-0.033
1701221207.610489,2364869.000,60809,2,AY,1,100,-0.023
1701221207.650481,2364909.000,60809,2,AY,1,100,-0.022
1701221207.690473,2364949.000,60828,3,AY,1,100,-0.025
1701221207.730465,2364989.000,60828,3,AY,1,100,-0.021
1701221207.770457,2365029.000,60828,3,AY,1,100,-0.024
1701221207.810449,2365069.000,60845,3,AY,1,100,-0.021
1701221207.850441,2365109.000,60845,3,AY,1,100,-0.025
1701221207.890433,2365149.000,60845,3,AY,1,100,-0.022
1701221207.930425,2365189.000,60864,2,AY,1,100,-0.024
1701221207.970417,2365229.000,60864,2,AY,1,100,-0.021
1701221208.010409,2365269.000,60878,3,AY,1,100,-0.023
1701221208.050401,2365309.000,60878,3,AY,1,100,-0.022
1701221208.090394,2365349.000,60878,3,AY,1,100,-0.023
1701221208.130385,2365389.000,60896,2,AY,1,100,-0.023
1701221208.170377,2365429.000,60896,2,AY,1,100,-0.019
1701221208.210036,2365468.667,60912,3,AY,1,100,-0.018
1701221208.249695,2365508.333,60912,3,AY,1,100,-0.015
1701221208.289354,2365548.000,60912,3,AY,1,100,-0.022
1701221208.329346,2365588.000,60929,2,AY,1,100,-0.020
1701221208.369338,2365628.000,60929,2,AY,1,100,-0.017
1701221208.409330,2365668.000,60943,3,AY,1,100,-0.018
1701221208.449322,2365708.000,60943,3,AY,1,100,-0.017
1701221208.489314,2365748.000,60943,3,AY,1,100,-0.023
1701221208.529306,2365788.000,60963,2,AY,1,100,-0.020
1701221208.569298,2365828.000,60963,2,AY,1,100,-0.021
1701221208.609290,2365868.000,60979,3,AY,1,100,-0.019
1701221208.649282,2365908.000,60979,3,AY,1,100,-0.018
1701221208.689274,2365948.000,60979,3,AY,1,100,-0.017
1701221208.729266,2365988.000,60996,2,AY,1,100,-0.017
1701221208.769258,2366028.000,60996,2,AY,1,100,-0.014
1701221208.809250,2366068.000,61011,3,AY,1,100,-0.022
1701221208.849242,2366108.000,61011,3,AY,1,100,-0.016
1701221208.889234,2366148.000,61011,3,AY,1,100,-0.017
1701221208.929226,2366188.000,61028,2,AY,1,100,-0.016
1701221208.969218,2366228.000,61028,2,AY,1,100,-0.027
1701221209.004877,2366263.667,61044,3,AY,1,100,-0.016
1701221209.040537,2366299.333,61044,3,AY,1,100,-0.018
1701221209.076196,2366335.000,61044,3,AY,1,100,-0.017
1701221209.116189,2366375.000,61062,3,AY,1,100,-0.018
1701221209.156181,2366415.000,61062,3,AY,1,100,-0.019
1701221209.196172,2366455.000,61062,3,AY,1,100,-0.016
1701221209.236165,2366495.000,61079,2,AY,1,100,-0.015
1701221209.276157,2366535.000,61079,2,AY,1,100,-0.019
1701221209.316149,2366575.000,61095,3,AY,1,100,-0.021
1701221209.356141,2366615.000,61095,3,AY,1,100,-0.018
1701221209.396132,2366655.000,61095,3,AY,1,100,-0.019
1701221209.436125,2366695.000,61111,2,AY,1,100,-0.020
1701221209.476117,2366735.000,61111,2,AY,1,100,-0.020
1701221209.516109,2366775.000,61129,3,AY,1,100,-0.018
1701221209.556101,2366815.000,61129,3,AY,1,100,-0.021
1701221209.596093,2366855.000,61129,3,AY,1,100,-0.020
1701221209.636085,2366895.000,61144,2,AY,1,100,-0.022
1701221209.676077,2366935.000,61144,2,AY,1,100,-0.018
1701221209.716069,2366975.000,61160,3,AY,1,100,-0.023
1701221209.756061,2367015.000,61160,3,AY,1,100,-0.023
1701221209.796053,2367055.000,61160,3,AY,1,100,-0.015
1701221209.836045,2367095.000,61177,3,AY,1,100,-0.028
1701221209.876037,2367135.000,61177,3,AY,1,100,-0.012
1701221209.916029,2367175.000,61177,3,AY,1,100,-0.016
1701221209.956021,2367215.000,61194,2,AY,1,100,-0.019
1701221209.996013,2367255.000,61194,2,AY,1,100,-0.018
1701221210.036005,2367295.000,61210,3,AY,1,100,-0.018
1701221210.075997,2367335.000,61210,3,AY,1,100,-0.020
1701221210.115989,2367375.000,61210,3,AY,1,100,-0.022
1701221210.155981,2367415.000,61226,2,AY,1,100,-0.027
1701221210.195973,2367455.000,61226,2,AY,1,100,-0.023
1701221210.235965,2367495.000,61242,3,AY,1,100,-0.022
1701221210.275957,2367535.000,61242,3,AY,1,100,-0.016
1701221210.315949,2367575.000,61242,3,AY,1,100,-0.012
1701221210.355941,2367615.000,61259,2,AY,1,100,-0.021
1701221210.395933,2367655.000,61259,2,AY,1,100,-0.029
1701221210.435925,2367695.000,61276,3,AY,1,100,-0.019
1701221210.475917,2367735.000,61276,3,AY,1,100,-0.015
1701221210.515909,2367775.000,61276,3,AY,1,100,-0.022
1701221210.555901,2367815.000,61300,3,AY,1,100,-0.024
1701221210.595893,2367855.000,61300,3,AY,1,100,-0.018
1701221210.635885,2367895.000,61300,3,AY,1,100,-0.013
1701221210.675877,2367935.000,61315,3,AY,1,100,-0.021
1701221210.715869,2367975.000,61315,3,AY,1,100,-0.018
1701221210.755861,2368015.000,61315,3,AY,1,100,-0.018
1701221210.791521,2368050.667,61332,3,AY,1,100,-0.019
1701221210.827180,2368086.333,61332,3,AY,1,100,-0.012
1701221210.862840,2368122.000,61332,3,AY,1,100,-0.019
1701221210.902832,2368162.000,61348,2,AY,1,100,-0.017
1701221210.942824,2368202.000,61348,2,AY,1,100,-0.020
1701221210.982816,2368242.000,61367,3,AY,1,100,-0.023
1701221211.022808,2368282.000,61367,3,AY,1,100,-0.018
1701221211.062800,2368322.000,61367,3,AY,1,100,-0.014
1701221211.102792,2368362.000,61382,2,AY,1,100,-0.017
1701221211.142784,2368402.000,61382,2,AY,1,100,-0.019
1701221211.182776,2368442.000,61399,3,AY,1,100,-0.019
1701221211.222768,2368482.000,61399,3,AY,1,100,-0.025
1701221211.262760,2368522.000,61399,3,AY,1,100,-0.022
1701221211.302752,2368562.000,61415,3,AY,1,100,-0.021
1701221211.342744,2368602.000,61415,3,AY,1,100,-0.020
1701221211.382736,2368642.000,61415,3,AY,1,100,-0.017
1701221211.422728,2368682.000,61432,2,AY,1,100,-0.018
1701221211.462720,2368722.000,61432,2,AY,1,100,-0.014
1701221211.502712,2368762.000,61449,3,AY,1,100,-0.017
1701221211.542704,2368802.000,61449,3,AY,1,100,-0.018
1701221211.582696,2368842.000,61449,3,AY,1,100,-0.021
1701221211.622688,2368882.000,61464,2,AY,1,100,-0.024
1701221211.662680,2368922.000,61464,2,AY,1,100,-0.019
1701221211.702672,2368962.000,61480,3,AY,1,100,-0.021
1701221211.742664,2369002.000,61480,3,AY,1,100,-0.022
1701221211.782656,2369042.000,61480,3,AY,1,100,-0.018
1701221211.822648,2369082.000,61498,2,AY,1,100,-0.016
1701221211.862640,2369122.000,61498,2,AY,1,100,-0.016
1701221211.902632,2369162.000,61514,3,AY,1,100,-0.021
1701221211.942624,2369202.000,61514,3,AY,1,100,-0.020
1701221211.982616,2369242.000,61514,3,AY,1,100,-0.020
1701221212.022608,2369282.000,61529,2,AY,1,100,-0.022
1701221212.062600,2369322.000,61529,2,AY,1,100,-0.018
1701221212.102592,2369362.000,61546,3,AY,1,100,-0.021
1701221212.142584,2369402.000,61546,3,AY,1,100,-0.018
1701221212.182576,2369442.000,61546,3,AY,1,100,-0.026
1701221212.222568,2369482.000,61565,2,AY,1,100,-0.009
1701221212.262560,2369522.000,61565,2,AY,1,100,-0.024
1701221212.302552,2369562.000,61581,3,AY,1,100,-0.024
1701221212.342544,2369602.000,61581,3,AY,1,100,-0.016
1701221212.382536,2369642.000,61581,3,AY,1,100,-0.008
1701221212.422528,2369682.000,61596,2,AY,1,100,-0.020
1701221212.462520,2369722.000,61596,2,AY,1,100,-0.013
1701221212.502512,2369762.000,61613,3,AY,1,100,-0.014
1701221212.542504,2369802.000,61613,3,AY,1,100,-0.019
1701221212.582496,2369842.000,61613,3,AY,1,100,-0.011
1701221212.622488,2369882.000,61630,3,AY,1,100,-0.024
1701221212.662480,2369922.000,61630,3,AY,1,100,-0.028
1701221212.702472,2369962.000,61630,3,AY,1,100,-0.025
1701221212.742464,2370002.000,61646,2,AY,1,100,-0.023
1701221212.782456,2370042.000,61646,2,AY,1,100,-0.021
1701221212.817782,2370077.333,61663,3,AY,1,100,-0.019
1701221212.853109,2370112.667,61663,3,AY,1,100,-0.024
1701221212.888435,2370148.000,61663,3,AY,1,100,-0.020
1701221212.928427,2370188.000,61680,3,AY,1,100,-0.029
1701221212.968419,2370228.000,61680,3,AY,1,100,-0.021
1701221213.008411,2370268.000,61680,3,AY,1,100,-0.026
1701221213.048403,2370308.000,61697,2,AY,1,100,-0.020
1701221213.088395,2370348.000,61697,2,AY,1,100,-0.022
1701221213.128387,2370388.000,61714,3,AY,1,100,-0.018
1701221213.168379,2370428.000,61714,3,AY,1,100,-0.021
1701221213.208371,2370468.000,61714,3,AY,1,100,-0.019
1701221213.248363,2370508.000,61730,2,AY,1,100,-0.028
1701221213.288355,2370548.000,61730,2,AY,1,100,-0.040
1701221213.328347,2370588.000,61745,3,AY,1,100,-0.020
1701221213.368339,2370628.000,61745,3,AY,1,100,-0.018
1701221213.408331,2370668.000,61745,3,AY,1,100,-0.025
1701221213.448323,2370708.000,61763,2,AY,1,100,-0.022
1701221213.488315,2370748.000,61763,2,AY,1,100,-0.025
1701221213.528307,2370788.000,61779,3,AY,1,100,-0.012
1701221213.568299,2370828.000,61779,3,AY,1,100,-0.020
1701221213.608291,2370868.000,61779,3,AY,1,100,-0.023
1701221213.648283,2370908.000,61798,2,AY,1,100,-0.016
1701221213.688275,2370948.000,61798,2,AY,1,100,-0.024
1701221213.728267,2370988.000,61812,3,AY,1,100,-0.023
1701221213.768259,2371028.000,61812,3,AY,1,100,-0.019
1701221213.808251,2371068.000,61812,3,AY,1,100,-0.036
1701221213.848243,2371108.000,61830,2,AY,1,100,-0.026
1701221213.888235,2371148.000,61830,2,AY,1,100,-0.039
1701221213.928227,2371188.000,61846,3,AY,1,100,-0.026
1701221213.968219,2371228.000,61846,3,AY,1,100,-0.023
1701221214.008211,2371268.000,61846,3,AY,1,100,-0.026
1701221214.048203,2371308.000,61863,2,AY,1,100,-0.017
1701221214.088195,2371348.000,61863,2,AY,1,100,-0.023
1701221214.128187,2371388.000,61878,3,AY,1,100,-0.017
1701221214.168179,2371428.000,61878,3,AY,1,100,-0.021
1701221214.208171,2371468.000,61878,3,AY,1,100,-0.028
1701221214.248163,2371508.000,61895,3,AY,1,100,-0.027
1701221214.288155,2371548.000,61895,3,AY,1,100,-0.028
1701221214.328147,2371588.000,61895,3,AY,1,100,-0.027
1701221214.368139,2371628.000,61911,2,AY,1,100,-0.028
1701221214.408131,2371668.000,61911,2,AY,1,100,-0.023
1701221214.448123,2371708.000,61931,3,AY,1,100,-0.027
1701221214.488115,2371748.000,61931,3,AY,1,100,-0.024
1701221214.528107,2371788.000,61931,3,AY,1,100,-0.021
1701221214.568099,2371828.000,61945,2,AY,1,100,-0.024
1701221214.608091,2371868.000,61945,2,AY,1,100,-0.022
1701221214.643751,2371903.667,61962,3,AY,1,100,-0.021
1701221214.679410,2371939.333,61962,3,AY,1,100,-0.021
1701221214.715070,2371975.000,61962,3,AY,1,100,-0.024
1701221214.755062,2372015.000,61978,3,AY,1,100,-0.028
1701221214.795054,2372055.000,61978,3,AY,1,100,-0.029
1701221214.835046,2372095.000,61978,3,AY,1,100,-0.022
1701221214.875038,2372135.000,61996,2,AY,1,100,-0.020
1701221214.915030,2372175.000,61996,2,AY,1,100,-0.025
1701221214.955022,2372215.000,62011,3,AY,1,100,-0.028
1701221214.995014,2372255.000,62011,3,AY,1,100,-0.024
1701221215.035006,2372295.000,62011,3,AY,1,100,-0.025
1701221215.074998,2372335.000,62027,2,AY,1,100,-0.022
1701221215.114990,2372375.000,62027,2,AY,1,100,-0.021
1701221215.154982,2372415.000,62046,3,AY,1,100,-0.024
1701221215.194974,2372455.000,62046,3,AY,1,100,-0.023
1701221215.234966,2372495.000,62046,3,AY,1,100,-0.023
1701221215.274958,2372535.000,62063,2,AY,1,100,-0.027
1701221215.314950,2372575.000,62063,2,AY,1,100,-0.019
1701221215.354942,2372615.000,62078,3,AY,1,100,-0.019
1701221215.394934,2372655.000,62078,3,AY,1,100,-0.019
1701221215.434926,2372695.000,62078,3,AY,1,100,-0.009
1701221215.474918,2372735.000,62097,2,AY,1,100,-0.018
1701221215.514910,2372775.000,62097,2,AY,1,100,-0.023
1701221215.554902,2372815.000,62113,3,AY,1,100,-0.023
1701221215.594894,2372855.000,62113,3,AY,1,100,-0.023
1701221215.634886,2372895.000,62113,3,AY,1,100,-0.013
1701221215.674878,2372935.000,62135,3,AY,1,100,-0.019
1701221215.714870,2372975.000,62135,3,AY,1,100,-0.023
1701221215.754862,2373015.000,62135,3,AY,1,100,-0.026
1701221215.794854,2373055.000,62152,3,AY,1,100,-0.024
1701221215.834846,2373095.000,62152,3,AY,1,100,-0.016
1701221215.874838,2373135.000,62152,3,AY,1,100,-0.021
1701221215.914830,2373175.000,62169,3,AY,1,100,-0.027
1701221215.954822,2373215.000,62169,3,AY,1,100,-0.019
1701221215.994814,2373255.000,62169,3,AY,1,100,-0.024
1701221216.034806,2373295.000,62185,2,AY,1,100,-0.021
1701221216.074798,2373335.000,62185,2,AY,1,100,-0.022
1701221216.114790,2373375.000,62203,3,AY,1,100,-0.021
1701221216.154783,2373415.000,62203,3,AY,1,100,-0.025
1701221216.194774,2373455.000,62203,3,AY,1,100,-0.020
1701221216.234766,2373495.000,62219,2,AY,1,100,-0.018
1701221216.274759,2373535.000,62219,2,AY,1,100,-0.015
1701221216.314750,2373575.000,62236,3,AY,1,100,-0.023
1701221216.354743,2373615.000,62236,3,AY,1,100,-0.021
1701221216.394735,2373655.000,62236,3,AY,1,100,-0.022
1701221216.434726,2373695.000,62250,2,AY,1,100,-0.023
1701221216.474719,2373735.000,62250,2,AY,1,100,-0.021
1701221216.514711,2373775.000,62270,3,AY,1,100,-0.024
1701221216.554703,2373815.000,62270,3,AY,1,100,-0.019
1701221216.594695,2373855.000,62270,3,AY,1,100,-0.020
1701221216.630021,2373890.333,62286,3,AY,1,100,-0.022
1701221216.665347,2373925.667,62286,3,AY,1,100,-0.024
1701221216.700673,2373961.000,62286,3,AY,1,100,-0.024
1701221216.740665,2374001.000,62303,2,AY,1,100,-0.021
1701221216.780658,2374041.000,62303,2,AY,1,100,-0.022
1701221216.820649,2374081.000,62319,3,AY,1,100,-0.025
1701221216.860641,2374121.000,62319,3,AY,1,100,-0.024
1701221216.900634,2374161.000,62319,3,AY,1,100,-0.026
1701221216.940625,2374201.000,62337,2,AY,1,100,-0.027
1701221216.980618,2374241.000,62337,2,AY,1,100,-0.021
1701221217.020609,2374281.000,62353,3,AY,1,100,-0.021
1701221217.060601,2374321.000,62353,3,AY,1,100,-0.025
1701221217.100594,2374361.000,62353,3,AY,1,100,-0.023
1701221217.140585,2374401.000,62371,2,AY,1,100,-0.021
1701221217.180578,2374441.000,62371,2,AY,1,100,-0.024
1701221217.220570,2374481.000,62387,3,AY,1,100,-0.027
1701221217.260561,2374521.000,62387,3,AY,1,100,-0.020
1701221217.300554,2374561.000,62387,3,AY,1,100,-0.024
1701221217.340546,2374601.000,62402,2,AY,1,100,-0.023
1701221217.380538,2374641.000,62402,2,AY,1,100,-0.025
1701221217.420530,2374681.000,62419,3,AY,1,100,-0.020
1701221217.460522,2374721.000,62419,3,AY,1,100,-0.022
1701221217.500514,2374761.000,62419,3,AY,1,100,-0.015
1701221217.540506,2374801.000,62436,3,AY,1,100,-0.023
1701221217.580498,2374841.000,62436,3,AY,1,100,-0.019
1701221217.620490,2374881.000,62436,3,AY,1,100,-0.022
1701221217.660482,2374921.000,62452,2,AY,1,100,-0.019
1701221217.700474,2374961.000,62452,2,AY,1,100,-0.013
1701221217.740466,2375001.000,62467,3,AY,1,100,-0.024
1701221217.780458,2375041.000,62467,3,AY,1,100,-0.011
1701221217.820450,2375081.000,62467,3,AY,1,100,-0.025
1701221217.860442,2375121.000,62486,2,AY,1,100,-0.020
1701221217.900434,2375161.000,62486,2,AY,1,100,-0.025
1701221217.940426,2375201.000,62503,3,AY,1,100,-0.024
1701221217.980418,2375241.000,62503,3,AY,1,100,-0.023
1701221218.020410,2375281.000,62503,3,AY,1,100,-0.022
1701221218.060402,2375321.000,62519,2,AY,1,100,-0.025
1701221218.100394,2375361.000,62519,2,AY,1,100,-0.028
1701221218.140386,2375401.000,62537,3,AY,1,100,-0.021
1701221218.180378,2375441.000,62537,3,AY,1,100,-0.021
1701221218.220370,2375481.000,62537,3,AY,1,100,-0.018
1701221218.260362,2375521.000,62553,2,AY,1,100,-0.015
1701221218.300354,2375561.000,62553,2,AY,1,100,-0.021
1701221218.340346,2375601.000,62570,3,AY,1,100,-0.024
1701221218.380338,2375641.000,62570,3,AY,1,100,-0.028
1701221218.420330,2375681.000,62570,3,AY,1,100,-0.021
1701221218.455989,2375716.667,62587,3,AY,1,100,-0.021
1701221218.491649,2375752.333,62587,3,AY,1,100,-0.022
1701221218.527308,2375788.000,62587,3,AY,1,100,-0.022
1701221218.567301,2375828.000,62602,2,AY,1,100,-0.026
1701221218.607292,2375868.000,62602,2,AY,1,100,-0.023
1701221218.647285,2375908.000,62620,3,AY,1,100,-0.032
1701221218.687277,2375948.000,62620,3,AY,1,100,-0.019
1701221218.727268,2375988.000,62620,3,AY,1,100,-0.021
1701221218.767261,2376028.000,62637,2,AY,1,100,-0.023
1701221218.807253,2376068.000,62637,2,AY,1,100,-0.021
1701221218.847245,2376108.000,62654,3,AY,1,100,-0.022
1701221218.887237,2376148.000,62654,3,AY,1,100,-0.017
1701221218.927229,2376188.000,62654,3,AY,1,100,-0.022
1701221218.967221,2376228.000,62670,2,AY,1,100,-0.012
1701221219.007213,2376268.000,62670,2,AY,1,100,-0.023
1701221219.047205,2376308.000,62685,3,AY,1,100,-0.023
1701221219.087197,2376348.000,62685,3,AY,1,100,-0.023
1701221219.127189,2376388.000,62685,3,AY,1,100,-0.024
1701221219.167181,2376428.000,62703,3,AY,1,100,-0.025
1701221219.207173,2376468.000,62703,3,AY,1,100,-0.020
1701221219.247165,2376508.000,62703,3,AY,1,100,-0.025
1701221219.287157,2376548.000,62719,2,AY,1,100,-0.020
1701221219.327149,2376588.000,62719,2,AY,1,100,-0.027
1701221219.367141,2376628.000,62736,3,AY,1,100,-0.024
1701221219.407133,2376668.000,62736,3,AY,1,100,-0.021
1701221219.447125,2376708.000,62736,3,AY,1,100,-0.024
1701221219.487117,2376748.000,62753,2,AY,1,100,-0.017
1701221219.527109,2376788.000,62753,2,AY,1,100,-0.020
1701221219.567101,2376828.000,62770,3,AY,1,100,-0.023
1701221219.607093,2376868.000,62770,3,AY,1,100,-0.024
1701221219.647085,2376908.000,62770,3,AY,1,100,-0.023
1701221219.687077,2376948.000,62786,2,AY,1,100,-0.022
1701221219.727069,2376988.000,62786,2,AY,1,100,-0.023
1701221219.767061,2377028.000,62804,3,AY,1,100,-0.021
1701221219.807053,2377068.000,62804,3,AY,1,100,-0.021
1701221219.847045,2377108.000,62804,3,AY,1,100,-0.018
1701221219.887037,2377148.000,62820,2,AY,1,100,-0.020
1701221219.927029,2377188.000,62820,2,AY,1,100,-0.023
1701221219.967021,2377228.000,62837,3,AY,1,100,-0.019
1701221220.007013,2377268.000,62837,3,AY,1,100,-0.021
1701221220.047005,2377308.000,62837,3,AY,1,100,-0.024
1701221220.086997,2377348.000,62855,2,AY,1,100,-0.022
1701221220.126989,2377388.000,62855,2,AY,1,100,-0.022
1701221220.166981,2377428.000,62873,3,AY,1,100,-0.020
1701221220.206973,2377468.000,62873,3,AY,1,100,-0.017
1701221220.246965,2377508.000,62873,3,AY,1,100,-0.023
1701221220.286957,2377548.000,62887,2,AY,1,100,-0.018
1701221220.326949,2377588.000,62887,2,AY,1,100,-0.023
1701221220.366941,2377628.000,62904,3,AY,1,100,-0.028
1701221220.406933,2377668.000,62904,3,AY,1,100,-0.027
1701221220.446925,2377708.000,62904,3,AY,1,100,-0.020
1701221220.482251,2377743.333,62921,3,AY,1,100,-0.018
1701221220.517578,2377778.667,62921,3,AY,1,100,-0.015
1701221220.552904,2377814.000,62921,3,AY,1,100,-0.025
1701221220.592896,2377854.000,62938,2,AY,1,100,-0.020
1701221220.632888,2377894.000,62938,2,AY,1,100,-0.024
1701221220.672880,2377934.000,62952,3,AY,1,100,-0.020
1701221220.712872,2377974.000,62952,3,AY,1,100,-0.020
1701221220.752864,2378014.000,62952,3,AY,1,100,-0.020
1701221220.792856,2378054.000,62973,4,AY,1,100,-0.017
1701221220.832848,2378094.000,62973,4,AY,1,100,-0.022
1701221220.872840,2378134.000,62973,4,AY,1,100,-0.025
1701221220.912832,2378174.000,62973,4,AY,1,100,-0.026
1701221220.952824,2378214.000,62987,2,AY,1,100,-0.021
1701221220.992816,2378254.000,62987,2,AY,1,100,-0.021
1701221221.032808,2378294.000,63004,3,AY,1,100,-0.023
1701221221.072800,2378334.000,63004,3,AY,1,100,-0.028
1701221221.112792,2378374.000,63004,3,AY,1,100,-0.016
1701221221.152784,2378414.000,63021,2,AY,1,100,-0.018
1701221221.192776,2378454.000,63021,2,AY,1,100,-0.025
1701221221.232768,2378494.000,63038,3,AY,1,100,-0.022
1701221221.272760,2378534.000,63038,3,AY,1,100,-0.026
1701221221.312752,2378574.000,63038,3,AY,1,100,-0.021
1701221221.352744,2378614.000,63052,2,AY,1,100,-0.021
1701221221.392736,2378654.000,63052,2,AY,1,100,-0.018
1701221221.432728,2378694.000,63070,3,AY,1,100,-0.025
1701221221.472720,2378734.000,63070,3,AY,1,100,-0.026
1701221221.512712,2378774.000,63070,3,AY,1,100,-0.028
1701221221.552704,2378814.000,63086,2,AY,1,100,-0.028
1701221221.592696,2378854.000,63086,2,AY,1,100,-0.021
1701221221.632688,2378894.000,63103,3,AY,1,100,-0.030
1701221221.672680,2378934.000,63103,3,AY,1,100,-0.016
1701221221.712672,2378974.000,63103,3,AY,1,100,-0.018
1701221221.752664,2379014.000,63117,3,AY,1,100,-0.026
1701221221.792656,2379054.000,63117,3,AY,1,100,-0.022
1701221221.832648,2379094.000,63117,3,AY,1,100,-0.031
1701221221.872640,2379134.000,63135,2,AY,1,100,-0.029
1701221221.912632,2379174.000,63135,2,AY,1,100,-0.030
1701221221.952624,2379214.000,63151,3,AY,1,100,-0.022
1701221221.992616,2379254.000,63151,3,AY,1,100,-0.015
1701221222.032608,2379294.000,63151,3,AY,1,100,-0.014
1701221222.072600,2379334.000,63168,2,AY,1,100,-0.017
1701221222.112592,2379374.000,63168,2,AY,1,100,-0.021
1701221222.152584,2379414.000,63184,3,AY,1,100,-0.019
1701221222.192576,2379454.000,63184,3,AY,1,100,-0.022
1701221222.232568,2379494.000,63184,3,AY,1,100,-0.022
1701221222.267895,2379529.333,63200,3,AY,1,100,-0.019
1701221222.303221,2379564.667,63200,3,AY,1,100,-0.026
1701221222.338547,2379600.000,63200,3,AY,1,100,-0.019
1701221222.378539,2379640.000,63216,2,AY,1,100,-0.021
1701221222.418531,2379680.000,63216,2,AY,1,100,-0.024
1701221222.458523,2379720.000,63234,3,AY,1,100,-0.022
1701221222.498515,2379760.000,63234,3,AY,1,100,-0.021
1701221222.538507,2379800.000,63234,3,AY,1,100,-0.022
1701221222.578499,2379840.000,63252,2,AY,1,100,-0.024
1701221222.618491,2379880.000,63252,2,AY,1,100,-0.024
1701221222.658483,2379920.000,63267,3,AY,1,100,-0.013
1701221222.698475,2379960.000,63267,3,AY,1,100,-0.028
1701221222.738467,2380000.000,63267,3,AY,1,100,-0.032
1701221222.778459,2380040.000,63284,2,AY,1,100,-0.020
1701221222.818451,2380080.000,63284,2,AY,1,100,-0.022
1701221222.858443,2380120.000,63303,3,AY,1,100,-0.024
1701221222.898435,2380160.000,63303,3,AY,1,100,-0.025
1701221222.938427,2380200.000,63303,3,AY,1,100,-0.020
1701221222.978919,2380240.500,63319,2,AY,1,100,-0.031
1701221223.019411,2380281.000,63319,2,AY,1,100,-0.028
1701221223.059403,2380321.000,63334,3,AY,1,100,-0.024
1701221223.099395,2380361.000,63334,3,AY,1,100,-0.027
1701221223.139387,2380401.000,63334,3,AY,1,100,-0.020
1701221223.179379,2380441.000,63351,3,AY,1,100,-0.025
1701221223.219371,2380481.000,63351,3,AY,1,100,-0.024
1701221223.259363,2380521.000,63351,3,AY,1,100,-0.025
1701221223.299355,2380561.000,63368,2,AY,1,100,-0.023
1701221223.339347,2380601.000,63368,2,AY,1,100,-0.025
1701221223.379339,2380641.000,63386,3,AY,1,100,-0.023
1701221223.419331,2380681.000,63386,3,AY,1,100,-0.020
1701221223.459323,2380721.000,63386,3,AY,1,100,-0.017
1701221223.499315,2380761.000,63402,2,AY,1,100,-0.021
1701221223.539307,2380801.000,63402,2,AY,1,100,-0.025
1701221223.579299,2380841.000,63418,3,AY,1,100,-0.018
1701221223.619291,2380881.000,63418,3,AY,1,100,-0.025
1701221223.659283,2380921.000,63418,3,AY,1,100,-0.022
1701221223.699275,2380961.000,63435,2,AY,1,100,-0.026
1701221223.739267,2381001.000,63435,2,AY,1,100,-0.021
1701221223.779259,2381041.000,63452,3,AY,1,100,-0.021
1701221223.819251,2381081.000,63452,3,AY,1,100,-0.027
1701221223.859243,2381121.000,63452,3,AY,1,100,-0.024
1701221223.899235,2381161.000,63471,3,AY,1,100,-0.028
1701221223.939227,2381201.000,63471,3,AY,1,100,-0.023
1701221223.979219,2381241.000,63471,3,AY,1,100,-0.022
1701221224.019212,2381281.000,63485,2,AY,1,100,-0.025
1701221224.059203,2381321.000,63485,2,AY,1,100,-0.023
1701221224.099195,2381361.000,63503,3,AY,1,100,-0.023
1701221224.139188,2381401.000,63503,3,AY,1,100,-0.019
1701221224.179179,2381441.000,63503,3,AY,1,100,-0.024
1701221224.214506,2381476.333,63519,3,AY,1,100,-0.028
1701221224.249832,2381511.667,63519,3,AY,1,100,-0.025
1701221224.285158,2381547.000,63519,3,AY,1,100,-0.022
1701221224.325150,2381587.000,63536,2,AY,1,100,-0.017
1701221224.365142,2381627.000,63536,2,AY,1,100,-0.018
1701221224.405134,2381667.000,63550,3,AY,1,100,-0.026
1701221224.445126,2381707.000,63550,3,AY,1,100,-0.018
1701221224.485118,2381747.000,63550,3,AY,1,100,-0.020
1701221224.525110,2381787.000,63568,2,AY,1,100,-0.013
1701221224.565102,2381827.000,63568,2,AY,1,100,-0.022
1701221224.605094,2381867.000,63586,3,AY,1,100,-0.016
1701221224.645086,2381907.000,63586,3,AY,1,100,-0.021
1701221224.685078,2381947.000,63586,3,AY,1,100,-0.021
1701221224.725070,2381987.000,63603,2,AY,1,100,-0.022
1701221224.765062,2382027.000,63603,2,AY,1,100,-0.017
1701221224.805054,2382067.000,63618,3,AY,1,100,-0.031
1701221224.845047,2382107.000,63618,3,AY,1,100,-0.019
1701221224.885038,2382147.000,63618,3,AY,1,100,-0.023
1701221224.925030,2382187.000,63635,2,AY,1,100,-0.015
1701221224.965023,2382227.000,63635,2,AY,1,100,-0.027
1701221225.005014,2382267.000,63651,3,AY,1,100,-0.014
1701221225.045007,2382307.000,63651,3,AY,1,100,-0.019
1701221225.084999,2382347.000,63651,3,AY,1,100,-0.019
1701221225.124990,2382387.000,63669,3,AY,1,100,-0.016
1701221225.164983,2382427.000,63669,3,AY,1,100,-0.028
1701221225.204975,2382467.000,63669,3,AY,1,100,-0.015
1701221225.244967,2382507.000,63684,2,AY,1,100,-0.024
1701221225.284959,2382547.000,63684,2,AY,1,100,-0.022
1701221225.324951,2382587.000,63700,3,AY,1,100,-0.029
1701221225.364943,2382627.000,63700,3,AY,1,100,-0.019
1701221225.404935,2382667.000,63700,3,AY,1,100,-0.024
1701221225.444927,2382707.000,63719,2,AY,1,100,-0.016
1701221225.484919,2382747.000,63719,2,AY,1,100,-0.018
1701221225.524911,2382787.000,63736,3,AY,1,100,-0.012
1701221225.564903,2382827.000,63736,3,AY,1,100,-0.019
1701221225.604895,2382867.000,63736,3,AY,1,100,-0.020
1701221225.644887,2382907.000,63752,2,AY,1,100,-0.023
1701221225.684879,2382947.000,63752,2,AY,1,100,-0.018
1701221225.724871,2382987.000,63767,3,AY,1,100,-0.022
1701221225.764863,2383027.000,63767,3,AY,1,100,-0.016
1701221225.804855,2383067.000,63767,3,AY,1,100,-0.023
1701221225.844847,2383107.000,63790,5,AY,1,100,-0.026
1701221225.884839,2383147.000,63790,5,AY,1,100,-0.024
1701221225.924831,2383187.000,63790,5,AY,1,100,-0.022
1701221225.964823,2383227.000,63790,5,AY,1,100,-0.010
1701221226.004815,2383267.000,63790,5,AY,1,100,-0.013
1701221226.044807,2383307.000,63806,3,AY,1,100,-0.020
1701221226.084799,2383347.000,63806,3,AY,1,100,-0.016
1701221226.124791,2383387.000,63806,3,AY,1,100,-0.024
1701221226.157784,2383420.000,63822,2,AY,1,100,-0.018
1701221226.190778,2383453.000,63822,2,AY,1,100,-0.024
1701221226.230770,2383493.000,63838,3,AY,1,100,-0.019
1701221226.270762,2383533.000,63838,3,AY,1,100,-0.022
1701221226.310754,2383573.000,63838,3,AY,1,100,-0.017
1701221226.350746,2383613.000,63855,3,AY,1,100,-0.019
1701221226.390738,2383653.000,63855,3,AY,1,100,-0.023
1701221226.430730,2383693.000,63855,3,AY,1,100,-0.027
1701221226.470722,2383733.000,63872,2,AY,1,100,-0.019
1701221226.510714,2383773.000,63872,2,AY,1,100,-0.022
1701221226.550706,2383813.000,63887,2,AY,1,100,-0.020
1701221226.590698,2383853.000,63887,2,AY,1,100,-0.020
1701221226.630690,2383893.000,63903,3,AY,1,100,-0.024
1701221226.670682,2383933.000,63903,3,AY,1,100,-0.022
1701221226.710674,2383973.000,63903,3,AY,1,100,-0.019
1701221226.750666,2384013.000,63920,3,AY,1,100,-0.020
1701221226.790658,2384053.000,63920,3,AY,1,100,-0.018
1701221226.830650,2384093.000,63920,3,AY,1,100,-0.017
1701221226.870642,2384133.000,63937,3,AY,1,100,-0.021
1701221226.910634,2384173.000,63937,3,AY,1,100,-0.020
1701221226.950626,2384213.000,63937,3,AY,1,100,-0.028
1701221226.990618,2384253.000,63954,3,AY,1,100,-0.016
1701221227.030610,2384293.000,63954,3,AY,1,100,-0.025
1701221227.070602,2384333.000,63954,3,AY,1,100,-0.017
1701221227.110594,2384373.000,63973,3,AY,1,100,-0.028
1701221227.150586,2384413.000,63973,3,AY,1,100,-0.025
1701221227.190578,2384453.000,63973,3,AY,1,100,-0.026
1701221227.230570,2384493.000,63988,2,AY,1,100,-0.020
1701221227.270562,2384533.000,63988,2,AY,1,100,-0.019
1701221227.310554,2384573.000,64004,3,AY,1,100,-0.020
1701221227.350546,2384613.000,64004,3,AY,1,100,-0.014
1701221227.390538,2384653.000,64004,3,AY,1,100,-0.021
1701221227.430530,2384693.000,64021,2,AY,1,100,-0.005
1701221227.470522,2384733.000,64021,2,AY,1,100,-0.017
1701221227.510514,2384773.000,64038,3,AY,1,100,-0.014
1701221227.550506,2384813.000,64038,3,AY,1,100,-0.021
1701221227.590498,2384853.000,64038,3,AY,1,100,-0.015
1701221227.630490,2384893.000,64053,2,AY,1,100,-0.021
1701221227.670482,2384933.000,64053,2,AY,1,100,-0.021
1701221227.710474,2384973.000,64069,3,AY,1,100,-0.024
1701221227.750466,2385013.000,64069,3,AY,1,100,-0.018
1701221227.790458,2385053.000,64069,3,AY,1,100,-0.016
1701221227.830450,2385093.000,64087,2,AY,1,100,-0.016
1701221227.870442,2385133.000,64087,2,AY,1,100,-0.018
1701221227.910767,2385173.333,64105,3,AY,1,100,-0.018
1701221227.951093,2385213.667,64105,3,AY,1,100,-0.026
1701221227.991418,2385254.000,64105,3,AY,1,100,-0.016
1701221228.026744,2385289.333,64122,3,AY,1,100,-0.021
1701221228.062070,2385324.667,64122,3,AY,1,100,-0.019
1701221228.097397,2385360.000,64122,3,AY,1,100,-0.022
1701221228.137389,2385400.000,64139,2,AY,1,100,-0.024
1701221228.177381,2385440.000,64139,2,AY,1,100,-0.023
1701221228.217373,2385480.000,64156,3,AY,1,100,-0.022
1701221228.257365,2385520.000,64156,3,AY,1,100,-0.019
1701221228.297357,2385560.000,64156,3,AY,1,100,-0.015
1701221228.337349,2385600.000,64172,2,AY,1,100,-0.019
1701221228.377341,2385640.000,64172,2,AY,1,100,-0.014
1701221228.417333,2385680.000,64188,3,AY,1,100,-0.016
1701221228.457325,2385720.000,64188,3,AY,1,100,-0.020
1701221228.497317,2385760.000,64188,3,AY,1,100,-0.015
1701221228.537309,2385800.000,64204,2,AY,1,100,-0.027
1701221228.577301,2385840.000,64204,2,AY,1,100,-0.010
1701221228.617293,2385880.000,64223,3,AY,1,100,-0.020
1701221228.657285,2385920.000,64223,3,AY,1,100,-0.020
1701221228.697277,2385960.000,64223,3,AY,1,100,-0.018
1701221228.737269,2386000.000,64239,2,AY,1,100,-0.017
1701221228.777261,2386040.000,64239,2,AY,1,100,-0.020
1701221228.817253,2386080.000,64257,3,AY,1,100,-0.018
1701221228.857245,2386120.000,64257,3,AY,1,100,-0.019
1701221228.897237,2386160.000,64257,3,AY,1,100,-0.021
1701221228.937229,2386200.000,64271,2,AY,1,100,-0.023
1701221228.977221,2386240.000,64271,2,AY,1,100,-0.021
1701221229.017213,2386280.000,64288,3,AY,1,100,-0.020
1701221229.057205,2386320.000,64288,3,AY,1,100,-0.020
1701221229.097197,2386360.000,64288,3,AY,1,100,-0.025
1701221229.137189,2386400.000,64305,3,AY,1,100,-0.018
1701221229.177181,2386440.000,64305,3,AY,1,100,-0.010
1701221229.217173,2386480.000,64305,3,AY,1,100,-0.012
1701221229.257165,2386520.000,64324,2,AY,1,100,-0.018
1701221229.297157,2386560.000,64324,2,AY,1,100,-0.015
1701221229.337149,2386600.000,64338,3,AY,1,100,-0.023
1701221229.377141,2386640.000,64338,3,AY,1,100,-0.020
1701221229.417133,2386680.000,64338,3,AY,1,100,-0.019
1701221229.457125,2386720.000,64356,2,AY,1,100,-0.018
1701221229.497117,2386760.000,64356,2,AY,1,100,-0.012
1701221229.537109,2386800.000,64372,3,AY,1,100,-0.022
1701221229.577101,2386840.000,64372,3,AY,1,100,-0.019
1701221229.617093,2386880.000,64372,3,AY,1,100,-0.019
1701221229.657085,2386920.000,64389,2,AY,1,100,-0.022
1701221229.697077,2386960.000,64389,2,AY,1,100,-0.020
1701221229.737069,2387000.000,64403,3,AY,1,100,-0.020
1701221229.777061,2387040.000,64403,3,AY,1,100,-0.031
1701221229.817053,2387080.000,64403,3,AY,1,100,-0.017
1701221229.857045,2387120.000,64423,2,AY,1,100,-0.017
1701221229.897037,2387160.000,64423,2,AY,1,100,-0.009
1701221229.932364,2387195.333,64439,3,AY,1,100,-0.023
1701221229.967690,2387230.667,64439,3,AY,1,100,-0.018
1701221230.003016,2387266.000,64439,3,AY,1,100,-0.019
1701221230.043008,2387306.000,64458,3,AY,1,100,-0.023
1701221230.083000,2387346.000,64458,3,AY,1,100,-0.015
1701221230.122992,2387386.000,64458,3,AY,1,100,-0.019
1701221230.162984,2387426.000,64473,2,AY,1,100,-0.011
1701221230.202976,2387466.000,64473,2,AY,1,100,-0.020
1701221230.242968,2387506.000,64490,3,AY,1,100,-0.017
1701221230.282960,2387546.000,64490,3,AY,1,100,-0.016
1701221230.322952,2387586.000,64490,3,AY,1,100,-0.012
1701221230.362944,2387626.000,64506,2,AY,1,100,-0.018
1701221230.402936,2387666.000,64506,2,AY,1,100,-0.020
1701221230.442928,2387706.000,64524,3,AY,1,100,-0.021
1701221230.482920,2387746.000,64524,3,AY,1,100,-0.020
1701221230.522912,2387786.000,64524,3,AY,1,100,-0.011
1701221230.562904,2387826.000,64541,2,AY,1,100,-0.018
1701221230.602896,2387866.000,64541,2,AY,1,100,-0.017
1701221230.642888,2387906.000,64557,3,AY,1,100,-0.018
1701221230.682880,2387946.000,64557,3,AY,1,100,-0.020
1701221230.722872,2387986.000,64557,3,AY,1,100,-0.018
1701221230.762864,2388026.000,64574,3,AY,1,100,-0.016
1701221230.802856,2388066.000,64574,3,AY,1,100,-0.017
1701221230.842848,2388106.000,64574,3,AY,1,100,-0.018
1701221230.882840,2388146.000,64591,2,AY,1,100,-0.027
1701221230.922832,2388186.000,64591,2,AY,1,100,-0.024
1701221230.962824,2388226.000,64611,5,AY,1,100,-0.016
1701221231.002816,2388266.000,64611,5,AY,1,100,-0.020
1701221231.042808,2388306.000,64611,5,AY,1,100,-0.019
1701221231.082800,2388346.000,64611,5,AY,1,100,-0.017
1701221231.122792,2388386.000,64611,5,AY,1,100,-0.016
1701221231.162784,2388426.000,64628,2,AY,1,100,-0.032
1701221231.202776,2388466.000,64628,2,AY,1,100,-0.022
1701221231.242769,2388506.000,64645,3,AY,1,100,-0.019
1701221231.282760,2388546.000,64645,3,AY,1,100,-0.019
1701221231.322752,2388586.000,64645,3,AY,1,100,-0.014
1701221231.362745,2388626.000,64659,2,AY,1,100,-0.017
1701221231.402736,2388666.000,64659,2,AY,1,100,-0.012
1701221231.442729,2388706.000,64677,3,AY,1,100,-0.017
1701221231.482720,2388746.000,64677,3,AY,1,100,-0.018
1701221231.522712,2388786.000,64677,3,AY,1,100,-0.023
1701221231.562705,2388826.000,64693,2,AY,1,100,-0.021
1701221231.602696,2388866.000,64693,2,AY,1,100,-0.021
1701221231.642689,2388906.000,64710,3,AY,1,100,-0.019
1701221231.682681,2388946.000,64710,3,AY,1,100,-0.018
1701221231.722672,2388986.000,64710,3,AY,1,100,-0.013
1701221231.758332,2389021.667,64725,3,AY,1,100,-0.022
1701221231.793992,2389057.333,64725,3,AY,1,100,-0.016
1701221231.829651,2389093.000,64725,3,AY,1,100,-0.017
1701221231.869643,2389133.000,64742,2,AY,1,100,-0.017
1701221231.909635,2389173.000,64742,2,AY,1,100,-0.018
1701221231.949627,2389213.000,64758,3,AY,1,100,-0.018
1701221231.989619,2389253.000,64758,3,AY,1,100,-0.020
1701221232.029611,2389293.000,64758,3,AY,1,100,-0.017
1701221232.069603,2389333.000,64775,2,AY,1,100,-0.018
1701221232.109595,2389373.000,64775,2,AY,1,100,-0.019
1701221232.149587,2389413.000,64791,3,AY,1,100,-0.010
1701221232.189579,2389453.000,64791,3,AY,1,100,-0.021
1701221232.229571,2389493.000,64791,3,AY,1,100,-0.021
1701221232.269563,2389533.000,64809,2,AY,1,100,-0.021
1701221232.309555,2389573.000,64809,2,AY,1,100,-0.019
1701221232.349547,2389613.000,64825,3,AY,1,100,-0.017
1701221232.389539,2389653.000,64825,3,AY,1,100,-0.022
1701221232.429531,2389693.000,64825,3,AY,1,100,-0.016
1701221232.469523,2389733.000,64843,3,AY,1,100,-0.019
1701221232.509515,2389773.000,64843,3,AY,1,100,-0.019
1701221232.549507,2389813.000,64843,3,AY,1,100,-0.017
1701221232.589499,2389853.000,64859,2,AY,1,100,-0.021
1701221232.629491,2389893.000,64859,2,AY,1,100,-0.018
1701221232.669483,2389933.000,64874,3,AY,1,100,-0.019
1701221232.709476,2389973.000,64874,3,AY,1,100,-0.018
1701221232.749467,2390013.000,64874,3,AY,1,100,-0.024
1701221232.789459,2390053.000,64891,2,AY,1,100,-0.023
1701221232.829452,2390093.000,64891,2,AY,1,100,-0.023
1701221232.869443,2390133.000,64910,3,AY,1,100,-0.023
1701221232.909436,2390173.000,64910,3,AY,1,100,-0.019
1701221232.949428,2390213.000,64910,3,AY,1,100,-0.021
1701221232.989419,2390253.000,64928,2,AY,1,100,-0.019
1701221233.029412,2390293.000,64928,2,AY,1,100,-0.022
1701221233.069403,2390333.000,64943,3,AY,1,100,-0.019
1701221233.109396,2390373.000,64943,3,AY,1,100,-0.020
1701221233.149388,2390413.000,64943,3,AY,1,100,-0.022
1701221233.189379,2390453.000,64960,2,AY,1,100,-0.017
1701221233.229372,2390493.000,64960,2,AY,1,100,-0.017
1701221233.269364,2390533.000,64977,3,AY,1,100,-0.008
1701221233.309355,2390573.000,64977,3,AY,1,100,-0.019
1701221233.349348,2390613.000,64977,3,AY,1,100,-0.014
1701221233.388840,2390652.500,64993,2,AY,1,100,-0.016
1701221233.428332,2390692.000,64993,2,AY,1,100,-0.006
1701221233.468657,2390732.333,65011,3,AY,1,100,-0.027
1701221233.508982,2390772.667,65011,3,AY,1,100,-0.020
1701221233.549308,2390813.000,65011,3,AY,1,100,-0.025
1701221233.588966,2390852.667,65027,3,AY,1,100,-0.009
1701221233.628625,2390892.333,65027,3,AY,1,100,-0.014
1701221233.668284,2390932.000,65027,3,AY,1,100,-0.026
1701221233.708776,2390972.500,65044,2,AY,1,100,-0.021
1701221233.749268,2391013.000,65044,2,AY,1,100,-0.015
1701221233.784594,2391048.333,65061,3,AY,1,100,-0.021
1701221233.819920,2391083.667,65061,3,AY,1,100,-0.016
1701221233.855247,2391119.000,65061,3,AY,1,100,-0.028
1701221233.895239,2391159.000,65077,2,AY,1,100,-0.017
1701221233.935230,2391199.000,65077,2,AY,1,100,-0.009
1701221233.975223,2391239.000,65094,3,AY,1,100,-0.013
1701221234.015215,2391279.000,65094,3,AY,1,100,-0.011
1701221234.055207,2391319.000,65094,3,AY,1,100,-0.024
1701221234.095199,2391359.000,65112,3,AY,1,100,-0.015
1701221234.135191,2391399.000,65112,3,AY,1,100,-0.019
1701221234.175183,2391439.000,65112,3,AY,1,100,-0.018
1701221234.215175,2391479.000,65128,2,AY,1,100,-0.017
1701221234.255167,2391519.000,65128,2,AY,1,100,-0.017
1701221234.295159,2391559.000,65147,3,AY,1,100,-0.019
1701221234.335151,2391599.000,65147,3,AY,1,100,-0.011
1701221234.375143,2391639.000,65147,3,AY,1,100,-0.016
1701221234.415135,2391679.000,65161,2,AY,1,100,-0.018
1701221234.455127,2391719.000,65161,2,AY,1,100,-0.019
1701221234.495119,2391759.000,65179,3,AY,1,100,-0.014
1701221234.535111,2391799.000,65179,3,AY,1,100,-0.015
1701221234.575103,2391839.000,65179,3,AY,1,100,-0.014
1701221234.615095,2391879.000,65195,2,AY,1,100,-0.023
1701221234.655087,2391919.000,65195,2,AY,1,100,-0.020
1701221234.695079,2391959.000,65212,3,AY,1,100,-0.012
1701221234.735071,2391999.000,65212,3,AY,1,100,-0.017
1701221234.775063,2392039.000,65212,3,AY,1,100,-0.012
1701221234.815055,2392079.000,65227,2,AY,1,100,-0.017
1701221234.855047,2392119.000,65227,2,AY,1,100,-0.018
1701221234.895039,2392159.000,65244,3,AY,1,100,-0.018
1701221234.935031,2392199.000,65244,3,AY,1,100,-0.018
1701221234.975023,2392239.000,65244,3,AY,1,100,-0.019
1701221235.015015,2392279.000,65260,2,AY,1,100,-0.014
1701221235.055007,2392319.000,65260,2,AY,1,100,-0.018
1701221235.094999,2392359.000,65278,3,AY,1,100,-0.014
1701221235.134991,2392399.000,65278,3,AY,1,100,-0.014
1701221235.174983,2392439.000,65278,3,AY,1,100,-0.016
1701221235.214975,2392479.000,65292,2,AY,1,100,-0.020
1701221235.254967,2392519.000,65292,2,AY,1,100,-0.016
1701221235.294959,2392559.000,65309,3,AY,1,100,-0.020
1701221235.334951,2392599.000,65309,3,AY,1,100,-0.016
1701221235.374943,2392639.000,65309,3,AY,1,100,-0.017
1701221235.414935,2392679.000,65325,3,AY,1,100,-0.014
1701221235.454927,2392719.000,65325,3,AY,1,100,-0.019
1701221235.494919,2392759.000,65325,3,AY,1,100,-0.021
1701221235.528412,2392792.500,65343,2,AY,1,100,-0.020
1701221235.561906,2392826.000,65343,2,AY,1,100,-0.015
1701221235.601898,2392866.000,65357,3,AY,1,100,-0.018
1701221235.641890,2392906.000,65357,3,AY,1,100,-0.016
1701221235.681882,2392946.000,65357,3,AY,1,100,-0.016
1701221235.721874,2392986.000,65374,3,AY,1,100,-0.022
1701221235.761866,2393026.000,65374,3,AY,1,100,-0.018
1701221235.801858,2393066.000,65374,3,AY,1,100,-0.018
1701221235.841850,2393106.000,65391,2,AY,1,100,-0.017
1701221235.881842,2393146.000,65391,2,AY,1,100,-0.019
1701221235.921834,2393186.000,65408,3,AY,1,100,-0.019
1701221235.961826,2393226.000,65408,3,AY,1,100,-0.016
1701221236.001818,2393266.000,65408,3,AY,1,100,-0.015
1701221236.041810,2393306.000,65423,2,AY,1,100,-0.017
1701221236.081802,2393346.000,65423,2,AY,1,100,-0.019
1701221236.121794,2393386.000,65450,4,AY,1,100,-0.021
1701221236.161786,2393426.000,65450,4,AY,1,100,-0.012
1701221236.201778,2393466.000,65450,4,AY,1,100,-0.018
1701221236.241770,2393506.000,65450,4,AY,1,100,-0.015
1701221236.281762,2393546.000,65464,2,AY,1,100,-0.014
1701221236.321754,2393586.000,65464,2,AY,1,100,-0.020
1701221236.361746,2393626.000,65481,3,AY,1,100,-0.020
1701221236.401738,2393666.000,65481,3,AY,1,100,-0.021
1701221236.441730,2393706.000,65481,3,AY,1,100,-0.019
1701221236.481722,2393746.000,65498,3,AY,1,100,-0.019
1701221236.521714,2393786.000,65498,3,AY,1,100,-0.018
1701221236.561706,2393826.000,65498,3,AY,1,100,-0.020
1701221236.601698,2393866.000,65517,2,AY,1,100,-0.019
1701221236.641690,2393906.000,65517,2,AY,1,100,-0.017
1701221236.681682,2393946.000,65531,2,AY,1,100,-0.016
1701221236.721674,2393986.000,65531,2,AY,1,100,-0.020
1701221236.761666,2394026.000,13,3,AY,1,100,-0.029
1701221236.801658,2394066.000,13,3,AY,1,100,-0.024
1701221236.841650,2394106.000,13,3,AY,1,100,-0.015
1701221236.881642,2394146.000,29,3,AY,1,100,-0.017
1701221236.921634,2394186.000,29,3,AY,1,100,-0.020
1701221236.961626,2394226.000,29,3,AY,1,100,-0.020
1701221237.001618,2394266.000,46,2,AY,1,100,-0.013
1701221237.041610,2394306.000,46,2,AY,1,100,-0.008
1701221237.081602,2394346.000,61,3,AY,1,100,-0.015
1701221237.121594,2394386.000,61,3,AY,1,100,-0.020
1701221237.161586,2394426.000,61,3,AY,1,100,-0.019
1701221237.201578,2394466.000,78,2,AY,1,100,-0.016
1701221237.241570,2394506.000,78,2,AY,1,100,-0.014
1701221237.281562,2394546.000,94,3,AY,1,100,-0.014
1701221237.321554,2394586.000,94,3,AY,1,100,-0.012
1701221237.361546,2394626.000,94,3,AY,1,100,-0.020
1701221237.401538,2394666.000,111,2,AY,1,100,-0.016
1701221237.441530,2394706.000,111,2,AY,1,100,-0.019
1701221237.481522,2394746.000,127,3,AY,1,100,-0.018
1701221237.521514,2394786.000,127,3,AY,1,100,-0.015
1701221237.561506,2394826.000,127,3,AY,1,100,-0.020
1701221237.596833,2394861.333,143,3,AY,1,100,-0.018
1701221237.632159,2394896.667,143,3,AY,1,100,-0.017
1701221237.667485,2394932.000,143,3,AY,1,100,-0.011
1701221237.707477,2394972.000,159,2,AY,1,100,-0.017
1701221237.747469,2395012.000,159,2,AY,1,100,-0.011
1701221237.787461,2395052.000,177,3,AY,1,100,-0.016
1701221237.827453,2395092.000,177,3,AY,1,100,-0.014
1701221237.867445,2395132.000,177,3,AY,1,100,-0.016
1701221237.907437,2395172.000,195,2,AY,1,100,-0.021
1701221237.947429,2395212.000,195,2,AY,1,100,-0.017
1701221237.987421,2395252.000,210,3,AY,1,100,-0.017
1701221238.027413,2395292.000,210,3,AY,1,100,-0.021
1701221238.067405,2395332.000,210,3,AY,1,100,-0.017
1701221238.107397,2395372.000,227,2,AY,1,100,-0.021
1701221238.147389,2395412.000,227,2,AY,1,100,-0.016
1701221238.187381,2395452.000,244,3,AY,1,100,-0.016
1701221238.227373,2395492.000,244,3,AY,1,100,-0.018
1701221238.267365,2395532.000,244,3,AY,1,100,-0.025
1701221238.307357,2395572.000,260,2,AY,1,100,-0.019
1701221238.347349,2395612.000,260,2,AY,1,100,-0.022
1701221238.387341,2395652.000,275,3,AY,1,100,-0.019
1701221238.427333,2395692.000,275,3,AY,1,100,-0.021
1701221238.467325,2395732.000,275,3,AY,1,100,-0.018
1701221238.507317,2395772.000,292,3,AY,1,100,-0.017
1701221238.547309,2395812.000,292,3,AY,1,100,-0.018
1701221238.587301,2395852.000,292,3,AY,1,100,-0.014
1701221238.627293,2395892.000,311,2,AY,1,100,-0.021
1701221238.667285,2395932.000,311,2,AY,1,100,-0.018
1701221238.707277,2395972.000,327,3,AY,1,100,-0.021
1701221238.747269,2396012.000,327,3,AY,1,100,-0.018
1701221238.787261,2396052.000,327,3,AY,1,100,-0.018
1701221238.827253,2396092.000,343,2,AY,1,100,-0.021
1701221238.867245,2396132.000,343,2,AY,1,100,-0.015
1701221238.907237,2396172.000,359,3,AY,1,100,-0.019
1701221238.947229,2396212.000,359,3,AY,1,100,-0.017
1701221238.987221,2396252.000,359,3,AY,1,100,-0.018
1701221239.027213,2396292.000,376,2,AY,1,100,-0.022
1701221239.067205,2396332.000,376,2,AY,1,100,-0.015
1701221239.107197,2396372.000,393,3,AY,1,100,-0.017
1701221239.147189,2396412.000,393,3,AY,1,100,-0.017
1701221239.187181,2396452.000,393,3,AY,1,100,-0.016
1701221239.227173,2396492.000,408,2,AY,1,100,-0.018
1701221239.267165,2396532.000,408,2,AY,1,100,-0.018
1701221239.307158,2396572.000,426,3,AY,1,100,-0.016
1701221239.347149,2396612.000,426,3,AY,1,100,-0.017
1701221239.387141,2396652.000,426,3,AY,1,100,-0.015
1701221239.422801,2396687.667,443,3,AY,1,100,-0.020
1701221239.458461,2396723.333,443,3,AY,1,100,-0.014
1701221239.494120,2396759.000,443,3,AY,1,100,-0.018
1701221239.534112,2396799.000,460,2,AY,1,100,-0.017
1701221239.574104,2396839.000,460,2,AY,1,100,-0.015
1701221239.614096,2396879.000,476,3,AY,1,100,-0.014
1701221239.654088,2396919.000,476,3,AY,1,100,-0.017
1701221239.694080,2396959.000,476,3,AY,1,100,-0.016
1701221239.734072,2396999.000,491,2,AY,1,100,-0.020
1701221239.774064,2397039.000,491,2,AY,1,100,-0.015
1701221239.814056,2397079.000,509,3,AY,1,100,-0.012
1701221239.854048,2397119.000,509,3,AY,1,100,-0.020
1701221239.894040,2397159.000,509,3,AY,1,100,-0.017
1701221239.934032,2397199.000,525,2,AY,1,100,-0.023
1701221239.974024,2397239.000,525,2,AY,1,100,-0.021
1701221240.014016,2397279.000,542,3,AY,1,100,-0.020
1701221240.054008,2397319.000,542,3,AY,1,100,-0.015
1701221240.094000,2397359.000,542,3,AY,1,100,-0.019
1701221240.133992,2397399.000,557,2,AY,1,100,-0.017
1701221240.173984,2397439.000,557,2,AY,1,100,-0.017
1701221240.213976,2397479.000,574,3,AY,1,100,-0.017
1701221240.253968,2397519.000,574,3,AY,1,100,-0.017
1701221240.293960,2397559.000,574,3,AY,1,100,-0.013
1701221240.333952,2397599.000,590,3,AY,1,100,-0.016
1701221240.373944,2397639.000,590,3,AY,1,100,-0.019
1701221240.413936,2397679.000,590,3,AY,1,100,-0.018
1701221240.453928,2397719.000,608,2,AY,1,100,-0.015
1701221240.493920,2397759.000,608,2,AY,1,100,-0.016
1701221240.533912,2397799.000,622,3,AY,1,100,-0.014
1701221240.573905,2397839.000,622,3,AY,1,100,-0.014
1701221240.613896,2397879.000,622,3,AY,1,100,-0.017
1701221240.653888,2397919.000,639,2,AY,1,100,-0.016
1701221240.693880,2397959.000,639,2,AY,1,100,-0.019
1701221240.733872,2397999.000,655,3,AY,1,100,-0.013
1701221240.773865,2398039.000,655,3,AY,1,100,-0.010
1701221240.813856,2398079.000,655,3,AY,1,100,-0.017
1701221240.853848,2398119.000,673,2,AY,1,100,-0.017
1701221240.893841,2398159.000,673,2,AY,1,100,-0.022
1701221240.933832,2398199.000,687,3,AY,1,100,-0.014
1701221240.973825,2398239.000,687,3,AY,1,100,-0.020
1701221241.013817,2398279.000,687,3,AY,1,100,-0.024
1701221241.053808,2398319.000,704,2,AY,1,100,-0.021
1701221241.093801,2398359.000,704,2,AY,1,100,-0.016
1701221241.133793,2398399.000,721,3,AY,1,100,-0.023
1701221241.173784,2398439.000,721,3,AY,1,100,-0.017
1701221241.213777,2398479.000,721,3,AY,1,100,-0.018
1701221241.253769,2398519.000,743,2,AY,1,100,-0.019
1701221241.293761,2398559.000,743,2,AY,1,100,-0.015
1701221241.329087,2398594.333,757,3,AY,1,100,-0.018
1701221241.364413,2398629.667,757,3,AY,1,100,-0.016
1701221241.399740,2398665.000,757,3,AY,1,100,-0.015
1701221241.439731,2398705.000,775,3,AY,1,100,-0.012
1701221241.479723,2398745.000,775,3,AY,1,100,-0.019
1701221241.519716,2398785.000,775,3,AY,1,100,-0.017
1701221241.559707,2398825.000,791,2,AY,1,100,-0.012
1701221241.599699,2398865.000,791,2,AY,1,100,-0.025
1701221241.639692,2398905.000,810,3,AY,1,100,-0.021
1701221241.679683,2398945.000,810,3,AY,1,100,-0.021
1701221241.719676,2398985.000,810,3,AY,1,100,-0.015
1701221241.759668,2399025.000,825,2,AY,1,100,-0.009
1701221241.799659,2399065.000,825,2,AY,1,100,-0.013
1701221241.839652,2399105.000,842,3,AY,1,100,-0.013
1701221241.879644,2399145.000,842,3,AY,1,100,-0.018
1701221241.919636,2399185.000,842,3,AY,1,100,-0.018
1701221241.959628,2399225.000,858,3,AY,1,100,-0.017
1701221241.999619,2399265.000,858,3,AY,1,100,-0.018
1701221242.039612,2399305.000,858,3,AY,1,100,-0.018
1701221242.079604,2399345.000,875,2,AY,1,100,-0.021
1701221242.119596,2399385.000,875,2,AY,1,100,-0.027
1701221242.159588,2399425.000,892,3,AY,1,100,-0.020
1701221242.199580,2399465.000,892,3,AY,1,100,-0.011
1701221242.239572,2399505.000,892,3,AY,1,100,-0.007
1701221242.279564,2399545.000,909,2,AY,1,100,-0.017
1701221242.319556,2399585.000,909,2,AY,1,100,-0.022
1701221242.359548,2399625.000,925,3,AY,1,100,-0.026
1701221242.399540,2399665.000,925,3,AY,1,100,-0.015
1701221242.439532,2399705.000,925,3,AY,1,100,-0.030
1701221242.479524,2399745.000,943,2,AY,1,100,-0.019
1701221242.519516,2399785.000,943,2,AY,1,100,-0.020
1701221242.559508,2399825.000,959,3,AY,1,100,-0.021
1701221242.599500,2399865.000,959,3,AY,1,100,-0.021
1701221242.639492,2399905.000,959,3,AY,1,100,-0.020
1701221242.679484,2399945.000,976,2,AY,1,100,-0.018
1701221242.719476,2399985.000,976,2,AY,1,100,-0.019
1701221242.759468,2400025.000,993,3,AY,1,100,-0.014
1701221242.799460,2400065.000,993,3,AY,1,100,-0.013
1701221242.839452,2400105.000,993,3,AY,1,100,-0.014
1701221242.879444,2400145.000,1012,2,AY,1,100,-0.017
1701221242.919436,2400185.000,1012,2,AY,1,100,-0.019
1701221242.959428,2400225.000,1028,3,AY,1,100,-0.013
1701221242.999420,2400265.000,1028,3,AY,1,100,-0.022
1701221243.039412,2400305.000,1028,3,AY,1,100,-0.019
1701221243.075405,2400341.000,1043,3,AY,1,100,-0.021
1701221243.111398,2400377.000,1043,3,AY,1,100,-0.019
1701221243.147390,2400413.000,1043,3,AY,1,100,-0.024
1701221243.186882,2400452.500,1060,2,AY,1,100,-0.023
1701221243.226375,2400492.000,1060,2,AY,1,100,-0.015
1701221243.266366,2400532.000,1079,3,AY,1,100,-0.013
1701221243.306359,2400572.000,1079,3,AY,1,100,-0.023
1701221243.346351,2400612.000,1079,3,AY,1,100,-0.014
1701221243.386343,2400652.000,1095,2,AY,1,100,-0.017
1701221243.426335,2400692.000,1095,2,AY,1,100,-0.022
1701221243.466327,2400732.000,1111,3,AY,1,100,-0.021
1701221243.506319,2400772.000,1111,3,AY,1,100,-0.017
1701221243.546311,2400812.000,1111,3,AY,1,100,-0.014
1701221243.586303,2400852.000,1127,3,AY,1,100,-0.021
1701221243.626295,2400892.000,1127,3,AY,1,100,-0.021
1701221243.666287,2400932.000,1127,3,AY,1,100,-0.027
1701221243.706279,2400972.000,1144,2,AY,1,100,-0.019
1701221243.746271,2401012.000,1144,2,AY,1,100,-0.019
1701221243.786263,2401052.000,1161,3,AY,1,100,-0.016
1701221243.826255,2401092.000,1161,3,AY,1,100,-0.018
1701221243.866247,2401132.000,1161,3,AY,1,100,-0.017
1701221243.906239,2401172.000,1179,2,AY,1,100,-0.020
1701221243.946231,2401212.000,1179,2,AY,1,100,-0.013
1701221243.986223,2401252.000,1194,3,AY,1,100,-0.014
1701221244.026215,2401292.000,1194,3,AY,1,100,-0.016
1701221244.066207,2401332.000,1194,3,AY,1,100,-0.014
1701221244.106199,2401372.000,1212,2,AY,1,100,-0.014
1701221244.146191,2401412.000,1212,2,AY,1,100,-0.022
1701221244.186183,2401452.000,1228,3,AY,1,100,-0.021
1701221244.226175,2401492.000,1228,3,AY,1,100,-0.014
1701221244.266167,2401532.000,1228,3,AY,1,100,-0.017
1701221244.306159,2401572.000,1245,2,AY,1,100,-0.016
1701221244.346151,2401612.000,1245,2,AY,1,100,-0.013
1701221244.386143,2401652.000,1259,3,AY,1,100,-0.019
1701221244.426135,2401692.000,1259,3,AY,1,100,-0.016
1701221244.466127,2401732.000,1259,3,AY,1,100,-0.016
1701221244.506119,2401772.000,1281,2,AY,1,100,-0.018
1701221244.546111,2401812.000,1281,2,AY,1,100,-0.016
1701221244.586103,2401852.000,1297,3,AY,1,100,-0.022
1701221244.626095,2401892.000,1297,3,AY,1,100,-0.017
1701221244.666087,2401932.000,1297,3,AY,1,100,-0.012
1701221244.706079,2401972.000,1314,2,AY,1,100,-0.013
1701221244.746071,2402012.000,1314,2,AY,1,100,-0.019
1701221244.786063,2402052.000,1329,3,AY,1,100,-0.016
1701221244.826055,2402092.000,1329,3,AY,1,100,-0.017
1701221244.866047,2402132.000,1329,3,AY,1,100,-0.019
1701221244.906039,2402172.000,1346,3,AY,1,100,-0.015
1701221244.946031,2402212.000,1346,3,AY,1,100,-0.021
1701221244.986023,2402252.000,1346,3,AY,1,100,-0.018
1701221245.026015,2402292.000,1362,2,AY,1,100,-0.016
1701221245.066007,2402332.000,1362,2,AY,1,100,-0.022
1701221245.105999,2402372.000,1380,3,AY,1,100,-0.020
1701221245.145991,2402412.000,1380,3,AY,1,100,-0.018
1701221245.185983,2402452.000,1380,3,AY,1,100,-0.023
1701221245.221309,2402487.333,1396,3,AY,1,100,-0.017
1701221245.256636,2402522.667,1396,3,AY,1,100,-0.016
1701221245.291962,2402558.000,1396,3,AY,1,100,-0.019
1701221245.331954,2402598.000,1413,2,AY,1,100,-0.019
1701221245.371946,2402638.000,1413,2,AY,1,100,-0.013
1701221245.411938,2402678.000,1429,3,AY,1,100,-0.019
1701221245.451930,2402718.000,1429,3,AY,1,100,-0.020
1701221245.491922,2402758.000,1429,3,AY,1,100,-0.015
1701221245.531914,2402798.000,1447,2,AY,1,100,-0.018
1701221245.571906,2402838.000,1447,2,AY,1,100,-0.016
1701221245.611898,2402878.000,1462,3,AY,1,100,-0.022
1701221245.651890,2402918.000,1462,3,AY,1,100,-0.014
1701221245.691882,2402958.000,1462,3,AY,1,100,-0.019
1701221245.731874,2402998.000,1478,2,AY,1,100,-0.018
1701221245.771866,2403038.000,1478,2,AY,1,100,-0.018
1701221245.811858,2403078.000,1495,3,AY,1,100,-0.016
1701221245.851850,2403118.000,1495,3,AY,1,100,-0.015
1701221245.891842,2403158.000,1495,3,AY,1,100,-0.007
1701221245.931834,2403198.000,1514,2,AY,1,100,-0.013
1701221245.971826,2403238.000,1514,2,AY,1,100,-0.015
1701221246.011818,2403278.000,1529,3,AY,1,100,-0.013
1701221246.051810,2403318.000,1529,3,AY,1,100,-0.011
1701221246.091802,2403358.000,1529,3,AY,1,100,-0.018
1701221246.131794,2403398.000,1546,2,AY,1,100,-0.014
1701221246.171786,2403438.000,1546,2,AY,1,100,-0.013
1701221246.211778,2403478.000,1562,3,AY,1,100,-0.020
1701221246.251770,2403518.000,1562,3,AY,1,100,-0.016
1701221246.291762,2403558.000,1562,3,AY,1,100,-0.018
1701221246.331754,2403598.000,1584,2,AY,1,100,-0.025
1701221246.371746,2403638.000,1584,2,AY,1,100,-0.018
1701221246.411738,2403678.000,1601,3,AY,1,100,-0.019
1701221246.451730,2403718.000,1601,3,AY,1,100,-0.014
1701221246.491722,2403758.000,1601,3,AY,1,100,-0.015
1701221246.531714,2403798.000,1616,3,AY,1,100,-0.014
1701221246.571706,2403838.000,1616,3,AY,1,100,-0.017
1701221246.611698,2403878.000,1616,3,AY,1,100,-0.017
1701221246.651690,2403918.000,1632,2,AY,1,100,-0.019
1701221246.691682,2403958.000,1632,2,AY,1,100,-0.015
1701221246.731674,2403998.000,1649,3,AY,1,100,-0.019
1701221246.771666,2404038.000,1649,3,AY,1,100,-0.018
1701221246.811658,2404078.000,1649,3,AY,1,100,-0.017
