LocalTimestamp,EmotiBitTimestamp,PacketNumber,DataLength,TypeTag,ProtocolVersion,DataReliability,PR
1701221177.779449,2335032.000,55966,1,PR,1,100,39362
1701221177.819440,2335072.000,55970,2,PR,1,100,39377
1701221177.859432,2335112.000,55970,2,PR,1,100,39376
1701221177.899425,2335152.000,55989,3,PR,1,100,39384
1701221177.939416,2335192.000,55989,3,PR,1,100,39361
1701221177.979409,2335232.000,55989,3,PR,1,100,39364
1701221178.025899,2335278.500,56003,2,PR,1,100,39366
1701221178.072390,2335325.000,56003,2,PR,1,100,39342
1701221178.112382,2335365.000,56020,2,PR,1,100,39367
1701221178.152374,2335405.000,56020,2,PR,1,100,39379
1701221178.192366,2335445.000,56037,3,PR,1,100,39397
1701221178.232358,2335485.000,56037,3,PR,1,100,39372
1701221178.272350,2335525.000,56037,3,PR,1,100,39357
1701221178.312342,2335565.000,56054,2,PR,1,100,39369
1701221178.352334,2335605.000,56054,2,PR,1,100,39382
1701221178.392326,2335645.000,56069,3,PR,1,100,39391
1701221178.432318,2335685.000,56069,3,PR,1,100,39383
1701221178.472310,2335725.000,56069,3,PR,1,100,39378
1701221178.512302,2335765.000,56086,3,PR,1,100,39364
1701221178.552294,2335805.000,56086,3,PR,1,100,39369
1701221178.592286,2335845.000,56086,3,PR,1,100,39364
1701221178.632278,2335885.000,56102,2,PR,1,100,39375
1701221178.672270,2335925.000,56102,2,PR,1,100,39370
1701221178.712262,2335965.000,56119,3,PR,1,100,39361
1701221178.752254,2336005.000,56119,3,PR,1,100,39369
1701221178.792246,2336045.000,56119,3,PR,1,100,39370
1701221178.832238,2336085.000,56136,2,PR,1,100,39373
1701221178.872230,2336125.000,56136,2,PR,1,100,39368
1701221178.912222,2336165.000,56151,3,PR,1,100,39367
1701221178.952214,2336205.000,56151,3,PR,1,100,39375
1701221178.992206,2336245.000,56151,3,PR,1,100,39371
1701221179.032198,2336285.000,56167,2,PR,1,100,39371
1701221179.072190,2336325.000,56167,2,PR,1,100,39363
1701221179.112182,2336365.000,56185,3,PR,1,100,39358
1701221179.152174,2336405.000,56185,3,PR,1,100,39371
1701221179.192166,2336445.000,56185,3,PR,1,100,39366
1701221179.232158,2336485.000,56201,2,PR,1,100,39364
1701221179.272150,2336525.000,56201,2,PR,1,100,39354
1701221179.312142,2336565.000,56216,3,PR,1,100,39367
1701221179.352134,2336605.000,56216,3,PR,1,100,39370
1701221179.392126,2336645.000,56216,3,PR,1,100,39375
1701221179.432118,2336685.000,56232,2,PR,1,100,39377
1701221179.472110,2336725.000,56232,2,PR,1,100,39372
1701221179.512102,2336765.000,56250,3,PR,1,100,39357
1701221179.552094,2336805.000,56250,3,PR,1,100,39360
1701221179.592086,2336845.000,56250,3,PR,1,100,39369
1701221179.632078,2336885.000,56266,2,PR,1,100,39372
1701221179.672070,2336925.000,56266,2,PR,1,100,39355
1701221179.712062,2336965.000,56281,3,PR,1,100,39361
1701221179.752054,2337005.000,56281,3,PR,1,100,39381
1701221179.792046,2337045.000,56281,3,PR,1,100,39375
1701221179.832038,2337085.000,56301,3,PR,1,100,39372
1701221179.872030,2337125.000,56301,3,PR,1,100,39365
1701221179.912022,2337165.000,56301,3,PR,1,100,39368
1701221179.952014,2337205.000,56318,3,PR,1,100,39366
1701221179.992007,2337245.000,56318,3,PR,1,100,39365
1701221180.031998,2337285.000,56318,3,PR,1,100,39364
1701221180.071990,2337325.000,56334,3,PR,1,100,39387
1701221180.111983,2337365.000,56334,3,PR,1,100,39367
1701221180.151974,2337405.000,56334,3,PR,1,100,39373
1701221180.191967,2337445.000,56352,2,PR,1,100,39381
1701221180.231959,2337485.000,56352,2,PR,1,100,39365
1701221180.271950,2337525.000,56367,3,PR,1,100,39372
1701221180.311943,2337565.000,56367,3,PR,1,100,39382
1701221180.351935,2337605.000,56367,3,PR,1,100,39375
1701221180.391927,2337645.000,56383,2,PR,1,100,39378
1701221180.431919,2337685.000,56383,2,PR,1,100,39380
1701221180.471910,2337725.000,56400,3,PR,1,100,39370
1701221180.511903,2337765.000,56400,3,PR,1,100,39380
1701221180.551895,2337805.000,56400,3,PR,1,100,39368
1701221180.591887,2337845.000,56417,2,PR,1,100,39367
1701221180.631879,2337885.000,56417,2,PR,1,100,39370
1701221180.671871,2337925.000,56433,3,PR,1,100,39379
1701221180.711863,2337965.000,56433,3,PR,1,100,39368
1701221180.751855,2338005.000,56433,3,PR,1,100,39380
1701221180.791847,2338045.000,56449,2,PR,1,100,39375
1701221180.831839,2338085.000,56449,2,PR,1,100,39395
1701221180.871831,2338125.000,56465,3,PR,1,100,39369
1701221180.911823,2338165.000,56465,3,PR,1,100,39381
1701221180.951815,2338205.000,56465,3,PR,1,100,39376
1701221180.991807,2338245.000,56482,2,PR,1,100,39379
1701221181.031799,2338285.000,56482,2,PR,1,100,39370
1701221181.071791,2338325.000,56498,3,PR,1,100,39367
1701221181.111783,2338365.000,56498,3,PR,1,100,39364
1701221181.151775,2338405.000,56498,3,PR,1,100,39372
1701221181.191767,2338445.000,56514,3,PR,1,100,39377
1701221181.231759,2338485.000,56514,3,PR,1,100,39406
1701221181.271751,2338525.000,56514,3,PR,1,100,39368
1701221181.311743,2338565.000,56530,2,PR,1,100,39396
1701221181.351735,2338605.000,56530,2,PR,1,100,39381
1701221181.391727,2338645.000,56551,3,PR,1,100,39364
1701221181.431719,2338685.000,56551,3,PR,1,100,39378
1701221181.471711,2338725.000,56551,3,PR,1,100,39377
1701221181.511703,2338765.000,56568,2,PR,1,100,39370
1701221181.551695,2338805.000,56568,2,PR,1,100,39372
1701221181.591687,2338845.000,56583,3,PR,1,100,39377
1701221181.631679,2338885.000,56583,3,PR,1,100,39391
1701221181.671671,2338925.000,56583,3,PR,1,100,39389
1701221181.711663,2338965.000,56599,2,PR,1,100,39376
1701221181.751655,2339005.000,56599,2,PR,1,100,39379
1701221181.791647,2339045.000,56617,3,PR,1,100,39365
1701221181.831639,2339085.000,56617,3,PR,1,100,39381
1701221181.871631,2339125.000,56617,3,PR,1,100,39364
1701221181.911623,2339165.000,56633,2,PR,1,100,39381
1701221181.951615,2339205.000,56633,2,PR,1,100,39390
1701221181.991607,2339245.000,56650,3,PR,1,100,39390
1701221182.031599,2339285.000,56650,3,PR,1,100,39381
1701221182.071591,2339325.000,56650,3,PR,1,100,39373
1701221182.111583,2339365.000,56666,2,PR,1,100,39390
1701221182.151575,2339405.000,56666,2,PR,1,100,39387
1701221182.191567,2339445.000,56684,3,PR,1,100,39386
1701221182.231559,2339485.000,56684,3,PR,1,100,39387
1701221182.271551,2339525.000,56684,3,PR,1,100,39392
1701221182.311543,2339565.000,56700,2,PR,1,100,39376
1701221182.351535,2339605.000,56700,2,PR,1,100,39379
1701221182.391527,2339645.000,56716,3,PR,1,100,39384
1701221182.431519,2339685.000,56716,3,PR,1,100,39381
1701221182.471511,2339725.000,56716,3,PR,1,100,39391
1701221182.511503,2339765.000,56732,2,PR,1,100,39386
1701221182.551495,2339805.000,56732,2,PR,1,100,39381
1701221182.591487,2339845.000,56749,3,PR,1,100,39392
1701221182.631479,2339885.000,56749,3,PR,1,100,39384
1701221182.671471,2339925.000,56749,3,PR,1,100,39383
1701221182.711463,2339965.000,56765,3,PR,1,100,39380
1701221182.751455,2340005.000,56765,3,PR,1,100,39394
1701221182.791447,2340045.000,56765,3,PR,1,100,39395
1701221182.831439,2340085.000,56783,2,PR,1,100,39388
1701221182.871431,2340125.000,56783,2,PR,1,100,39396
1701221182.911423,2340165.000,56799,3,PR,1,100,39382
1701221182.951415,2340205.000,56799,3,PR,1,100,39384
1701221182.991407,2340245.000,56799,3,PR,1,100,39378
1701221183.031399,2340285.000,56816,2,PR,1,100,39387
1701221183.071391,2340325.000,56816,2,PR,1,100,39388
1701221183.117882,2340371.500,56835,2,PR,1,100,39360
1701221183.164373,2340418.000,56835,2,PR,1,100,39400
1701221183.204365,2340458.000,56852,3,PR,1,100,39382
1701221183.244357,2340498.000,56852,3,PR,1,100,39391
1701221183.284349,2340538.000,56852,3,PR,1,100,39375
1701221183.324341,2340578.000,56866,2,PR,1,100,39379
1701221183.364333,2340618.000,56866,2,PR,1,100,39386
1701221183.404325,2340658.000,56883,3,PR,1,100,39376
1701221183.444317,2340698.000,56883,3,PR,1,100,39377
1701221183.484309,2340738.000,56883,3,PR,1,100,39398
1701221183.524301,2340778.000,56902,3,PR,1,100,39404
1701221183.564293,2340818.000,56902,3,PR,1,100,39393
1701221183.604285,2340858.000,56902,3,PR,1,100,39387
1701221183.644277,2340898.000,56919,2,PR,1,100,39407
1701221183.684269,2340938.000,56919,2,PR,1,100,39397
1701221183.724261,2340978.000,56933,3,PR,1,100,39392
1701221183.764253,2341018.000,56933,3,PR,1,100,39385
1701221183.804245,2341058.000,56933,3,PR,1,100,39387
1701221183.844237,2341098.000,56951,2,PR,1,100,39392
1701221183.884229,2341138.000,56951,2,PR,1,100,39400
1701221183.924221,2341178.000,56967,3,PR,1,100,39390
1701221183.964213,2341218.000,56967,3,PR,1,100,39382
1701221184.004205,2341258.000,56967,3,PR,1,100,39389
1701221184.044197,2341298.000,56984,2,PR,1,100,39397
1701221184.084189,2341338.000,56984,2,PR,1,100,39398
1701221184.124181,2341378.000,56999,3,PR,1,100,39389
1701221184.164173,2341418.000,56999,3,PR,1,100,39386
1701221184.204165,2341458.000,56999,3,PR,1,100,39345
1701221184.244157,2341498.000,57016,2,PR,1,100,39335
1701221184.284149,2341538.000,57016,2,PR,1,100,39313
1701221184.324141,2341578.000,57032,3,PR,1,100,39271
1701221184.364133,2341618.000,57032,3,PR,1,100,39275
1701221184.404125,2341658.000,57032,3,PR,1,100,39309
1701221184.444117,2341698.000,57049,2,PR,1,100,39327
1701221184.484109,2341738.000,57049,2,PR,1,100,39334
1701221184.524101,2341778.000,57065,3,PR,1,100,39357
1701221184.564093,2341818.000,57065,3,PR,1,100,39394
1701221184.604085,2341858.000,57065,3,PR,1,100,39441
1701221184.644077,2341898.000,57081,2,PR,1,100,39467
1701221184.684069,2341938.000,57081,2,PR,1,100,39472
1701221184.724061,2341978.000,57097,3,PR,1,100,39514
1701221184.764053,2342018.000,57097,3,PR,1,100,39523
1701221184.804045,2342058.000,57097,3,PR,1,100,39538
1701221184.844037,2342098.000,57115,3,PR,1,100,39539
1701221184.884029,2342138.000,57115,3,PR,1,100,39554
1701221184.924021,2342178.000,57115,3,PR,1,100,39559
1701221184.964013,2342218.000,57139,3,PR,1,100,39546
1701221185.004005,2342258.000,57139,3,PR,1,100,39538
1701221185.043997,2342298.000,57139,3,PR,1,100,39536
1701221185.083989,2342338.000,57155,3,PR,1,100,39550
1701221185.123981,2342378.000,57155,3,PR,1,100,39515
1701221185.163973,2342418.000,57155,3,PR,1,100,39521
1701221185.203965,2342458.000,57171,2,PR,1,100,39529
1701221185.243957,2342498.000,57171,2,PR,1,100,39501
1701221185.283949,2342538.000,57187,3,PR,1,100,39484
1701221185.323941,2342578.000,57187,3,PR,1,100,39469
1701221185.363933,2342618.000,57187,3,PR,1,100,39467
1701221185.403925,2342658.000,57204,2,PR,1,100,39456
1701221185.443917,2342698.000,57204,2,PR,1,100,39443
1701221185.483909,2342738.000,57223,3,PR,1,100,39429
1701221185.523901,2342778.000,57223,3,PR,1,100,39426
1701221185.563893,2342818.000,57223,3,PR,1,100,39399
1701221185.603885,2342858.000,57239,3,PR,1,100,39395
1701221185.643878,2342898.000,57239,3,PR,1,100,39413
1701221185.683869,2342938.000,57239,3,PR,1,100,39412
1701221185.723861,2342978.000,57254,2,PR,1,100,39423
1701221185.763854,2343018.000,57254,2,PR,1,100,39427
1701221185.803845,2343058.000,57274,3,PR,1,100,39413
1701221185.843837,2343098.000,57274,3,PR,1,100,39380
1701221185.883830,2343138.000,57274,3,PR,1,100,39319
1701221185.923821,2343178.000,57290,2,PR,1,100,39252
1701221185.963814,2343218.000,57290,2,PR,1,100,39274
1701221186.003806,2343258.000,57308,3,PR,1,100,39295
1701221186.043797,2343298.000,57308,3,PR,1,100,39300
1701221186.083790,2343338.000,57308,3,PR,1,100,39321
1701221186.123781,2343378.000,57326,2,PR,1,100,39344
1701221186.163774,2343418.000,57326,2,PR,1,100,39347
1701221186.203766,2343458.000,57343,3,PR,1,100,39372
1701221186.243757,2343498.000,57343,3,PR,1,100,39406
1701221186.283750,2343538.000,57343,3,PR,1,100,39443
1701221186.323742,2343578.000,57359,2,PR,1,100,39464
1701221186.363734,2343618.000,57359,2,PR,1,100,39461
1701221186.403726,2343658.000,57376,3,PR,1,100,39476
1701221186.443718,2343698.000,57376,3,PR,1,100,39514
1701221186.483710,2343738.000,57376,3,PR,1,100,39526
1701221186.523702,2343778.000,57391,3,PR,1,100,39537
1701221186.563694,2343818.000,57391,3,PR,1,100,39569
1701221186.603686,2343858.000,57391,3,PR,1,100,39591
1701221186.643678,2343898.000,57408,2,PR,1,100,39622
1701221186.683670,2343938.000,57408,2,PR,1,100,39639
1701221186.723662,2343978.000,57424,3,PR,1,100,39657
1701221186.763654,2344018.000,57424,3,PR,1,100,39651
1701221186.803646,2344058.000,57424,3,PR,1,100,39652
1701221186.843638,2344098.000,57442,2,PR,1,100,39639
1701221186.883630,2344138.000,57442,2,PR,1,100,39628
1701221186.923622,2344178.000,57456,3,PR,1,100,39630
1701221186.963614,2344218.000,57456,3,PR,1,100,39617
1701221187.003606,2344258.000,57456,3,PR,1,100,39611
1701221187.043598,2344298.000,57473,2,PR,1,100,39578
1701221187.083590,2344338.000,57473,2,PR,1,100,39564
1701221187.123582,2344378.000,57490,3,PR,1,100,39566
1701221187.163574,2344418.000,57490,3,PR,1,100,39556
1701221187.203566,2344458.000,57490,3,PR,1,100,39561
1701221187.243558,2344498.000,57507,2,PR,1,100,39570
1701221187.283550,2344538.000,57507,2,PR,1,100,39555
1701221187.323542,2344578.000,57521,3,PR,1,100,39562
1701221187.363534,2344618.000,57521,3,PR,1,100,39584
1701221187.403526,2344658.000,57521,3,PR,1,100,39626
1701221187.443518,2344698.000,57540,2,PR,1,100,39668
1701221187.483510,2344738.000,57540,2,PR,1,100,39720
1701221187.523502,2344778.000,57557,3,PR,1,100,39740
1701221187.563494,2344818.000,57557,3,PR,1,100,39795
1701221187.603486,2344858.000,57557,3,PR,1,100,39826
1701221187.643478,2344898.000,57574,2,PR,1,100,39831
1701221187.683470,2344938.000,57574,2,PR,1,100,39843
1701221187.723462,2344978.000,57589,3,PR,1,100,39853
1701221187.763454,2345018.000,57589,3,PR,1,100,39874
1701221187.803446,2345058.000,57589,3,PR,1,100,39862
1701221187.843438,2345098.000,57606,2,PR,1,100,39864
1701221187.883430,2345138.000,57606,2,PR,1,100,39859
1701221187.923422,2345178.000,57624,3,PR,1,100,39868
1701221187.963414,2345218.000,57624,3,PR,1,100,39845
1701221188.003406,2345258.000,57624,3,PR,1,100,39824
1701221188.049897,2345304.500,57641,2,PR,1,100,39817
1701221188.096387,2345351.000,57641,2,PR,1,100,39792
1701221188.136379,2345391.000,57658,3,PR,1,100,39765
1701221188.176372,2345431.000,57658,3,PR,1,100,39715
1701221188.216363,2345471.000,57658,3,PR,1,100,39687
1701221188.256356,2345511.000,57673,2,PR,1,100,39691
1701221188.296348,2345551.000,57673,2,PR,1,100,39660
1701221188.336339,2345591.000,57689,3,PR,1,100,39653
1701221188.376332,2345631.000,57689,3,PR,1,100,39678
1701221188.416324,2345671.000,57689,3,PR,1,100,39688
1701221188.456316,2345711.000,57707,2,PR,1,100,39667
1701221188.496308,2345751.000,57707,2,PR,1,100,39706
1701221188.536300,2345791.000,57725,3,PR,1,100,39732
1701221188.576292,2345831.000,57725,3,PR,1,100,39724
1701221188.616284,2345871.000,57725,3,PR,1,100,39726
1701221188.656276,2345911.000,57740,2,PR,1,100,39734
1701221188.696268,2345951.000,57740,2,PR,1,100,39755
1701221188.736260,2345991.000,57756,3,PR,1,100,39738
1701221188.776252,2346031.000,57756,3,PR,1,100,39752
1701221188.816244,2346071.000,57756,3,PR,1,100,39761
1701221188.856236,2346111.000,57774,3,PR,1,100,39764
1701221188.896228,2346151.000,57774,3,PR,1,100,39761
1701221188.936220,2346191.000,57774,3,PR,1,100,39763
1701221188.976212,2346231.000,57790,2,PR,1,100,39752
1701221189.016204,2346271.000,57790,2,PR,1,100,39757
1701221189.056196,2346311.000,57805,3,PR,1,100,39751
1701221189.096188,2346351.000,57805,3,PR,1,100,39737
1701221189.136180,2346391.000,57805,3,PR,1,100,39742
1701221189.176172,2346431.000,57822,2,PR,1,100,39741
1701221189.216164,2346471.000,57822,2,PR,1,100,39735
1701221189.256156,2346511.000,57839,3,PR,1,100,39719
1701221189.296148,2346551.000,57839,3,PR,1,100,39727
1701221189.336140,2346591.000,57839,3,PR,1,100,39724
1701221189.376132,2346631.000,57855,2,PR,1,100,39712
1701221189.416124,2346671.000,57855,2,PR,1,100,39740
1701221189.456116,2346711.000,57873,3,PR,1,100,39734
1701221189.496108,2346751.000,57873,3,PR,1,100,39730
1701221189.536100,2346791.000,57873,3,PR,1,100,39718
1701221189.576092,2346831.000,57889,2,PR,1,100,39709
1701221189.616084,2346871.000,57889,2,PR,1,100,39721
1701221189.656076,2346911.000,57906,3,PR,1,100,39709
1701221189.696068,2346951.000,57906,3,PR,1,100,39699
1701221189.736060,2346991.000,57906,3,PR,1,100,39708
1701221189.776052,2347031.000,57922,2,PR,1,100,39726
1701221189.816044,2347071.000,57922,2,PR,1,100,39721
1701221189.856036,2347111.000,57939,3,PR,1,100,39717
1701221189.896028,2347151.000,57939,3,PR,1,100,39711
1701221189.936020,2347191.000,57939,3,PR,1,100,39717
1701221189.976012,2347231.000,57954,2,PR,1,100,39727
1701221190.016004,2347271.000,57954,2,PR,1,100,39722
1701221190.055996,2347311.000,57977,4,PR,1,100,39712
1701221190.095988,2347351.000,57977,4,PR,1,100,39729
1701221190.135980,2347391.000,57977,4,PR,1,100,39720
1701221190.175972,2347431.000,57977,4,PR,1,100,39708
1701221190.215964,2347471.000,57993,2,PR,1,100,39688
1701221190.255956,2347511.000,57993,2,PR,1,100,39703
1701221190.295948,2347551.000,58010,3,PR,1,100,39677
1701221190.335940,2347591.000,58010,3,PR,1,100,39678
1701221190.375932,2347631.000,58010,3,PR,1,100,39690
1701221190.415924,2347671.000,58026,3,PR,1,100,39690
1701221190.455916,2347711.000,58026,3,PR,1,100,39674
1701221190.495908,2347751.000,58026,3,PR,1,100,39688
1701221190.535900,2347791.000,58042,2,PR,1,100,39688
1701221190.575892,2347831.000,58042,2,PR,1,100,39660
1701221190.615884,2347871.000,58058,3,PR,1,100,39663
1701221190.655876,2347911.000,58058,3,PR,1,100,39666
1701221190.695868,2347951.000,58058,3,PR,1,100,39678
1701221190.735860,2347991.000,58077,2,PR,1,100,39665
1701221190.775852,2348031.000,58077,2,PR,1,100,39665
1701221190.815844,2348071.000,58094,3,PR,1,100,39670
1701221190.855836,2348111.000,58094,3,PR,1,100,39667
1701221190.895828,2348151.000,58094,3,PR,1,100,39663
1701221190.935820,2348191.000,58109,2,PR,1,100,39675
1701221190.975812,2348231.000,58109,2,PR,1,100,39660
1701221191.015804,2348271.000,58125,3,PR,1,100,39657
1701221191.055796,2348311.000,58125,3,PR,1,100,39658
1701221191.095788,2348351.000,58125,3,PR,1,100,39667
1701221191.135780,2348391.000,58143,2,PR,1,100,39658
1701221191.175772,2348431.000,58143,2,PR,1,100,39667
1701221191.215764,2348471.000,58159,3,PR,1,100,39654
1701221191.255756,2348511.000,58159,3,PR,1,100,39665
1701221191.295748,2348551.000,58159,3,PR,1,100,39665
1701221191.335740,2348591.000,58174,2,PR,1,100,39664
1701221191.375732,2348631.000,58174,2,PR,1,100,39653
1701221191.415725,2348671.000,58190,3,PR,1,100,39658
1701221191.455716,2348711.000,58190,3,PR,1,100,39671
1701221191.495708,2348751.000,58190,3,PR,1,100,39656
1701221191.535701,2348791.000,58208,2,PR,1,100,39650
1701221191.575692,2348831.000,58208,2,PR,1,100,39665
1701221191.615685,2348871.000,58224,3,PR,1,100,39665
1701221191.655676,2348911.000,58224,3,PR,1,100,39667
1701221191.695668,2348951.000,58224,3,PR,1,100,39666
1701221191.735661,2348991.000,58239,3,PR,1,100,39664
1701221191.775652,2349031.000,58239,3,PR,1,100,39668
1701221191.815645,2349071.000,58239,3,PR,1,100,39671
1701221191.855637,2349111.000,58256,2,PR,1,100,39664
1701221191.895628,2349151.000,58256,2,PR,1,100,39664
1701221191.935621,2349191.000,58273,3,PR,1,100,39654
1701221191.975613,2349231.000,58273,3,PR,1,100,39657
1701221192.015604,2349271.000,58273,3,PR,1,100,39670
1701221192.055597,2349311.000,58289,3,PR,1,100,39655
1701221192.095589,2349351.000,58289,3,PR,1,100,39658
1701221192.135581,2349391.000,58289,3,PR,1,100,39672
1701221192.175573,2349431.000,58307,2,PR,1,100,39652
1701221192.215565,2349471.000,58307,2,PR,1,100,39641
1701221192.255557,2349511.000,58324,3,PR,1,100,39659
1701221192.295549,2349551.000,58324,3,PR,1,100,39663
1701221192.335541,2349591.000,58324,3,PR,1,100,39654
1701221192.375533,2349631.000,58342,3,PR,1,100,39653
1701221192.415525,2349671.000,58342,3,PR,1,100,39657
1701221192.455517,2349711.000,58342,3,PR,1,100,39651
1701221192.495509,2349751.000,58359,2,PR,1,100,39649
1701221192.535501,2349791.000,58359,2,PR,1,100,39661
1701221192.575493,2349831.000,58376,3,PR,1,100,39662
1701221192.615485,2349871.000,58376,3,PR,1,100,39659
1701221192.655477,2349911.000,58376,3,PR,1,100,39655
1701221192.695469,2349951.000,58392,2,PR,1,100,39666
1701221192.735461,2349991.000,58392,2,PR,1,100,39674
1701221192.775453,2350031.000,58408,3,PR,1,100,39670
1701221192.815445,2350071.000,58408,3,PR,1,100,39664
1701221192.855437,2350111.000,58408,3,PR,1,100,39667
1701221192.895429,2350151.000,58426,2,PR,1,100,39663
1701221192.935421,2350191.000,58426,2,PR,1,100,39667
1701221192.975413,2350231.000,58443,3,PR,1,100,39652
1701221193.015405,2350271.000,58443,3,PR,1,100,39654
1701221193.055397,2350311.000,58443,3,PR,1,100,39669
1701221193.101887,2350357.500,58459,2,PR,1,100,39667
1701221193.148378,2350404.000,58459,2,PR,1,100,39661
1701221193.188370,2350444.000,58475,3,PR,1,100,39671
1701221193.228362,2350484.000,58475,3,PR,1,100,39662
1701221193.268354,2350524.000,58475,3,PR,1,100,39650
1701221193.308346,2350564.000,58491,2,PR,1,100,39647
1701221193.348338,2350604.000,58491,2,PR,1,100,39634
1701221193.388330,2350644.000,58508,3,PR,1,100,39629
1701221193.428322,2350684.000,58508,3,PR,1,100,39652
1701221193.468314,2350724.000,58508,3,PR,1,100,39633
1701221193.508307,2350764.000,58525,2,PR,1,100,39656
1701221193.548298,2350804.000,58525,2,PR,1,100,39644
1701221193.588290,2350844.000,58540,3,PR,1,100,39641
1701221193.628283,2350884.000,58540,3,PR,1,100,39655
1701221193.668274,2350924.000,58540,3,PR,1,100,39636
1701221193.708266,2350964.000,58556,2,PR,1,100,39636
1701221193.748258,2351004.000,58556,2,PR,1,100,39636
1701221193.788250,2351044.000,58574,3,PR,1,100,39650
1701221193.828243,2351084.000,58574,3,PR,1,100,39645
1701221193.868234,2351124.000,58574,3,PR,1,100,39642
1701221193.908226,2351164.000,58590,2,PR,1,100,39644
1701221193.948219,2351204.000,58590,2,PR,1,100,39633
1701221193.988210,2351244.000,58606,3,PR,1,100,39627
1701221194.028203,2351284.000,58606,3,PR,1,100,39636
1701221194.068195,2351324.000,58606,3,PR,1,100,39641
1701221194.108186,2351364.000,58621,2,PR,1,100,39621
1701221194.148179,2351404.000,58621,2,PR,1,100,39632
1701221194.188171,2351444.000,58639,3,PR,1,100,39628
1701221194.228163,2351484.000,58639,3,PR,1,100,39625
1701221194.268155,2351524.000,58639,3,PR,1,100,39623
1701221194.308147,2351564.000,58655,2,PR,1,100,39627
1701221194.348139,2351604.000,58655,2,PR,1,100,39631
1701221194.388131,2351644.000,58671,3,PR,1,100,39629
1701221194.428123,2351684.000,58671,3,PR,1,100,39648
1701221194.468115,2351724.000,58671,3,PR,1,100,39626
1701221194.508107,2351764.000,58687,3,PR,1,100,39626
1701221194.548099,2351804.000,58687,3,PR,1,100,39618
1701221194.588091,2351844.000,58687,3,PR,1,100,39632
1701221194.628083,2351884.000,58704,2,PR,1,100,39612
1701221194.668075,2351924.000,58704,2,PR,1,100,39619
1701221194.708067,2351964.000,58722,3,PR,1,100,39630
1701221194.748059,2352004.000,58722,3,PR,1,100,39614
1701221194.788051,2352044.000,58722,3,PR,1,100,39621
1701221194.828043,2352084.000,58740,2,PR,1,100,39614
1701221194.868035,2352124.000,58740,2,PR,1,100,39608
1701221194.908027,2352164.000,58754,3,PR,1,100,39614
1701221194.948019,2352204.000,58754,3,PR,1,100,39614
1701221194.988011,2352244.000,58754,3,PR,1,100,39595
1701221195.028003,2352284.000,58771,2,PR,1,100,39607
1701221195.067995,2352324.000,58771,2,PR,1,100,39619
1701221195.107987,2352364.000,58794,6,PR,1,100,39612
1701221195.147979,2352404.000,58794,6,PR,1,100,39611
1701221195.187971,2352444.000,58794,6,PR,1,100,39611
1701221195.227963,2352484.000,58794,6,PR,1,100,39617
1701221195.267955,2352524.000,58794,6,PR,1,100,39616
1701221195.307947,2352564.000,58794,6,PR,1,100,39608
1701221195.347939,2352604.000,58810,2,PR,1,100,39616
1701221195.387931,2352644.000,58810,2,PR,1,100,39600
1701221195.427923,2352684.000,58826,3,PR,1,100,39610
1701221195.467915,2352724.000,58826,3,PR,1,100,39599
1701221195.507907,2352764.000,58826,3,PR,1,100,39597
1701221195.547899,2352804.000,58843,2,PR,1,100,39605
1701221195.587891,2352844.000,58843,2,PR,1,100,39605
1701221195.627883,2352884.000,58860,3,PR,1,100,39596
1701221195.667875,2352924.000,58860,3,PR,1,100,39611
1701221195.707867,2352964.000,58860,3,PR,1,100,39599
1701221195.747859,2353004.000,58875,2,PR,1,100,39603
1701221195.787851,2353044.000,58875,2,PR,1,100,39596
1701221195.827843,2353084.000,58892,3,PR,1,100,39588
1701221195.867835,2353124.000,58892,3,PR,1,100,39600
1701221195.907827,2353164.000,58892,3,PR,1,100,39595
1701221195.947819,2353204.000,58908,2,PR,1,100,39589
1701221195.987811,2353244.000,58908,2,PR,1,100,39602
1701221196.027803,2353284.000,58925,3,PR,1,100,39586
1701221196.067795,2353324.000,58925,3,PR,1,100,39585
1701221196.107787,2353364.000,58925,3,PR,1,100,39583
1701221196.147779,2353404.000,58942,2,PR,1,100,39586
1701221196.187771,2353444.000,58942,2,PR,1,100,39583
1701221196.227763,2353484.000,58957,3,PR,1,100,39575
1701221196.267755,2353524.000,58957,3,PR,1,100,39588
1701221196.307747,2353564.000,58957,3,PR,1,100,39592
1701221196.347406,2353603.667,58973,3,PR,1,100,39583
1701221196.387065,2353643.333,58973,3,PR,1,100,39573
1701221196.426723,2353683.000,58973,3,PR,1,100,39563
1701221196.467215,2353723.500,58991,2,PR,1,100,39568
1701221196.507707,2353764.000,58991,2,PR,1,100,39573
1701221196.547366,2353803.667,59007,3,PR,1,100,39569
1701221196.587025,2353843.333,59007,3,PR,1,100,39553
1701221196.626683,2353883.000,59007,3,PR,1,100,39578
1701221196.667175,2353923.500,59022,2,PR,1,100,39559
1701221196.707667,2353964.000,59022,2,PR,1,100,39545
1701221196.747659,2354004.000,59038,3,PR,1,100,39545
1701221196.787651,2354044.000,59038,3,PR,1,100,39553
1701221196.827643,2354084.000,59038,3,PR,1,100,39545
1701221196.867136,2354123.500,59056,2,PR,1,100,39541
1701221196.906627,2354163.000,59056,2,PR,1,100,39535
1701221196.946620,2354203.000,59072,3,PR,1,100,39534
1701221196.986612,2354243.000,59072,3,PR,1,100,39533
1701221197.026603,2354283.000,59072,3,PR,1,100,39534
1701221197.066596,2354323.000,59087,2,PR,1,100,39543
1701221197.106588,2354363.000,59087,2,PR,1,100,39536
1701221197.146913,2354403.333,59104,3,PR,1,100,39535
1701221197.187238,2354443.667,59104,3,PR,1,100,39533
1701221197.227563,2354484.000,59104,3,PR,1,100,39543
1701221197.267056,2354523.500,59121,2,PR,1,100,39539
1701221197.306548,2354563.000,59121,2,PR,1,100,39539
1701221197.346540,2354603.000,59137,3,PR,1,100,39541
1701221197.386532,2354643.000,59137,3,PR,1,100,39533
1701221197.426524,2354683.000,59137,3,PR,1,100,39544
1701221197.467016,2354723.500,59153,2,PR,1,100,39538
1701221197.507508,2354764.000,59153,2,PR,1,100,39530
1701221197.547166,2354803.667,59169,3,PR,1,100,39527
1701221197.586825,2354843.333,59169,3,PR,1,100,39529
1701221197.626484,2354883.000,59169,3,PR,1,100,39526
1701221197.666476,2354923.000,59186,2,PR,1,100,39514
1701221197.706468,2354963.000,59186,2,PR,1,100,39529
1701221197.746793,2355003.333,59202,3,PR,1,100,39531
1701221197.787118,2355043.667,59202,3,PR,1,100,39494
1701221197.827444,2355084.000,59202,3,PR,1,100,39515
1701221197.867102,2355123.667,59221,3,PR,1,100,39512
1701221197.906761,2355163.333,59221,3,PR,1,100,39524
1701221197.946420,2355203.000,59221,3,PR,1,100,39519
1701221197.986412,2355243.000,59236,2,PR,1,100,39515
1701221198.026404,2355283.000,59236,2,PR,1,100,39509
1701221198.066896,2355323.500,59253,2,PR,1,100,39525
1701221198.107388,2355364.000,59253,2,PR,1,100,39527
1701221198.151712,2355408.333,59270,3,PR,1,100,39500
1701221198.196037,2355452.667,59270,3,PR,1,100,39539
1701221198.240361,2355497.000,59270,3,PR,1,100,39521
1701221198.280353,2355537.000,59287,2,PR,1,100,39514
1701221198.320345,2355577.000,59287,2,PR,1,100,39519
1701221198.360337,2355617.000,59301,3,PR,1,100,39519
1701221198.400329,2355657.000,59301,3,PR,1,100,39512
1701221198.440321,2355697.000,59301,3,PR,1,100,39504
1701221198.480313,2355737.000,59319,3,PR,1,100,39514
1701221198.520305,2355777.000,59319,3,PR,1,100,39507
1701221198.560297,2355817.000,59319,3,PR,1,100,39500
1701221198.600289,2355857.000,59335,2,PR,1,100,39494
1701221198.640281,2355897.000,59335,2,PR,1,100,39499
1701221198.680273,2355937.000,59352,3,PR,1,100,39509
1701221198.720265,2355977.000,59352,3,PR,1,100,39502
1701221198.760257,2356017.000,59352,3,PR,1,100,39500
1701221198.800249,2356057.000,59367,2,PR,1,100,39514
1701221198.840241,2356097.000,59367,2,PR,1,100,39510
1701221198.880233,2356137.000,59384,3,PR,1,100,39503
1701221198.920225,2356177.000,59384,3,PR,1,100,39492
1701221198.960217,2356217.000,59384,3,PR,1,100,39497
1701221199.000209,2356257.000,59400,2,PR,1,100,39499
1701221199.040201,2356297.000,59400,2,PR,1,100,39489
1701221199.080193,2356337.000,59417,3,PR,1,100,39486
1701221199.120185,2356377.000,59417,3,PR,1,100,39508
1701221199.160177,2356417.000,59417,3,PR,1,100,39502
1701221199.200169,2356457.000,59432,2,PR,1,100,39498
1701221199.240161,2356497.000,59432,2,PR,1,100,39484
1701221199.280153,2356537.000,59449,3,PR,1,100,39478
1701221199.320145,2356577.000,59449,3,PR,1,100,39487
1701221199.360137,2356617.000,59449,3,PR,1,100,39494
1701221199.400129,2356657.000,59465,2,PR,1,100,39490
1701221199.440121,2356697.000,59465,2,PR,1,100,39496
1701221199.480114,2356737.000,59483,3,PR,1,100,39491
1701221199.520105,2356777.000,59483,3,PR,1,100,39470
1701221199.560097,2356817.000,59483,3,PR,1,100,39480
1701221199.600090,2356857.000,59497,2,PR,1,100,39487
1701221199.640081,2356897.000,59497,2,PR,1,100,39472
1701221199.680073,2356937.000,59514,3,PR,1,100,39473
1701221199.720066,2356977.000,59514,3,PR,1,100,39493
1701221199.760057,2357017.000,59514,3,PR,1,100,39494
1701221199.800050,2357057.000,59533,3,PR,1,100,39490
1701221199.840042,2357097.000,59533,3,PR,1,100,39481
1701221199.880033,2357137.000,59533,3,PR,1,100,39475
1701221199.920026,2357177.000,59550,2,PR,1,100,39481
1701221199.960018,2357217.000,59550,2,PR,1,100,39489
1701221200.000010,2357257.000,59565,3,PR,1,100,39481
1701221200.040002,2357297.000,59565,3,PR,1,100,39470
1701221200.079994,2357337.000,59565,3,PR,1,100,39465
1701221200.119986,2357377.000,59582,2,PR,1,100,39465
1701221200.159978,2357417.000,59582,2,PR,1,100,39448
1701221200.199636,2357456.667,59598,3,PR,1,100,39448
1701221200.239295,2357496.333,59598,3,PR,1,100,39447
1701221200.278954,2357536.000,59598,3,PR,1,100,39460
1701221200.318946,2357576.000,59618,3,PR,1,100,39460
1701221200.358938,2357616.000,59618,3,PR,1,100,39449
1701221200.398930,2357656.000,59618,3,PR,1,100,39472
1701221200.438922,2357696.000,59635,3,PR,1,100,39477
1701221200.478914,2357736.000,59635,3,PR,1,100,39471
1701221200.518906,2357776.000,59635,3,PR,1,100,39482
1701221200.558898,2357816.000,59652,2,PR,1,100,39460
1701221200.598890,2357856.000,59652,2,PR,1,100,39461
1701221200.638882,2357896.000,59666,3,PR,1,100,39461
1701221200.678874,2357936.000,59666,3,PR,1,100,39461
1701221200.718866,2357976.000,59666,3,PR,1,100,39460
1701221200.758858,2358016.000,59683,2,PR,1,100,39462
1701221200.798850,2358056.000,59683,2,PR,1,100,39453
1701221200.838842,2358096.000,59700,3,PR,1,100,39456
1701221200.878834,2358136.000,59700,3,PR,1,100,39468
1701221200.918826,2358176.000,59700,3,PR,1,100,39478
1701221200.958818,2358216.000,59719,3,PR,1,100,39492
1701221200.998810,2358256.000,59719,3,PR,1,100,39480
1701221201.038802,2358296.000,59719,3,PR,1,100,39480
1701221201.078794,2358336.000,59735,2,PR,1,100,39475
1701221201.118786,2358376.000,59735,2,PR,1,100,39474
1701221201.158778,2358416.000,59753,3,PR,1,100,39479
1701221201.198770,2358456.000,59753,3,PR,1,100,39463
1701221201.238762,2358496.000,59753,3,PR,1,100,39462
1701221201.278754,2358536.000,59769,2,PR,1,100,39462
1701221201.318746,2358576.000,59769,2,PR,1,100,39478
1701221201.358738,2358616.000,59786,3,PR,1,100,39482
1701221201.398730,2358656.000,59786,3,PR,1,100,39470
1701221201.438722,2358696.000,59786,3,PR,1,100,39471
1701221201.478714,2358736.000,59804,2,PR,1,100,39477
1701221201.518706,2358776.000,59804,2,PR,1,100,39479
1701221201.558698,2358816.000,59820,3,PR,1,100,39471
1701221201.598690,2358856.000,59820,3,PR,1,100,39485
1701221201.638682,2358896.000,59820,3,PR,1,100,39478
1701221201.678674,2358936.000,59836,2,PR,1,100,39473
1701221201.718666,2358976.000,59836,2,PR,1,100,39479
1701221201.758658,2359016.000,59853,3,PR,1,100,39482
1701221201.798650,2359056.000,59853,3,PR,1,100,39475
1701221201.838642,2359096.000,59853,3,PR,1,100,39476
1701221201.878634,2359136.000,59869,2,PR,1,100,39474
1701221201.918626,2359176.000,59869,2,PR,1,100,39457
1701221201.958618,2359216.000,59885,3,PR,1,100,39465
1701221201.998610,2359256.000,59885,3,PR,1,100,39476
1701221202.038602,2359296.000,59885,3,PR,1,100,39471
1701221202.078594,2359336.000,59901,2,PR,1,100,39463
1701221202.118586,2359376.000,59901,2,PR,1,100,39462
1701221202.158578,2359416.000,59919,3,PR,1,100,39464
1701221202.198570,2359456.000,59919,3,PR,1,100,39471
1701221202.238562,2359496.000,59919,3,PR,1,100,39480
1701221202.278554,2359536.000,59935,3,PR,1,100,39480
1701221202.318547,2359576.000,59935,3,PR,1,100,39461
1701221202.358538,2359616.000,59935,3,PR,1,100,39469
1701221202.398530,2359656.000,59950,2,PR,1,100,39463
1701221202.438523,2359696.000,59950,2,PR,1,100,39463
1701221202.478514,2359736.000,59967,3,PR,1,100,39461
1701221202.518507,2359776.000,59967,3,PR,1,100,39458
1701221202.558498,2359816.000,59967,3,PR,1,100,39461
1701221202.598490,2359856.000,59984,2,PR,1,100,39465
1701221202.638483,2359896.000,59984,2,PR,1,100,39471
1701221202.678474,2359936.000,60002,3,PR,1,100,39459
1701221202.718467,2359976.000,60002,3,PR,1,100,39442
1701221202.758459,2360016.000,60002,3,PR,1,100,39436
1701221202.798450,2360056.000,60018,2,PR,1,100,39438
1701221202.838443,2360096.000,60018,2,PR,1,100,39414
1701221202.878435,2360136.000,60036,3,PR,1,100,39415
1701221202.918427,2360176.000,60036,3,PR,1,100,39432
1701221202.958419,2360216.000,60036,3,PR,1,100,39419
1701221202.998411,2360256.000,60053,2,PR,1,100,39404
1701221203.038403,2360296.000,60053,2,PR,1,100,39431
1701221203.078395,2360336.000,60071,3,PR,1,100,39484
1701221203.118387,2360376.000,60071,3,PR,1,100,39477
1701221203.158379,2360416.000,60071,3,PR,1,100,39487
1701221203.205369,2360463.000,60087,2,PR,1,100,39498
1701221203.252360,2360510.000,60087,2,PR,1,100,39496
1701221203.292019,2360549.667,60103,3,PR,1,100,39489
1701221203.331677,2360589.333,60103,3,PR,1,100,39471
1701221203.371336,2360629.000,60103,3,PR,1,100,39471
1701221203.411828,2360669.500,60120,2,PR,1,100,39478
1701221203.452320,2360710.000,60120,2,PR,1,100,39485
1701221203.491979,2360749.667,60137,3,PR,1,100,39466
1701221203.531637,2360789.333,60137,3,PR,1,100,39482
1701221203.571296,2360829.000,60137,3,PR,1,100,39471
1701221203.611788,2360869.500,60155,2,PR,1,100,39452
1701221203.652280,2360910.000,60155,2,PR,1,100,39461
1701221203.691939,2360949.667,60170,3,PR,1,100,39465
1701221203.731597,2360989.333,60170,3,PR,1,100,39452
1701221203.771256,2361029.000,60170,3,PR,1,100,39451
1701221203.811248,2361069.000,60188,2,PR,1,100,39466
1701221203.851240,2361109.000,60188,2,PR,1,100,39465
1701221203.891232,2361149.000,60204,3,PR,1,100,39461
1701221203.931224,2361189.000,60204,3,PR,1,100,39446
1701221203.971216,2361229.000,60204,3,PR,1,100,39456
1701221204.011708,2361269.500,60223,2,PR,1,100,39455
1701221204.052200,2361310.000,60223,2,PR,1,100,39459
1701221204.091859,2361349.667,60238,3,PR,1,100,39466
1701221204.131518,2361389.333,60238,3,PR,1,100,39457
1701221204.171176,2361429.000,60238,3,PR,1,100,39466
1701221204.211668,2361469.500,60257,2,PR,1,100,39470
1701221204.252160,2361510.000,60257,2,PR,1,100,39460
1701221204.291819,2361549.667,60273,3,PR,1,100,39460
1701221204.331478,2361589.333,60273,3,PR,1,100,39465
1701221204.371136,2361629.000,60273,3,PR,1,100,39454
1701221204.411462,2361669.333,60290,3,PR,1,100,39452
1701221204.451787,2361709.667,60290,3,PR,1,100,39469
1701221204.492112,2361750.000,60290,3,PR,1,100,39464
1701221204.531604,2361789.500,60305,2,PR,1,100,39457
1701221204.571096,2361829.000,60305,2,PR,1,100,39453
1701221204.611089,2361869.000,60322,3,PR,1,100,39461
1701221204.651080,2361909.000,60322,3,PR,1,100,39461
1701221204.691072,2361949.000,60322,3,PR,1,100,39457
1701221204.731065,2361989.000,60338,2,PR,1,100,39448
1701221204.771056,2362029.000,60338,2,PR,1,100,39457
1701221204.811049,2362069.000,60358,3,PR,1,100,39458
1701221204.851041,2362109.000,60358,3,PR,1,100,39457
1701221204.891032,2362149.000,60358,3,PR,1,100,39455
1701221204.931025,2362189.000,60372,2,PR,1,100,39455
1701221204.971017,2362229.000,60372,2,PR,1,100,39465
1701221205.011009,2362269.000,60389,3,PR,1,100,39463
1701221205.051001,2362309.000,60389,3,PR,1,100,39448
1701221205.090993,2362349.000,60389,3,PR,1,100,39465
1701221205.130985,2362389.000,60406,2,PR,1,100,39474
1701221205.170977,2362429.000,60406,2,PR,1,100,39458
1701221205.210969,2362469.000,60423,3,PR,1,100,39456
1701221205.250961,2362509.000,60423,3,PR,1,100,39467
1701221205.290953,2362549.000,60423,3,PR,1,100,39464
1701221205.330945,2362589.000,60438,3,PR,1,100,39458
1701221205.370937,2362629.000,60438,3,PR,1,100,39470
1701221205.410929,2362669.000,60438,3,PR,1,100,39459
1701221205.450921,2362709.000,60460,3,PR,1,100,39477
1701221205.490913,2362749.000,60460,3,PR,1,100,39463
1701221205.530905,2362789.000,60460,3,PR,1,100,39471
1701221205.570897,2362829.000,60476,3,PR,1,100,39479
1701221205.610889,2362869.000,60476,3,PR,1,100,39467
1701221205.650881,2362909.000,60476,3,PR,1,100,39461
1701221205.690873,2362949.000,60493,2,PR,1,100,39474
1701221205.730865,2362989.000,60493,2,PR,1,100,39475
1701221205.770857,2363029.000,60510,3,PR,1,100,39471
1701221205.810849,2363069.000,60510,3,PR,1,100,39470
1701221205.850841,2363109.000,60510,3,PR,1,100,39466
1701221205.890833,2363149.000,60527,2,PR,1,100,39470
1701221205.930825,2363189.000,60527,2,PR,1,100,39482
1701221205.970817,2363229.000,60541,3,PR,1,100,39483
1701221206.010809,2363269.000,60541,3,PR,1,100,39473
1701221206.050801,2363309.000,60541,3,PR,1,100,39481
1701221206.090793,2363349.000,60558,2,PR,1,100,39481
1701221206.130785,2363389.000,60558,2,PR,1,100,39464
1701221206.170777,2363429.000,60575,3,PR,1,100,39457
1701221206.210769,2363469.000,60575,3,PR,1,100,39478
1701221206.250761,2363509.000,60575,3,PR,1,100,39488
1701221206.290753,2363549.000,60592,2,PR,1,100,39472
1701221206.330745,2363589.000,60592,2,PR,1,100,39477
1701221206.370737,2363629.000,60606,3,PR,1,100,39480
1701221206.410729,2363669.000,60606,3,PR,1,100,39471
1701221206.450721,2363709.000,60606,3,PR,1,100,39461
1701221206.490713,2363749.000,60624,3,PR,1,100,39466
1701221206.530705,2363789.000,60624,3,PR,1,100,39449
1701221206.570697,2363829.000,60624,3,PR,1,100,39465
1701221206.610689,2363869.000,60640,2,PR,1,100,39459
1701221206.650681,2363909.000,60640,2,PR,1,100,39457
1701221206.690673,2363949.000,60657,3,PR,1,100,39466
1701221206.730665,2363989.000,60657,3,PR,1,100,39467
1701221206.770657,2364029.000,60657,3,PR,1,100,39459
1701221206.810649,2364069.000,60672,2,PR,1,100,39451
1701221206.850641,2364109.000,60672,2,PR,1,100,39457
1701221206.890633,2364149.000,60689,3,PR,1,100,39462
1701221206.930625,2364189.000,60689,3,PR,1,100,39440
1701221206.970617,2364229.000,60689,3,PR,1,100,39448
1701221207.010609,2364269.000,60705,2,PR,1,100,39457
1701221207.050601,2364309.000,60705,2,PR,1,100,39458
1701221207.090593,2364349.000,60722,3,PR,1,100,39457
1701221207.130585,2364389.000,60722,3,PR,1,100,39452
1701221207.170577,2364429.000,60722,3,PR,1,100,39457
1701221207.210569,2364469.000,60738,2,PR,1,100,39453
1701221207.250561,2364509.000,60738,2,PR,1,100,39443
1701221207.290553,2364549.000,60754,3,PR,1,100,39454
1701221207.330545,2364589.000,60754,3,PR,1,100,39447
1701221207.370537,2364629.000,60754,3,PR,1,100,39448
1701221207.410529,2364669.000,60770,2,PR,1,100,39436
1701221207.450521,2364709.000,60770,2,PR,1,100,39447
1701221207.490513,2364749.000,60788,3,PR,1,100,39444
1701221207.530505,2364789.000,60788,3,PR,1,100,39433
1701221207.570497,2364829.000,60788,3,PR,1,100,39449
1701221207.610489,2364869.000,60804,2,PR,1,100,39457
1701221207.650481,2364909.000,60804,2,PR,1,100,39453
1701221207.690473,2364949.000,60821,3,PR,1,100,39448
1701221207.730465,2364989.000,60821,3,PR,1,100,39449
1701221207.770457,2365029.000,60821,3,PR,1,100,39443
1701221207.810449,2365069.000,60838,2,PR,1,100,39464
1701221207.850441,2365109.000,60838,2,PR,1,100,39448
1701221207.890433,2365149.000,60857,3,PR,1,100,39459
1701221207.930425,2365189.000,60857,3,PR,1,100,39470
1701221207.970417,2365229.000,60857,3,PR,1,100,39456
1701221208.010409,2365269.000,60873,3,PR,1,100,39460
1701221208.050401,2365309.000,60873,3,PR,1,100,39445
1701221208.090394,2365349.000,60873,3,PR,1,100,39459
1701221208.130385,2365389.000,60889,2,PR,1,100,39439
1701221208.170377,2365429.000,60889,2,PR,1,100,39433
1701221208.216868,2365475.500,60905,2,PR,1,100,39429
1701221208.263359,2365522.000,60905,2,PR,1,100,39438
1701221208.303351,2365562.000,60922,3,PR,1,100,39432
1701221208.343343,2365602.000,60922,3,PR,1,100,39415
1701221208.383335,2365642.000,60922,3,PR,1,100,39414
1701221208.423327,2365682.000,60938,2,PR,1,100,39426
1701221208.463319,2365722.000,60938,2,PR,1,100,39422
1701221208.503311,2365762.000,60956,3,PR,1,100,39412
1701221208.543303,2365802.000,60956,3,PR,1,100,39430
1701221208.583295,2365842.000,60956,3,PR,1,100,39419
1701221208.623287,2365882.000,60972,2,PR,1,100,39415
1701221208.663279,2365922.000,60972,2,PR,1,100,39408
1701221208.703271,2365962.000,60989,3,PR,1,100,39430
1701221208.743263,2366002.000,60989,3,PR,1,100,39414
1701221208.783255,2366042.000,60989,3,PR,1,100,39402
1701221208.823247,2366082.000,61006,3,PR,1,100,39417
1701221208.863239,2366122.000,61006,3,PR,1,100,39412
1701221208.903231,2366162.000,61006,3,PR,1,100,39419
1701221208.943223,2366202.000,61021,2,PR,1,100,39411
1701221208.983215,2366242.000,61021,2,PR,1,100,39405
1701221209.023207,2366282.000,61037,3,PR,1,100,39402
1701221209.063199,2366322.000,61037,3,PR,1,100,39417
1701221209.103191,2366362.000,61037,3,PR,1,100,39409
1701221209.143183,2366402.000,61055,2,PR,1,100,39401
1701221209.183175,2366442.000,61055,2,PR,1,100,39420
1701221209.223167,2366482.000,61073,3,PR,1,100,39416
1701221209.263159,2366522.000,61073,3,PR,1,100,39405
1701221209.303151,2366562.000,61073,3,PR,1,100,39401
1701221209.343143,2366602.000,61089,2,PR,1,100,39412
1701221209.383135,2366642.000,61089,2,PR,1,100,39416
1701221209.423127,2366682.000,61104,3,PR,1,100,39390
1701221209.463119,2366722.000,61104,3,PR,1,100,39417
1701221209.503111,2366762.000,61104,3,PR,1,100,39411
1701221209.543103,2366802.000,61122,2,PR,1,100,39405
1701221209.583095,2366842.000,61122,2,PR,1,100,39395
1701221209.623087,2366882.000,61138,3,PR,1,100,39401
1701221209.663079,2366922.000,61138,3,PR,1,100,39395
1701221209.703071,2366962.000,61138,3,PR,1,100,39402
1701221209.743063,2367002.000,61154,2,PR,1,100,39395
1701221209.783055,2367042.000,61154,2,PR,1,100,39386
1701221209.823047,2367082.000,61170,3,PR,1,100,39392
1701221209.863039,2367122.000,61170,3,PR,1,100,39386
1701221209.903031,2367162.000,61170,3,PR,1,100,39383
1701221209.943023,2367202.000,61187,2,PR,1,100,39369
1701221209.983015,2367242.000,61187,2,PR,1,100,39379
1701221210.023007,2367282.000,61203,3,PR,1,100,39379
1701221210.062999,2367322.000,61203,3,PR,1,100,39382
1701221210.102991,2367362.000,61203,3,PR,1,100,39378
1701221210.142983,2367402.000,61221,3,PR,1,100,39373
1701221210.182975,2367442.000,61221,3,PR,1,100,39355
1701221210.222967,2367482.000,61221,3,PR,1,100,39362
1701221210.262959,2367522.000,61235,2,PR,1,100,39370
1701221210.302951,2367562.000,61235,2,PR,1,100,39338
1701221210.342943,2367602.000,61252,3,PR,1,100,39348
1701221210.382936,2367642.000,61252,3,PR,1,100,39355
1701221210.422927,2367682.000,61252,3,PR,1,100,39362
1701221210.462919,2367722.000,61269,2,PR,1,100,39334
1701221210.502912,2367762.000,61269,2,PR,1,100,39340
1701221210.542903,2367802.000,61293,4,PR,1,100,39338
1701221210.582896,2367842.000,61293,4,PR,1,100,39337
1701221210.622888,2367882.000,61293,4,PR,1,100,39327
1701221210.662879,2367922.000,61293,4,PR,1,100,39326
1701221210.702872,2367962.000,61309,2,PR,1,100,39315
1701221210.742864,2368002.000,61309,2,PR,1,100,39320
1701221210.782856,2368042.000,61326,3,PR,1,100,39317
1701221210.822848,2368082.000,61326,3,PR,1,100,39340
1701221210.862840,2368122.000,61326,3,PR,1,100,39318
1701221210.902832,2368162.000,61341,2,PR,1,100,39325
1701221210.942824,2368202.000,61341,2,PR,1,100,39325
1701221210.982816,2368242.000,61360,3,PR,1,100,39332
1701221211.022808,2368282.000,61360,3,PR,1,100,39334
1701221211.062800,2368322.000,61360,3,PR,1,100,39330
1701221211.102792,2368362.000,61376,2,PR,1,100,39316
1701221211.142784,2368402.000,61376,2,PR,1,100,39312
1701221211.182776,2368442.000,61393,3,PR,1,100,39317
1701221211.222768,2368482.000,61393,3,PR,1,100,39338
1701221211.262760,2368522.000,61393,3,PR,1,100,39332
1701221211.302752,2368562.000,61408,3,PR,1,100,39354
1701221211.342744,2368602.000,61408,3,PR,1,100,39341
1701221211.382736,2368642.000,61408,3,PR,1,100,39332
1701221211.422728,2368682.000,61425,2,PR,1,100,39329
1701221211.462720,2368722.000,61425,2,PR,1,100,39326
1701221211.502712,2368762.000,61442,3,PR,1,100,39320
1701221211.542704,2368802.000,61442,3,PR,1,100,39339
1701221211.582696,2368842.000,61442,3,PR,1,100,39346
1701221211.622688,2368882.000,61459,2,PR,1,100,39351
1701221211.662680,2368922.000,61459,2,PR,1,100,39337
1701221211.702672,2368962.000,61473,3,PR,1,100,39338
1701221211.742664,2369002.000,61473,3,PR,1,100,39334
1701221211.782656,2369042.000,61473,3,PR,1,100,39341
1701221211.822648,2369082.000,61491,2,PR,1,100,39350
1701221211.862640,2369122.000,61491,2,PR,1,100,39333
1701221211.902632,2369162.000,61507,3,PR,1,100,39344
1701221211.942624,2369202.000,61507,3,PR,1,100,39347
1701221211.982616,2369242.000,61507,3,PR,1,100,39351
1701221212.022608,2369282.000,61524,2,PR,1,100,39330
1701221212.062600,2369322.000,61524,2,PR,1,100,39338
1701221212.102592,2369362.000,61539,3,PR,1,100,39339
1701221212.142584,2369402.000,61539,3,PR,1,100,39337
1701221212.182576,2369442.000,61539,3,PR,1,100,39330
1701221212.222568,2369482.000,61558,2,PR,1,100,39321
1701221212.262560,2369522.000,61558,2,PR,1,100,39344
1701221212.302552,2369562.000,61574,3,PR,1,100,39334
1701221212.342544,2369602.000,61574,3,PR,1,100,39328
1701221212.382536,2369642.000,61574,3,PR,1,100,39333
1701221212.422528,2369682.000,61591,2,PR,1,100,39341
1701221212.462520,2369722.000,61591,2,PR,1,100,39344
1701221212.502512,2369762.000,61606,3,PR,1,100,39329
1701221212.542504,2369802.000,61606,3,PR,1,100,39302
1701221212.582496,2369842.000,61606,3,PR,1,100,39314
1701221212.622488,2369882.000,61623,3,PR,1,100,39313
1701221212.662480,2369922.000,61623,3,PR,1,100,39290
1701221212.702472,2369962.000,61623,3,PR,1,100,39303
1701221212.742464,2370002.000,61639,2,PR,1,100,39321
1701221212.782456,2370042.000,61639,2,PR,1,100,39307
1701221212.822448,2370082.000,61657,3,PR,1,100,39316
1701221212.862440,2370122.000,61657,3,PR,1,100,39322
1701221212.902432,2370162.000,61657,3,PR,1,100,39323
1701221212.942424,2370202.000,61674,2,PR,1,100,39313
1701221212.982416,2370242.000,61674,2,PR,1,100,39308
1701221213.022408,2370282.000,61690,2,PR,1,100,39320
1701221213.062400,2370322.000,61690,2,PR,1,100,39307
1701221213.106725,2370366.333,61707,3,PR,1,100,39300
1701221213.151049,2370410.667,61707,3,PR,1,100,39315
1701221213.195374,2370455.000,61707,3,PR,1,100,39300
1701221213.235366,2370495.000,61724,2,PR,1,100,39298
1701221213.275358,2370535.000,61724,2,PR,1,100,39298
1701221213.315350,2370575.000,61739,3,PR,1,100,39305
1701221213.355342,2370615.000,61739,3,PR,1,100,39317
1701221213.395334,2370655.000,61739,3,PR,1,100,39294
1701221213.435326,2370695.000,61756,3,PR,1,100,39315
1701221213.475318,2370735.000,61756,3,PR,1,100,39313
1701221213.515310,2370775.000,61756,3,PR,1,100,39312
1701221213.555302,2370815.000,61772,2,PR,1,100,39302
1701221213.595294,2370855.000,61772,2,PR,1,100,39296
1701221213.635286,2370895.000,61791,3,PR,1,100,39311
1701221213.675278,2370935.000,61791,3,PR,1,100,39302
1701221213.715270,2370975.000,61791,3,PR,1,100,39291
1701221213.755262,2371015.000,61807,2,PR,1,100,39282
1701221213.795254,2371055.000,61807,2,PR,1,100,39295
1701221213.835246,2371095.000,61823,3,PR,1,100,39283
1701221213.875238,2371135.000,61823,3,PR,1,100,39290
1701221213.915230,2371175.000,61823,3,PR,1,100,39279
1701221213.955222,2371215.000,61839,2,PR,1,100,39300
1701221213.995214,2371255.000,61839,2,PR,1,100,39308
1701221214.035206,2371295.000,61856,3,PR,1,100,39289
1701221214.075198,2371335.000,61856,3,PR,1,100,39286
1701221214.115190,2371375.000,61856,3,PR,1,100,39288
1701221214.155182,2371415.000,61873,2,PR,1,100,39274
1701221214.195174,2371455.000,61873,2,PR,1,100,39273
1701221214.235166,2371495.000,61888,3,PR,1,100,39281
1701221214.275158,2371535.000,61888,3,PR,1,100,39285
1701221214.315150,2371575.000,61888,3,PR,1,100,39280
1701221214.355142,2371615.000,61904,2,PR,1,100,39292
1701221214.395134,2371655.000,61904,2,PR,1,100,39293
1701221214.435126,2371695.000,61924,3,PR,1,100,39310
1701221214.475118,2371735.000,61924,3,PR,1,100,39286
1701221214.515110,2371775.000,61924,3,PR,1,100,39291
1701221214.555102,2371815.000,61940,3,PR,1,100,39288
1701221214.595094,2371855.000,61940,3,PR,1,100,39286
1701221214.635086,2371895.000,61940,3,PR,1,100,39292
1701221214.675078,2371935.000,61955,2,PR,1,100,39290
1701221214.715070,2371975.000,61955,2,PR,1,100,39298
1701221214.755062,2372015.000,61971,3,PR,1,100,39300
1701221214.795054,2372055.000,61971,3,PR,1,100,39294
1701221214.835046,2372095.000,61971,3,PR,1,100,39281
1701221214.875038,2372135.000,61989,2,PR,1,100,39277
1701221214.915030,2372175.000,61989,2,PR,1,100,39300
1701221214.955022,2372215.000,62005,3,PR,1,100,39292
1701221214.995014,2372255.000,62005,3,PR,1,100,39274
1701221215.035006,2372295.000,62005,3,PR,1,100,39281
1701221215.074998,2372335.000,62021,2,PR,1,100,39298
1701221215.114990,2372375.000,62021,2,PR,1,100,39300
1701221215.154982,2372415.000,62039,3,PR,1,100,39287
1701221215.194974,2372455.000,62039,3,PR,1,100,39298
1701221215.234966,2372495.000,62039,3,PR,1,100,39297
1701221215.274958,2372535.000,62056,2,PR,1,100,39270
1701221215.314950,2372575.000,62056,2,PR,1,100,39261
1701221215.354942,2372615.000,62072,3,PR,1,100,39270
1701221215.394934,2372655.000,62072,3,PR,1,100,39273
1701221215.434926,2372695.000,62072,3,PR,1,100,39292
1701221215.474918,2372735.000,62091,2,PR,1,100,39289
1701221215.514910,2372775.000,62091,2,PR,1,100,39300
1701221215.554902,2372815.000,62106,3,PR,1,100,39296
1701221215.594894,2372855.000,62106,3,PR,1,100,39307
1701221215.634886,2372895.000,62106,3,PR,1,100,39296
1701221215.674878,2372935.000,62128,3,PR,1,100,39308
1701221215.714870,2372975.000,62128,3,PR,1,100,39304
1701221215.754862,2373015.000,62128,3,PR,1,100,39311
1701221215.794854,2373055.000,62145,3,PR,1,100,39296
1701221215.834846,2373095.000,62145,3,PR,1,100,39317
1701221215.874838,2373135.000,62145,3,PR,1,100,39311
1701221215.914830,2373175.000,62162,3,PR,1,100,39297
1701221215.954822,2373215.000,62162,3,PR,1,100,39304
1701221215.994814,2373255.000,62162,3,PR,1,100,39303
1701221216.034806,2373295.000,62180,2,PR,1,100,39293
1701221216.074798,2373335.000,62180,2,PR,1,100,39295
1701221216.114790,2373375.000,62196,3,PR,1,100,39295
1701221216.154783,2373415.000,62196,3,PR,1,100,39302
1701221216.194774,2373455.000,62196,3,PR,1,100,39298
1701221216.234766,2373495.000,62212,2,PR,1,100,39291
1701221216.274759,2373535.000,62212,2,PR,1,100,39286
1701221216.314750,2373575.000,62229,3,PR,1,100,39292
1701221216.354743,2373615.000,62229,3,PR,1,100,39275
1701221216.394735,2373655.000,62229,3,PR,1,100,39286
1701221216.434726,2373695.000,62245,2,PR,1,100,39309
1701221216.474719,2373735.000,62245,2,PR,1,100,39294
1701221216.514711,2373775.000,62263,3,PR,1,100,39298
1701221216.554703,2373815.000,62263,3,PR,1,100,39302
1701221216.594695,2373855.000,62263,3,PR,1,100,39301
1701221216.634686,2373895.000,62279,2,PR,1,100,39305
1701221216.674679,2373935.000,62279,2,PR,1,100,39301
1701221216.714671,2373975.000,62296,3,PR,1,100,39292
1701221216.754663,2374015.000,62296,3,PR,1,100,39303
1701221216.794655,2374055.000,62296,3,PR,1,100,39299
1701221216.834647,2374095.000,62313,2,PR,1,100,39301
1701221216.874639,2374135.000,62313,2,PR,1,100,39303
1701221216.914631,2374175.000,62331,3,PR,1,100,39305
1701221216.954623,2374215.000,62331,3,PR,1,100,39294
1701221216.994615,2374255.000,62331,3,PR,1,100,39290
1701221217.034607,2374295.000,62346,2,PR,1,100,39287
1701221217.074599,2374335.000,62346,2,PR,1,100,39285
1701221217.114591,2374375.000,62364,3,PR,1,100,39260
1701221217.154583,2374415.000,62364,3,PR,1,100,39288
1701221217.194575,2374455.000,62364,3,PR,1,100,39302
1701221217.234567,2374495.000,62380,3,PR,1,100,39299
1701221217.274559,2374535.000,62380,3,PR,1,100,39298
1701221217.314551,2374575.000,62380,3,PR,1,100,39287
1701221217.354543,2374615.000,62397,2,PR,1,100,39300
1701221217.394535,2374655.000,62397,2,PR,1,100,39285
1701221217.434527,2374695.000,62412,3,PR,1,100,39282
1701221217.474519,2374735.000,62412,3,PR,1,100,39287
1701221217.514511,2374775.000,62412,3,PR,1,100,39270
1701221217.554503,2374815.000,62429,2,PR,1,100,39276
1701221217.594495,2374855.000,62429,2,PR,1,100,39284
1701221217.634487,2374895.000,62445,3,PR,1,100,39286
1701221217.674479,2374935.000,62445,3,PR,1,100,39284
1701221217.714471,2374975.000,62445,3,PR,1,100,39289
1701221217.754463,2375015.000,62462,2,PR,1,100,39279
1701221217.794455,2375055.000,62462,2,PR,1,100,39272
1701221217.834447,2375095.000,62479,3,PR,1,100,39256
1701221217.874439,2375135.000,62479,3,PR,1,100,39274
1701221217.914431,2375175.000,62479,3,PR,1,100,39247
1701221217.954423,2375215.000,62496,2,PR,1,100,39271
1701221217.994415,2375255.000,62496,2,PR,1,100,39266
1701221218.038739,2375299.333,62512,3,PR,1,100,39268
1701221218.083064,2375343.667,62512,3,PR,1,100,39277
1701221218.127388,2375388.000,62512,3,PR,1,100,39284
1701221218.167380,2375428.000,62532,2,PR,1,100,39293
1701221218.207372,2375468.000,62532,2,PR,1,100,39272
1701221218.247365,2375508.000,62546,3,PR,1,100,39274
1701221218.287356,2375548.000,62546,3,PR,1,100,39274
1701221218.327348,2375588.000,62546,3,PR,1,100,39277
1701221218.367341,2375628.000,62563,2,PR,1,100,39253
1701221218.407332,2375668.000,62563,2,PR,1,100,39269
1701221218.447325,2375708.000,62580,3,PR,1,100,39294
1701221218.487317,2375748.000,62580,3,PR,1,100,39280
1701221218.527308,2375788.000,62580,3,PR,1,100,39285
1701221218.567301,2375828.000,62597,2,PR,1,100,39275
1701221218.607292,2375868.000,62597,2,PR,1,100,39274
1701221218.647285,2375908.000,62613,3,PR,1,100,39274
1701221218.687277,2375948.000,62613,3,PR,1,100,39266
1701221218.727268,2375988.000,62613,3,PR,1,100,39255
1701221218.767261,2376028.000,62630,2,PR,1,100,39281
1701221218.807253,2376068.000,62630,2,PR,1,100,39272
1701221218.847245,2376108.000,62647,3,PR,1,100,39273
1701221218.887237,2376148.000,62647,3,PR,1,100,39269
1701221218.927229,2376188.000,62647,3,PR,1,100,39277
1701221218.967221,2376228.000,62664,2,PR,1,100,39275
1701221219.007213,2376268.000,62664,2,PR,1,100,39261
1701221219.047205,2376308.000,62679,3,PR,1,100,39263
1701221219.087197,2376348.000,62679,3,PR,1,100,39273
1701221219.127189,2376388.000,62679,3,PR,1,100,39269
1701221219.167181,2376428.000,62696,2,PR,1,100,39273
1701221219.207173,2376468.000,62696,2,PR,1,100,39260
1701221219.247165,2376508.000,62712,3,PR,1,100,39266
1701221219.287157,2376548.000,62712,3,PR,1,100,39278
1701221219.327149,2376588.000,62712,3,PR,1,100,39271
1701221219.367141,2376628.000,62729,3,PR,1,100,39274
1701221219.407133,2376668.000,62729,3,PR,1,100,39281
1701221219.447125,2376708.000,62729,3,PR,1,100,39270
1701221219.487117,2376748.000,62748,2,PR,1,100,39272
1701221219.527109,2376788.000,62748,2,PR,1,100,39282
1701221219.567101,2376828.000,62763,3,PR,1,100,39284
1701221219.607093,2376868.000,62763,3,PR,1,100,39274
1701221219.647085,2376908.000,62763,3,PR,1,100,39263
1701221219.687077,2376948.000,62779,2,PR,1,100,39280
1701221219.727069,2376988.000,62779,2,PR,1,100,39271
1701221219.767061,2377028.000,62797,3,PR,1,100,39267
1701221219.807053,2377068.000,62797,3,PR,1,100,39262
1701221219.847045,2377108.000,62797,3,PR,1,100,39276
1701221219.887037,2377148.000,62815,2,PR,1,100,39279
1701221219.927029,2377188.000,62815,2,PR,1,100,39256
1701221219.967021,2377228.000,62830,3,PR,1,100,39264
1701221220.007013,2377268.000,62830,3,PR,1,100,39270
1701221220.047005,2377308.000,62830,3,PR,1,100,39265
1701221220.086997,2377348.000,62848,2,PR,1,100,39276
1701221220.126989,2377388.000,62848,2,PR,1,100,39270
1701221220.166981,2377428.000,62866,3,PR,1,100,39267
1701221220.206973,2377468.000,62866,3,PR,1,100,39261
1701221220.246965,2377508.000,62866,3,PR,1,100,39263
1701221220.286957,2377548.000,62882,2,PR,1,100,39264
1701221220.326949,2377588.000,62882,2,PR,1,100,39277
1701221220.366941,2377628.000,62897,3,PR,1,100,39288
1701221220.406933,2377668.000,62897,3,PR,1,100,39284
1701221220.446925,2377708.000,62897,3,PR,1,100,39273
1701221220.486917,2377748.000,62914,2,PR,1,100,39266
1701221220.526909,2377788.000,62914,2,PR,1,100,39283
1701221220.566901,2377828.000,62931,3,PR,1,100,39281
1701221220.606893,2377868.000,62931,3,PR,1,100,39277
1701221220.646885,2377908.000,62931,3,PR,1,100,39283
1701221220.686877,2377948.000,62947,3,PR,1,100,39269
1701221220.726869,2377988.000,62947,3,PR,1,100,39268
1701221220.766861,2378028.000,62947,3,PR,1,100,39271
1701221220.806853,2378068.000,62966,3,PR,1,100,39286
1701221220.846845,2378108.000,62966,3,PR,1,100,39260
1701221220.886837,2378148.000,62966,3,PR,1,100,39280
1701221220.926829,2378188.000,62982,3,PR,1,100,39278
1701221220.966821,2378228.000,62982,3,PR,1,100,39265
1701221221.006813,2378268.000,62982,3,PR,1,100,39277
1701221221.046805,2378308.000,62997,2,PR,1,100,39277
1701221221.086797,2378348.000,62997,2,PR,1,100,39282
1701221221.126789,2378388.000,63014,3,PR,1,100,39260
1701221221.166781,2378428.000,63014,3,PR,1,100,39289
1701221221.206773,2378468.000,63014,3,PR,1,100,39288
1701221221.246765,2378508.000,63031,2,PR,1,100,39276
1701221221.286757,2378548.000,63031,2,PR,1,100,39276
1701221221.326749,2378588.000,63047,3,PR,1,100,39267
1701221221.366741,2378628.000,63047,3,PR,1,100,39282
1701221221.406733,2378668.000,63047,3,PR,1,100,39282
1701221221.446725,2378708.000,63063,3,PR,1,100,39267
1701221221.486717,2378748.000,63063,3,PR,1,100,39266
1701221221.526709,2378788.000,63063,3,PR,1,100,39283
1701221221.566701,2378828.000,63079,2,PR,1,100,39284
1701221221.606693,2378868.000,63079,2,PR,1,100,39289
1701221221.646685,2378908.000,63096,3,PR,1,100,39280
1701221221.686677,2378948.000,63096,3,PR,1,100,39284
1701221221.726669,2378988.000,63096,3,PR,1,100,39282
1701221221.766661,2379028.000,63112,2,PR,1,100,39271
1701221221.806653,2379068.000,63112,2,PR,1,100,39291
1701221221.846645,2379108.000,63128,3,PR,1,100,39295
1701221221.886637,2379148.000,63128,3,PR,1,100,39270
1701221221.926630,2379188.000,63128,3,PR,1,100,39275
1701221221.966621,2379228.000,63144,2,PR,1,100,39274
1701221222.006613,2379268.000,63144,2,PR,1,100,39267
1701221222.046606,2379308.000,63161,3,PR,1,100,39270
1701221222.086597,2379348.000,63161,3,PR,1,100,39291
1701221222.126590,2379388.000,63161,3,PR,1,100,39296
1701221222.166582,2379428.000,63178,2,PR,1,100,39298
1701221222.206573,2379468.000,63178,2,PR,1,100,39286
1701221222.246566,2379508.000,63194,3,PR,1,100,39281
1701221222.286557,2379548.000,63194,3,PR,1,100,39293
1701221222.326550,2379588.000,63194,3,PR,1,100,39286
1701221222.366542,2379628.000,63209,2,PR,1,100,39274
1701221222.406533,2379668.000,63209,2,PR,1,100,39281
1701221222.446526,2379708.000,63227,3,PR,1,100,39290
1701221222.486518,2379748.000,63227,3,PR,1,100,39285
1701221222.526510,2379788.000,63227,3,PR,1,100,39292
1701221222.566502,2379828.000,63245,3,PR,1,100,39290
1701221222.606494,2379868.000,63245,3,PR,1,100,39291
1701221222.646486,2379908.000,63245,3,PR,1,100,39304
1701221222.686478,2379948.000,63262,2,PR,1,100,39286
1701221222.726470,2379988.000,63262,2,PR,1,100,39300
1701221222.766462,2380028.000,63277,3,PR,1,100,39310
1701221222.806454,2380068.000,63277,3,PR,1,100,39300
1701221222.846446,2380108.000,63277,3,PR,1,100,39284
1701221222.886438,2380148.000,63296,2,PR,1,100,39297
1701221222.926430,2380188.000,63296,2,PR,1,100,39290
1701221222.972920,2380234.500,63312,2,PR,1,100,39287
1701221223.019411,2380281.000,63312,2,PR,1,100,39303
1701221223.059403,2380321.000,63329,3,PR,1,100,39298
1701221223.099395,2380361.000,63329,3,PR,1,100,39312
1701221223.139387,2380401.000,63329,3,PR,1,100,39309
1701221223.179379,2380441.000,63344,3,PR,1,100,39289
1701221223.219371,2380481.000,63344,3,PR,1,100,39290
1701221223.259363,2380521.000,63344,3,PR,1,100,39296
1701221223.299355,2380561.000,63361,2,PR,1,100,39299
1701221223.339347,2380601.000,63361,2,PR,1,100,39302
1701221223.379339,2380641.000,63379,3,PR,1,100,39316
1701221223.419331,2380681.000,63379,3,PR,1,100,39312
1701221223.459323,2380721.000,63379,3,PR,1,100,39312
1701221223.499315,2380761.000,63397,2,PR,1,100,39315
1701221223.539307,2380801.000,63397,2,PR,1,100,39300
1701221223.579299,2380841.000,63411,3,PR,1,100,39298
1701221223.619291,2380881.000,63411,3,PR,1,100,39301
1701221223.659283,2380921.000,63411,3,PR,1,100,39293
1701221223.699275,2380961.000,63428,2,PR,1,100,39304
1701221223.739267,2381001.000,63428,2,PR,1,100,39303
1701221223.779259,2381041.000,63445,3,PR,1,100,39302
1701221223.819251,2381081.000,63445,3,PR,1,100,39291
1701221223.859243,2381121.000,63445,3,PR,1,100,39305
1701221223.899235,2381161.000,63464,3,PR,1,100,39308
1701221223.939227,2381201.000,63464,3,PR,1,100,39296
1701221223.979219,2381241.000,63464,3,PR,1,100,39294
1701221224.019212,2381281.000,63480,2,PR,1,100,39308
1701221224.059203,2381321.000,63480,2,PR,1,100,39301
1701221224.099195,2381361.000,63496,3,PR,1,100,39313
1701221224.139188,2381401.000,63496,3,PR,1,100,39301
1701221224.179179,2381441.000,63496,3,PR,1,100,39325
1701221224.219172,2381481.000,63512,2,PR,1,100,39313
1701221224.259163,2381521.000,63512,2,PR,1,100,39312
1701221224.299155,2381561.000,63529,3,PR,1,100,39318
1701221224.339148,2381601.000,63529,3,PR,1,100,39309
1701221224.379139,2381641.000,63529,3,PR,1,100,39313
1701221224.419132,2381681.000,63545,2,PR,1,100,39315
1701221224.459124,2381721.000,63545,2,PR,1,100,39310
1701221224.499115,2381761.000,63561,3,PR,1,100,39299
1701221224.539108,2381801.000,63561,3,PR,1,100,39306
1701221224.579100,2381841.000,63561,3,PR,1,100,39313
1701221224.619092,2381881.000,63579,2,PR,1,100,39315
1701221224.659084,2381921.000,63579,2,PR,1,100,39322
1701221224.699076,2381961.000,63596,3,PR,1,100,39318
1701221224.739068,2382001.000,63596,3,PR,1,100,39316
1701221224.779060,2382041.000,63596,3,PR,1,100,39316
1701221224.819052,2382081.000,63613,3,PR,1,100,39321
1701221224.859044,2382121.000,63613,3,PR,1,100,39327
1701221224.899036,2382161.000,63613,3,PR,1,100,39336
1701221224.939028,2382201.000,63628,2,PR,1,100,39327
1701221224.979020,2382241.000,63628,2,PR,1,100,39323
1701221225.019012,2382281.000,63644,3,PR,1,100,39306
1701221225.059004,2382321.000,63644,3,PR,1,100,39318
1701221225.098996,2382361.000,63644,3,PR,1,100,39300
1701221225.138988,2382401.000,63662,2,PR,1,100,39321
1701221225.178980,2382441.000,63662,2,PR,1,100,39315
1701221225.218972,2382481.000,63678,3,PR,1,100,39326
1701221225.258964,2382521.000,63678,3,PR,1,100,39316
1701221225.298956,2382561.000,63678,3,PR,1,100,39319
1701221225.338948,2382601.000,63694,2,PR,1,100,39311
1701221225.378940,2382641.000,63694,2,PR,1,100,39322
1701221225.418932,2382681.000,63712,3,PR,1,100,39318
1701221225.458924,2382721.000,63712,3,PR,1,100,39305
1701221225.498916,2382761.000,63712,3,PR,1,100,39324
1701221225.538908,2382801.000,63729,2,PR,1,100,39323
1701221225.578900,2382841.000,63729,2,PR,1,100,39318
1701221225.618892,2382881.000,63745,3,PR,1,100,39309
1701221225.658884,2382921.000,63745,3,PR,1,100,39300
1701221225.698876,2382961.000,63745,3,PR,1,100,39303
1701221225.738868,2383001.000,63762,2,PR,1,100,39311
1701221225.778860,2383041.000,63762,2,PR,1,100,39289
1701221225.818852,2383081.000,63783,6,PR,1,100,39302
1701221225.858844,2383121.000,63783,6,PR,1,100,39306
1701221225.898836,2383161.000,63783,6,PR,1,100,39307
1701221225.938828,2383201.000,63783,6,PR,1,100,39296
1701221225.978820,2383241.000,63783,6,PR,1,100,39290
1701221226.018812,2383281.000,63783,6,PR,1,100,39308
1701221226.058804,2383321.000,63799,2,PR,1,100,39307
1701221226.098796,2383361.000,63799,2,PR,1,100,39330
1701221226.138788,2383401.000,63817,3,PR,1,100,39314
1701221226.178780,2383441.000,63817,3,PR,1,100,39299
1701221226.218772,2383481.000,63817,3,PR,1,100,39315
1701221226.258764,2383521.000,63831,2,PR,1,100,39296
1701221226.298756,2383561.000,63831,2,PR,1,100,39304
1701221226.338748,2383601.000,63848,3,PR,1,100,39306
1701221226.378740,2383641.000,63848,3,PR,1,100,39297
1701221226.418732,2383681.000,63848,3,PR,1,100,39301
1701221226.458724,2383721.000,63865,2,PR,1,100,39308
1701221226.498716,2383761.000,63865,2,PR,1,100,39301
1701221226.538375,2383800.667,63882,3,PR,1,100,39286
1701221226.578034,2383840.333,63882,3,PR,1,100,39270
1701221226.617692,2383880.000,63882,3,PR,1,100,39268
1701221226.657684,2383920.000,63896,2,PR,1,100,39276
1701221226.697676,2383960.000,63896,2,PR,1,100,39266
1701221226.738002,2384000.333,63913,3,PR,1,100,39266
1701221226.778327,2384040.667,63913,3,PR,1,100,39276
1701221226.818652,2384081.000,63913,3,PR,1,100,39287
1701221226.858644,2384121.000,63930,4,PR,1,100,39275
1701221226.898636,2384161.000,63930,4,PR,1,100,39280
1701221226.938628,2384201.000,63930,4,PR,1,100,39284
1701221226.978620,2384241.000,63930,4,PR,1,100,39272
1701221227.018612,2384281.000,63947,2,PR,1,100,39282
1701221227.058604,2384321.000,63947,2,PR,1,100,39277
1701221227.098596,2384361.000,63966,3,PR,1,100,39292
1701221227.138588,2384401.000,63966,3,PR,1,100,39282
1701221227.178580,2384441.000,63966,3,PR,1,100,39269
1701221227.218072,2384480.500,63983,2,PR,1,100,39272
1701221227.257565,2384520.000,63983,2,PR,1,100,39284
1701221227.297557,2384560.000,63997,3,PR,1,100,39286
1701221227.337548,2384600.000,63997,3,PR,1,100,39274
1701221227.377541,2384640.000,63997,3,PR,1,100,39295
1701221227.417533,2384680.000,64014,2,PR,1,100,39290
1701221227.457525,2384720.000,64014,2,PR,1,100,39302
1701221227.497850,2384760.333,64031,3,PR,1,100,39293
1701221227.538175,2384800.667,64031,3,PR,1,100,39295
1701221227.578501,2384841.000,64031,3,PR,1,100,39291
1701221227.617993,2384880.500,64048,2,PR,1,100,39278
1701221227.657485,2384920.000,64048,2,PR,1,100,39284
1701221227.697810,2384960.333,64062,3,PR,1,100,39280
1701221227.738135,2385000.667,64062,3,PR,1,100,39288
1701221227.778461,2385041.000,64062,3,PR,1,100,39284
1701221227.818119,2385080.667,64080,3,PR,1,100,39282
1701221227.857778,2385120.333,64080,3,PR,1,100,39292
1701221227.897437,2385160.000,64080,3,PR,1,100,39273
1701221227.944427,2385207.000,64098,2,PR,1,100,39294
1701221227.991418,2385254.000,64098,2,PR,1,100,39294
1701221228.031410,2385294.000,64117,2,PR,1,100,39287
1701221228.071402,2385334.000,64117,2,PR,1,100,39286
1701221228.111394,2385374.000,64132,3,PR,1,100,39278
1701221228.151386,2385414.000,64132,3,PR,1,100,39289
1701221228.191378,2385454.000,64132,3,PR,1,100,39288
1701221228.231370,2385494.000,64149,2,PR,1,100,39280
1701221228.271362,2385534.000,64149,2,PR,1,100,39279
1701221228.311354,2385574.000,64165,3,PR,1,100,39294
1701221228.351346,2385614.000,64165,3,PR,1,100,39288
1701221228.391338,2385654.000,64165,3,PR,1,100,39276
1701221228.431330,2385694.000,64182,2,PR,1,100,39287
1701221228.471322,2385734.000,64182,2,PR,1,100,39270
1701221228.511314,2385774.000,64198,3,PR,1,100,39266
1701221228.551306,2385814.000,64198,3,PR,1,100,39279
1701221228.591298,2385854.000,64198,3,PR,1,100,39284
1701221228.631290,2385894.000,64216,2,PR,1,100,39279
1701221228.671282,2385934.000,64216,2,PR,1,100,39288
1701221228.711274,2385974.000,64232,3,PR,1,100,39277
1701221228.751266,2386014.000,64232,3,PR,1,100,39272
1701221228.791258,2386054.000,64232,3,PR,1,100,39276
1701221228.831250,2386094.000,64250,3,PR,1,100,39286
1701221228.871242,2386134.000,64250,3,PR,1,100,39281
1701221228.911234,2386174.000,64250,3,PR,1,100,39289
1701221228.951226,2386214.000,64266,2,PR,1,100,39274
1701221228.991218,2386254.000,64266,2,PR,1,100,39271
1701221229.031210,2386294.000,64281,3,PR,1,100,39262
1701221229.071202,2386334.000,64281,3,PR,1,100,39270
1701221229.111194,2386374.000,64281,3,PR,1,100,39267
1701221229.151186,2386414.000,64298,2,PR,1,100,39279
1701221229.191178,2386454.000,64298,2,PR,1,100,39276
1701221229.231170,2386494.000,64317,3,PR,1,100,39296
1701221229.271162,2386534.000,64317,3,PR,1,100,39273
1701221229.311154,2386574.000,64317,3,PR,1,100,39277
1701221229.351146,2386614.000,64333,2,PR,1,100,39282
1701221229.391138,2386654.000,64333,2,PR,1,100,39283
1701221229.431130,2386694.000,64349,3,PR,1,100,39260
1701221229.471122,2386734.000,64349,3,PR,1,100,39262
1701221229.511114,2386774.000,64349,3,PR,1,100,39276
1701221229.551106,2386814.000,64365,2,PR,1,100,39262
1701221229.591098,2386854.000,64365,2,PR,1,100,39275
1701221229.631090,2386894.000,64382,3,PR,1,100,39265
1701221229.671082,2386934.000,64382,3,PR,1,100,39273
1701221229.711074,2386974.000,64382,3,PR,1,100,39270
1701221229.751066,2387014.000,64398,2,PR,1,100,39264
1701221229.791058,2387054.000,64398,2,PR,1,100,39272
1701221229.831050,2387094.000,64416,3,PR,1,100,39275
1701221229.871042,2387134.000,64416,3,PR,1,100,39263
1701221229.911034,2387174.000,64416,3,PR,1,100,39251
1701221229.951026,2387214.000,64432,3,PR,1,100,39259
1701221229.991019,2387254.000,64432,3,PR,1,100,39273
1701221230.031010,2387294.000,64432,3,PR,1,100,39258
1701221230.070503,2387333.500,64451,2,PR,1,100,39269
1701221230.109995,2387373.000,64451,2,PR,1,100,39264
1701221230.150320,2387413.333,64468,3,PR,1,100,39262
1701221230.190645,2387453.667,64468,3,PR,1,100,39255
1701221230.230971,2387494.000,64468,3,PR,1,100,39254
1701221230.270463,2387533.500,64483,2,PR,1,100,39265
1701221230.309955,2387573.000,64483,2,PR,1,100,39259
1701221230.349947,2387613.000,64499,3,PR,1,100,39258
1701221230.389939,2387653.000,64499,3,PR,1,100,39259
1701221230.429931,2387693.000,64499,3,PR,1,100,39265
1701221230.469923,2387733.000,64517,2,PR,1,100,39252
1701221230.509915,2387773.000,64517,2,PR,1,100,39250
1701221230.549907,2387813.000,64535,3,PR,1,100,39253
1701221230.589899,2387853.000,64535,3,PR,1,100,39256
1701221230.629891,2387893.000,64535,3,PR,1,100,39265
1701221230.669883,2387933.000,64551,2,PR,1,100,39254
1701221230.709875,2387973.000,64551,2,PR,1,100,39255
1701221230.749867,2388013.000,64567,3,PR,1,100,39249
1701221230.789859,2388053.000,64567,3,PR,1,100,39247
1701221230.829851,2388093.000,64567,3,PR,1,100,39245
1701221230.869843,2388133.000,64584,2,PR,1,100,39257
1701221230.909835,2388173.000,64584,2,PR,1,100,39274
1701221230.949827,2388213.000,64604,5,PR,1,100,39260
1701221230.989819,2388253.000,64604,5,PR,1,100,39265
1701221231.029811,2388293.000,64604,5,PR,1,100,39279
1701221231.069803,2388333.000,64604,5,PR,1,100,39253
1701221231.109795,2388373.000,64604,5,PR,1,100,39255
1701221231.149787,2388413.000,64621,2,PR,1,100,39262
1701221231.189779,2388453.000,64621,2,PR,1,100,39259
1701221231.229771,2388493.000,64638,3,PR,1,100,39242
1701221231.269763,2388533.000,64638,3,PR,1,100,39257
1701221231.309755,2388573.000,64638,3,PR,1,100,39264
1701221231.349747,2388613.000,64654,3,PR,1,100,39247
1701221231.389739,2388653.000,64654,3,PR,1,100,39260
1701221231.429731,2388693.000,64654,3,PR,1,100,39250
1701221231.469723,2388733.000,64670,2,PR,1,100,39259
1701221231.509715,2388773.000,64670,2,PR,1,100,39265
1701221231.549707,2388813.000,64686,3,PR,1,100,39260
1701221231.589699,2388853.000,64686,3,PR,1,100,39258
1701221231.629691,2388893.000,64686,3,PR,1,100,39268
1701221231.669683,2388933.000,64703,2,PR,1,100,39259
1701221231.709675,2388973.000,64703,2,PR,1,100,39258
1701221231.749667,2389013.000,64719,3,PR,1,100,39254
1701221231.789659,2389053.000,64719,3,PR,1,100,39267
1701221231.829651,2389093.000,64719,3,PR,1,100,39259
1701221231.869643,2389133.000,64736,2,PR,1,100,39267
1701221231.909635,2389173.000,64736,2,PR,1,100,39274
1701221231.949627,2389213.000,64751,3,PR,1,100,39265
1701221231.989619,2389253.000,64751,3,PR,1,100,39259
1701221232.029611,2389293.000,64751,3,PR,1,100,39254
1701221232.069603,2389333.000,64768,2,PR,1,100,39270
1701221232.109595,2389373.000,64768,2,PR,1,100,39277
1701221232.149587,2389413.000,64785,3,PR,1,100,39244
1701221232.189579,2389453.000,64785,3,PR,1,100,39260
1701221232.229571,2389493.000,64785,3,PR,1,100,39262
1701221232.269563,2389533.000,64803,2,PR,1,100,39262
1701221232.309555,2389573.000,64803,2,PR,1,100,39263
1701221232.349547,2389613.000,64818,3,PR,1,100,39255
1701221232.389539,2389653.000,64818,3,PR,1,100,39263
1701221232.429531,2389693.000,64818,3,PR,1,100,39274
1701221232.469523,2389733.000,64836,2,PR,1,100,39260
1701221232.509515,2389773.000,64836,2,PR,1,100,39275
1701221232.549507,2389813.000,64852,3,PR,1,100,39266
1701221232.589499,2389853.000,64852,3,PR,1,100,39268
1701221232.629491,2389893.000,64852,3,PR,1,100,39259
1701221232.669483,2389933.000,64869,2,PR,1,100,39256
1701221232.709476,2389973.000,64869,2,PR,1,100,39259
1701221232.754133,2390017.667,64884,3,PR,1,100,39264
1701221232.798791,2390062.333,64884,3,PR,1,100,39259
1701221232.843449,2390107.000,64884,3,PR,1,100,39274
1701221232.883441,2390147.000,64903,2,PR,1,100,39269
1701221232.923433,2390187.000,64903,2,PR,1,100,39253
1701221232.963425,2390227.000,64921,3,PR,1,100,39257
1701221233.003417,2390267.000,64921,3,PR,1,100,39267
1701221233.043409,2390307.000,64921,3,PR,1,100,39273
1701221233.083401,2390347.000,64938,2,PR,1,100,39254
1701221233.123393,2390387.000,64938,2,PR,1,100,39286
1701221233.163385,2390427.000,64953,3,PR,1,100,39277
1701221233.203377,2390467.000,64953,3,PR,1,100,39282
1701221233.243369,2390507.000,64953,3,PR,1,100,39268
1701221233.283361,2390547.000,64970,3,PR,1,100,39277
1701221233.323353,2390587.000,64970,3,PR,1,100,39269
1701221233.363345,2390627.000,64970,3,PR,1,100,39263
1701221233.402837,2390666.500,64986,2,PR,1,100,39275
1701221233.442329,2390706.000,64986,2,PR,1,100,39279
1701221233.482321,2390746.000,65006,3,PR,1,100,39279
1701221233.522313,2390786.000,65006,3,PR,1,100,39263
1701221233.562305,2390826.000,65006,3,PR,1,100,39276
1701221233.602797,2390866.500,65020,2,PR,1,100,39276
1701221233.643289,2390907.000,65020,2,PR,1,100,39263
1701221233.682948,2390946.667,65037,3,PR,1,100,39273
1701221233.722606,2390986.333,65037,3,PR,1,100,39254
1701221233.762265,2391026.000,65037,3,PR,1,100,39254
1701221233.802757,2391066.500,65054,2,PR,1,100,39250
1701221233.843249,2391107.000,65054,2,PR,1,100,39240
1701221233.882908,2391146.667,65071,3,PR,1,100,39234
1701221233.922566,2391186.333,65071,3,PR,1,100,39249
1701221233.962225,2391226.000,65071,3,PR,1,100,39245
1701221234.002717,2391266.500,65088,2,PR,1,100,39244
1701221234.043209,2391307.000,65088,2,PR,1,100,39256
1701221234.083201,2391347.000,65105,3,PR,1,100,39258
1701221234.123193,2391387.000,65105,3,PR,1,100,39236
1701221234.163185,2391427.000,65105,3,PR,1,100,39238
1701221234.202677,2391466.500,65121,2,PR,1,100,39230
1701221234.242169,2391506.000,65121,2,PR,1,100,39244
1701221234.282161,2391546.000,65140,3,PR,1,100,39231
1701221234.322153,2391586.000,65140,3,PR,1,100,39240
1701221234.362145,2391626.000,65140,3,PR,1,100,39248
1701221234.402471,2391666.333,65156,3,PR,1,100,39259
1701221234.442796,2391706.667,65156,3,PR,1,100,39243
1701221234.483121,2391747.000,65156,3,PR,1,100,39253
1701221234.522613,2391786.500,65172,2,PR,1,100,39251
1701221234.562105,2391826.000,65172,2,PR,1,100,39263
1701221234.602097,2391866.000,65188,3,PR,1,100,39263
1701221234.642089,2391906.000,65188,3,PR,1,100,39268
1701221234.682081,2391946.000,65188,3,PR,1,100,39277
1701221234.722073,2391986.000,65205,2,PR,1,100,39264
1701221234.762065,2392026.000,65205,2,PR,1,100,39243
1701221234.802058,2392066.000,65222,3,PR,1,100,39232
1701221234.842049,2392106.000,65222,3,PR,1,100,39243
1701221234.882041,2392146.000,65222,3,PR,1,100,39248
1701221234.922034,2392186.000,65237,2,PR,1,100,39243
1701221234.962025,2392226.000,65237,2,PR,1,100,39270
1701221235.002017,2392266.000,65253,3,PR,1,100,39264
1701221235.042009,2392306.000,65253,3,PR,1,100,39261
1701221235.082001,2392346.000,65253,3,PR,1,100,39247
1701221235.121994,2392386.000,65271,2,PR,1,100,39237
1701221235.161985,2392426.000,65271,2,PR,1,100,39255
1701221235.201977,2392466.000,65287,3,PR,1,100,39247
1701221235.241970,2392506.000,65287,3,PR,1,100,39260
1701221235.281961,2392546.000,65287,3,PR,1,100,39281
1701221235.321954,2392586.000,65302,2,PR,1,100,39291
1701221235.361946,2392626.000,65302,2,PR,1,100,39296
1701221235.402271,2392666.333,65318,3,PR,1,100,39297
1701221235.442596,2392706.667,65318,3,PR,1,100,39296
1701221235.482921,2392747.000,65318,3,PR,1,100,39303
1701221235.522413,2392786.500,65336,2,PR,1,100,39300
1701221235.561906,2392826.000,65336,2,PR,1,100,39316
1701221235.601898,2392866.000,65352,3,PR,1,100,39302
1701221235.641890,2392906.000,65352,3,PR,1,100,39309
1701221235.681882,2392946.000,65352,3,PR,1,100,39297
1701221235.721874,2392986.000,65367,3,PR,1,100,39286
1701221235.761866,2393026.000,65367,3,PR,1,100,39296
1701221235.801858,2393066.000,65367,3,PR,1,100,39290
1701221235.841850,2393106.000,65384,2,PR,1,100,39296
1701221235.881842,2393146.000,65384,2,PR,1,100,39302
1701221235.921834,2393186.000,65401,3,PR,1,100,39297
1701221235.961826,2393226.000,65401,3,PR,1,100,39287
1701221236.001818,2393266.000,65401,3,PR,1,100,39292
1701221236.041810,2393306.000,65417,2,PR,1,100,39284
1701221236.081802,2393346.000,65417,2,PR,1,100,39287
1701221236.121794,2393386.000,65443,4,PR,1,100,39298
1701221236.161786,2393426.000,65443,4,PR,1,100,39287
1701221236.201778,2393466.000,65443,4,PR,1,100,39289
1701221236.241770,2393506.000,65443,4,PR,1,100,39302
1701221236.281762,2393546.000,65459,2,PR,1,100,39292
1701221236.321754,2393586.000,65459,2,PR,1,100,39278
1701221236.361746,2393626.000,65474,3,PR,1,100,39283
1701221236.401738,2393666.000,65474,3,PR,1,100,39287
1701221236.441730,2393706.000,65474,3,PR,1,100,39290
1701221236.481722,2393746.000,65491,2,PR,1,100,39287
1701221236.521714,2393786.000,65491,2,PR,1,100,39290
1701221236.561706,2393826.000,65510,3,PR,1,100,39288
1701221236.601698,2393866.000,65510,3,PR,1,100,39275
1701221236.641690,2393906.000,65510,3,PR,1,100,39284
1701221236.681682,2393946.000,65526,3,PR,1,100,39300
1701221236.721674,2393986.000,65526,3,PR,1,100,39293
1701221236.761666,2394026.000,65526,3,PR,1,100,39299
1701221236.801658,2394066.000,6,2,PR,1,100,39312
1701221236.841650,2394106.000,6,2,PR,1,100,39318
1701221236.881642,2394146.000,22,3,PR,1,100,39309
1701221236.921634,2394186.000,22,3,PR,1,100,39304
1701221236.961626,2394226.000,22,3,PR,1,100,39293
1701221237.001618,2394266.000,39,2,PR,1,100,39303
1701221237.041610,2394306.000,39,2,PR,1,100,39310
1701221237.081602,2394346.000,55,3,PR,1,100,39295
1701221237.121594,2394386.000,55,3,PR,1,100,39309
1701221237.161586,2394426.000,55,3,PR,1,100,39297
1701221237.201578,2394466.000,72,2,PR,1,100,39313
1701221237.241570,2394506.000,72,2,PR,1,100,39302
1701221237.281562,2394546.000,87,3,PR,1,100,39303
1701221237.321554,2394586.000,87,3,PR,1,100,39312
1701221237.361546,2394626.000,87,3,PR,1,100,39316
1701221237.401538,2394666.000,104,2,PR,1,100,39312
1701221237.441530,2394706.000,104,2,PR,1,100,39321
1701221237.481522,2394746.000,121,3,PR,1,100,39297
1701221237.521514,2394786.000,121,3,PR,1,100,39300
1701221237.561506,2394826.000,121,3,PR,1,100,39305
1701221237.607997,2394872.500,137,2,PR,1,100,39322
1701221237.654488,2394919.000,137,2,PR,1,100,39314
1701221237.694480,2394959.000,152,3,PR,1,100,39311
1701221237.734472,2394999.000,152,3,PR,1,100,39323
1701221237.774464,2395039.000,152,3,PR,1,100,39335
1701221237.814456,2395079.000,170,2,PR,1,100,39306
1701221237.854448,2395119.000,170,2,PR,1,100,39315
1701221237.894440,2395159.000,188,3,PR,1,100,39317
1701221237.934432,2395199.000,188,3,PR,1,100,39333
1701221237.974424,2395239.000,188,3,PR,1,100,39317
1701221238.014416,2395279.000,205,2,PR,1,100,39314
1701221238.054408,2395319.000,205,2,PR,1,100,39311
1701221238.094400,2395359.000,220,3,PR,1,100,39308
1701221238.134392,2395399.000,220,3,PR,1,100,39299
1701221238.174384,2395439.000,220,3,PR,1,100,39298
1701221238.214376,2395479.000,237,2,PR,1,100,39313
1701221238.254368,2395519.000,237,2,PR,1,100,39303
1701221238.294360,2395559.000,253,3,PR,1,100,39287
1701221238.334352,2395599.000,253,3,PR,1,100,39313
1701221238.374344,2395639.000,253,3,PR,1,100,39315
1701221238.414336,2395679.000,270,2,PR,1,100,39313
1701221238.454328,2395719.000,270,2,PR,1,100,39293
1701221238.494320,2395759.000,285,3,PR,1,100,39300
1701221238.534312,2395799.000,285,3,PR,1,100,39317
1701221238.574304,2395839.000,285,3,PR,1,100,39295
1701221238.614296,2395879.000,304,2,PR,1,100,39306
1701221238.654288,2395919.000,304,2,PR,1,100,39316
1701221238.694280,2395959.000,320,3,PR,1,100,39322
1701221238.734272,2395999.000,320,3,PR,1,100,39306
1701221238.774264,2396039.000,320,3,PR,1,100,39312
1701221238.814256,2396079.000,338,2,PR,1,100,39309
1701221238.854248,2396119.000,338,2,PR,1,100,39301
1701221238.894240,2396159.000,352,3,PR,1,100,39302
1701221238.934232,2396199.000,352,3,PR,1,100,39318
1701221238.974224,2396239.000,352,3,PR,1,100,39315
1701221239.014216,2396279.000,369,3,PR,1,100,39321
1701221239.054208,2396319.000,369,3,PR,1,100,39306
1701221239.094200,2396359.000,369,3,PR,1,100,39316
1701221239.134192,2396399.000,386,2,PR,1,100,39323
1701221239.174184,2396439.000,386,2,PR,1,100,39314
1701221239.214176,2396479.000,403,3,PR,1,100,39302
1701221239.254168,2396519.000,403,3,PR,1,100,39320
1701221239.294160,2396559.000,403,3,PR,1,100,39319
1701221239.334152,2396599.000,419,2,PR,1,100,39314
1701221239.374144,2396639.000,419,2,PR,1,100,39303
1701221239.414136,2396679.000,436,3,PR,1,100,39312
1701221239.454128,2396719.000,436,3,PR,1,100,39324
1701221239.494120,2396759.000,436,3,PR,1,100,39317
1701221239.534112,2396799.000,453,2,PR,1,100,39307
1701221239.574104,2396839.000,453,2,PR,1,100,39318
1701221239.614096,2396879.000,470,3,PR,1,100,39314
1701221239.654088,2396919.000,470,3,PR,1,100,39298
1701221239.694080,2396959.000,470,3,PR,1,100,39310
1701221239.734072,2396999.000,485,2,PR,1,100,39308
1701221239.774064,2397039.000,485,2,PR,1,100,39315
1701221239.814056,2397079.000,502,3,PR,1,100,39309
1701221239.854048,2397119.000,502,3,PR,1,100,39307
1701221239.894040,2397159.000,502,3,PR,1,100,39331
1701221239.934032,2397199.000,518,2,PR,1,100,39315
1701221239.974024,2397239.000,518,2,PR,1,100,39312
1701221240.014016,2397279.000,535,3,PR,1,100,39312
1701221240.054008,2397319.000,535,3,PR,1,100,39315
1701221240.094000,2397359.000,535,3,PR,1,100,39314
1701221240.133992,2397399.000,552,2,PR,1,100,39303
1701221240.173984,2397439.000,552,2,PR,1,100,39310
1701221240.213976,2397479.000,567,3,PR,1,100,39325
1701221240.253968,2397519.000,567,3,PR,1,100,39319
1701221240.293960,2397559.000,567,3,PR,1,100,39319
1701221240.333952,2397599.000,583,3,PR,1,100,39325
1701221240.373944,2397639.000,583,3,PR,1,100,39328
1701221240.413936,2397679.000,583,3,PR,1,100,39331
1701221240.453928,2397719.000,601,2,PR,1,100,39313
1701221240.493920,2397759.000,601,2,PR,1,100,39315
1701221240.533912,2397799.000,617,3,PR,1,100,39319
1701221240.573905,2397839.000,617,3,PR,1,100,39295
1701221240.613896,2397879.000,617,3,PR,1,100,39307
1701221240.653888,2397919.000,632,2,PR,1,100,39334
1701221240.693880,2397959.000,632,2,PR,1,100,39331
1701221240.733872,2397999.000,648,3,PR,1,100,39357
1701221240.773865,2398039.000,648,3,PR,1,100,39326
1701221240.813856,2398079.000,648,3,PR,1,100,39342
1701221240.853848,2398119.000,666,2,PR,1,100,39324
1701221240.893841,2398159.000,666,2,PR,1,100,39318
1701221240.933832,2398199.000,682,3,PR,1,100,39335
1701221240.973825,2398239.000,682,3,PR,1,100,39320
1701221241.013817,2398279.000,682,3,PR,1,100,39307
1701221241.053808,2398319.000,697,2,PR,1,100,39306
1701221241.093801,2398359.000,697,2,PR,1,100,39319
1701221241.133793,2398399.000,714,3,PR,1,100,39317
1701221241.173784,2398439.000,714,3,PR,1,100,39303
1701221241.213777,2398479.000,714,3,PR,1,100,39311
1701221241.253769,2398519.000,736,2,PR,1,100,39315
1701221241.293761,2398559.000,736,2,PR,1,100,39309
1701221241.333753,2398599.000,752,3,PR,1,100,39300
1701221241.373745,2398639.000,752,3,PR,1,100,39307
1701221241.413737,2398679.000,752,3,PR,1,100,39310
1701221241.453729,2398719.000,768,2,PR,1,100,39304
1701221241.493721,2398759.000,768,2,PR,1,100,39304
1701221241.533713,2398799.000,784,3,PR,1,100,39305
1701221241.573705,2398839.000,784,3,PR,1,100,39320
1701221241.613697,2398879.000,784,3,PR,1,100,39302
1701221241.653689,2398919.000,803,3,PR,1,100,39335
1701221241.693681,2398959.000,803,3,PR,1,100,39344
1701221241.733673,2398999.000,803,3,PR,1,100,39331
1701221241.773665,2399039.000,819,2,PR,1,100,39335
1701221241.813657,2399079.000,819,2,PR,1,100,39333
1701221241.853649,2399119.000,836,3,PR,1,100,39339
1701221241.893641,2399159.000,836,3,PR,1,100,39331
1701221241.933633,2399199.000,836,3,PR,1,100,39340
1701221241.973625,2399239.000,851,2,PR,1,100,39344
1701221242.013617,2399279.000,851,2,PR,1,100,39342
1701221242.053609,2399319.000,868,3,PR,1,100,39329
1701221242.093601,2399359.000,868,3,PR,1,100,39315
1701221242.133593,2399399.000,868,3,PR,1,100,39302
1701221242.173585,2399439.000,885,2,PR,1,100,39278
1701221242.213577,2399479.000,885,2,PR,1,100,39254
1701221242.253569,2399519.000,904,3,PR,1,100,39235
1701221242.293561,2399559.000,904,3,PR,1,100,39208
1701221242.333553,2399599.000,904,3,PR,1,100,39223
1701221242.373545,2399639.000,918,2,PR,1,100,39210
1701221242.413537,2399679.000,918,2,PR,1,100,39219
1701221242.453529,2399719.000,936,3,PR,1,100,39229
1701221242.493521,2399759.000,936,3,PR,1,100,39233
1701221242.533513,2399799.000,936,3,PR,1,100,39252
1701221242.580004,2399845.500,952,2,PR,1,100,39265
1701221242.626494,2399892.000,952,2,PR,1,100,39264
1701221242.666486,2399932.000,971,3,PR,1,100,39238
1701221242.706478,2399972.000,971,3,PR,1,100,39218
1701221242.746470,2400012.000,971,3,PR,1,100,39225
1701221242.786462,2400052.000,986,2,PR,1,100,39223
1701221242.826454,2400092.000,986,2,PR,1,100,39222
1701221242.866446,2400132.000,1005,3,PR,1,100,39228
1701221242.906438,2400172.000,1005,3,PR,1,100,39220
1701221242.946430,2400212.000,1005,3,PR,1,100,39219
1701221242.986423,2400252.000,1021,2,PR,1,100,39213
1701221243.026414,2400292.000,1021,2,PR,1,100,39214
1701221243.066740,2400332.333,1038,3,PR,1,100,39225
1701221243.107065,2400372.667,1038,3,PR,1,100,39229
1701221243.147390,2400413.000,1038,3,PR,1,100,39214
1701221243.186882,2400452.500,1053,2,PR,1,100,39229
1701221243.226375,2400492.000,1053,2,PR,1,100,39240
1701221243.266366,2400532.000,1072,3,PR,1,100,39227
1701221243.306359,2400572.000,1072,3,PR,1,100,39221
1701221243.346351,2400612.000,1072,3,PR,1,100,39221
1701221243.386343,2400652.000,1088,2,PR,1,100,39231
1701221243.426335,2400692.000,1088,2,PR,1,100,39239
1701221243.466327,2400732.000,1106,3,PR,1,100,39237
1701221243.506319,2400772.000,1106,3,PR,1,100,39227
1701221243.546311,2400812.000,1106,3,PR,1,100,39224
1701221243.586303,2400852.000,1120,2,PR,1,100,39226
1701221243.626295,2400892.000,1120,2,PR,1,100,39215
1701221243.666287,2400932.000,1137,3,PR,1,100,39206
1701221243.706279,2400972.000,1137,3,PR,1,100,39232
1701221243.746271,2401012.000,1137,3,PR,1,100,39217
1701221243.786263,2401052.000,1154,3,PR,1,100,39244
1701221243.826255,2401092.000,1154,3,PR,1,100,39240
1701221243.866247,2401132.000,1154,3,PR,1,100,39250
1701221243.906239,2401172.000,1173,2,PR,1,100,39224
1701221243.946231,2401212.000,1173,2,PR,1,100,39222
1701221243.986223,2401252.000,1188,3,PR,1,100,39243
1701221244.026215,2401292.000,1188,3,PR,1,100,39240
1701221244.066207,2401332.000,1188,3,PR,1,100,39231
1701221244.106199,2401372.000,1205,2,PR,1,100,39232
1701221244.146191,2401412.000,1205,2,PR,1,100,39230
1701221244.186183,2401452.000,1221,3,PR,1,100,39234
1701221244.226175,2401492.000,1221,3,PR,1,100,39229
1701221244.266167,2401532.000,1221,3,PR,1,100,39228
1701221244.306159,2401572.000,1238,2,PR,1,100,39235
1701221244.346151,2401612.000,1238,2,PR,1,100,39240
1701221244.386143,2401652.000,1254,3,PR,1,100,39241
1701221244.426135,2401692.000,1254,3,PR,1,100,39237
1701221244.466127,2401732.000,1254,3,PR,1,100,39218
1701221244.506119,2401772.000,1274,2,PR,1,100,39225
1701221244.546111,2401812.000,1274,2,PR,1,100,39231
1701221244.586103,2401852.000,1290,3,PR,1,100,39227
1701221244.626095,2401892.000,1290,3,PR,1,100,39224
1701221244.666087,2401932.000,1290,3,PR,1,100,39227
1701221244.706079,2401972.000,1307,2,PR,1,100,39235
1701221244.746071,2402012.000,1307,2,PR,1,100,39255
1701221244.786063,2402052.000,1324,3,PR,1,100,39255
1701221244.826055,2402092.000,1324,3,PR,1,100,39236
1701221244.866047,2402132.000,1324,3,PR,1,100,39230
1701221244.906039,2402172.000,1339,3,PR,1,100,39242
1701221244.946031,2402212.000,1339,3,PR,1,100,39243
1701221244.986023,2402252.000,1339,3,PR,1,100,39236
1701221245.026015,2402292.000,1355,2,PR,1,100,39233
1701221245.066007,2402332.000,1355,2,PR,1,100,39242
1701221245.105999,2402372.000,1373,3,PR,1,100,39230
1701221245.145991,2402412.000,1373,3,PR,1,100,39243
1701221245.185983,2402452.000,1373,3,PR,1,100,39233
1701221245.225975,2402492.000,1391,2,PR,1,100,39239
1701221245.265967,2402532.000,1391,2,PR,1,100,39247
1701221245.305959,2402572.000,1406,3,PR,1,100,39234
1701221245.345951,2402612.000,1406,3,PR,1,100,39244
1701221245.385943,2402652.000,1406,3,PR,1,100,39240
1701221245.425935,2402692.000,1422,2,PR,1,100,39232
1701221245.465927,2402732.000,1422,2,PR,1,100,39229
1701221245.505919,2402772.000,1440,3,PR,1,100,39227
1701221245.545911,2402812.000,1440,3,PR,1,100,39221
1701221245.585903,2402852.000,1440,3,PR,1,100,39229
1701221245.625895,2402892.000,1456,2,PR,1,100,39221
1701221245.665887,2402932.000,1456,2,PR,1,100,39219
1701221245.705879,2402972.000,1472,3,PR,1,100,39229
1701221245.745871,2403012.000,1472,3,PR,1,100,39216
1701221245.785863,2403052.000,1472,3,PR,1,100,39213
1701221245.825855,2403092.000,1488,2,PR,1,100,39234
1701221245.865847,2403132.000,1488,2,PR,1,100,39233
1701221245.905839,2403172.000,1507,3,PR,1,100,39215
1701221245.945831,2403212.000,1507,3,PR,1,100,39230
1701221245.985823,2403252.000,1507,3,PR,1,100,39239
1701221246.025815,2403292.000,1523,2,PR,1,100,39229
1701221246.065807,2403332.000,1523,2,PR,1,100,39229
1701221246.105799,2403372.000,1540,3,PR,1,100,39223
1701221246.145791,2403412.000,1540,3,PR,1,100,39245
1701221246.185783,2403452.000,1540,3,PR,1,100,39229
1701221246.225775,2403492.000,1555,3,PR,1,100,39237
1701221246.265767,2403532.000,1555,3,PR,1,100,39229
1701221246.305759,2403572.000,1555,3,PR,1,100,39237
1701221246.345751,2403612.000,1577,2,PR,1,100,39236
1701221246.385743,2403652.000,1577,2,PR,1,100,39234
1701221246.425735,2403692.000,1594,3,PR,1,100,39219
1701221246.465727,2403732.000,1594,3,PR,1,100,39226
1701221246.505719,2403772.000,1594,3,PR,1,100,39232
1701221246.545712,2403812.000,1611,2,PR,1,100,39228
1701221246.585703,2403852.000,1611,2,PR,1,100,39228
1701221246.625695,2403892.000,1625,3,PR,1,100,39232
1701221246.665688,2403932.000,1625,3,PR,1,100,39228
1701221246.705679,2403972.000,1625,3,PR,1,100,39220
1701221246.745672,2404012.000,1642,2,PR,1,100,39235
1701221246.785664,2404052.000,1642,2,PR,1,100,39238
