LocalTimestamp,EmotiBitTimestamp,PacketNumber,DataLength,TypeTag,ProtocolVersion,DataReliability,EM
1701221177.774449,2335027.000,55964,4,EM,1,100,RS
1701221177.774449,2335027.000,55964,4,EM,1,100,RB
1701221177.774449,2335027.000,55964,4,EM,1,100,2023-11-28_20-26-16-815628.csv
1701221177.774449,2335027.000,55964,4,EM,1,100,PS
1701221177.824689,2335077.250,55987,4,EM,1,100,RS
1701221177.874929,2335127.500,55987,4,EM,1,100,RB
1701221177.925169,2335177.750,55987,4,EM,1,100,2023-11-28_20-26-16-815628.csv
1701221177.975409,2335228.000,55987,4,EM,1,100,PS
1701221178.025649,2335278.250,56018,4,EM,1,100,RS
1701221178.075889,2335328.500,56018,4,EM,1,100,RB
1701221178.126129,2335378.750,56018,4,EM,1,100,2023-11-28_20-26-16-815628.csv
1701221178.176369,2335429.000,56018,4,EM,1,100,PS
1701221178.227109,2335479.750,56052,4,EM,1,100,RS
1701221178.277849,2335530.500,56052,4,EM,1,100,RB
1701221178.328589,2335581.250,56052,4,EM,1,100,2023-11-28_20-26-16-815628.csv
1701221178.379329,2335632.000,56052,4,EM,1,100,PS
1701221178.429569,2335682.250,56083,4,EM,1,100,RS
1701221178.479809,2335732.500,56083,4,EM,1,100,RB
1701221178.530049,2335782.750,56083,4,EM,1,100,2023-11-28_20-26-16-815628.csv
1701221178.580288,2335833.000,56083,4,EM,1,100,PS
1701221178.630528,2335883.250,56117,4,EM,1,100,RS
1701221178.680768,2335933.500,56117,4,EM,1,100,RB
1701221178.731008,2335983.750,56117,4,EM,1,100,2023-11-28_20-26-16-815628.csv
1701221178.781248,2336034.000,56117,4,EM,1,100,PS
1701221178.831488,2336084.250,56149,4,EM,1,100,RS
1701221178.881728,2336134.500,56149,4,EM,1,100,RB
1701221178.931968,2336184.750,56149,4,EM,1,100,2023-11-28_20-26-16-815628.csv
1701221178.982208,2336235.000,56149,4,EM,1,100,PS
1701221179.032948,2336285.750,56182,4,EM,1,100,RS
1701221179.083688,2336336.500,56182,4,EM,1,100,RB
1701221179.134428,2336387.250,56182,4,EM,1,100,2023-11-28_20-26-16-815628.csv
1701221179.185168,2336438.000,56182,4,EM,1,100,PS
1701221179.235408,2336488.250,56214,4,EM,1,100,RS
1701221179.285648,2336538.500,56214,4,EM,1,100,RB
1701221179.335887,2336588.750,56214,4,EM,1,100,2023-11-28_20-26-16-815628.csv
1701221179.386127,2336639.000,56214,4,EM,1,100,PS
1701221179.436368,2336689.250,56247,4,EM,1,100,RS
1701221179.486607,2336739.500,56247,4,EM,1,100,RB
1701221179.536847,2336789.750,56247,4,EM,1,100,2023-11-28_20-26-16-815628.csv
1701221179.587087,2336840.000,56247,4,EM,1,100,PS
1701221179.637327,2336890.250,56279,4,EM,1,100,RS
1701221179.687567,2336940.500,56279,4,EM,1,100,RB
1701221179.737807,2336990.750,56279,4,EM,1,100,2023-11-28_20-26-16-815628.csv
1701221179.788047,2337041.000,56279,4,EM,1,100,PS
1701221179.844536,2337097.500,56316,4,EM,1,100,RS
1701221179.901025,2337154.000,56316,4,EM,1,100,RB
1701221179.957513,2337210.500,56316,4,EM,1,100,2023-11-28_20-26-16-815628.csv
1701221180.014002,2337267.000,56316,4,EM,1,100,PS
1701221180.064242,2337317.250,56349,4,EM,1,100,RS
1701221180.114482,2337367.500,56349,4,EM,1,100,RB
1701221180.164722,2337417.750,56349,4,EM,1,100,2023-11-28_20-26-16-815628.csv
1701221180.214962,2337468.000,56349,4,EM,1,100,PS
1701221180.265202,2337518.250,56381,4,EM,1,100,RS
1701221180.315442,2337568.500,56381,4,EM,1,100,RB
1701221180.365682,2337618.750,56381,4,EM,1,100,2023-11-28_20-26-16-815628.csv
1701221180.415922,2337669.000,56381,4,EM,1,100,PS
1701221180.466662,2337719.750,56415,4,EM,1,100,RS
1701221180.517401,2337770.500,56415,4,EM,1,100,RB
1701221180.568141,2337821.250,56415,4,EM,1,100,2023-11-28_20-26-16-815628.csv
1701221180.618881,2337872.000,56415,4,EM,1,100,PS
1701221180.669121,2337922.250,56446,4,EM,1,100,RS
1701221180.719361,2337972.500,56446,4,EM,1,100,RB
1701221180.769601,2338022.750,56446,4,EM,1,100,2023-11-28_20-26-16-815628.csv
1701221180.819841,2338073.000,56446,4,EM,1,100,PS
1701221180.870081,2338123.250,56480,4,EM,1,100,RS
1701221180.920321,2338173.500,56480,4,EM,1,100,RB
1701221180.970561,2338223.750,56480,4,EM,1,100,2023-11-28_20-26-16-815628.csv
1701221181.020801,2338274.000,56480,4,EM,1,100,PS
1701221181.071041,2338324.250,56511,4,EM,1,100,RS
1701221181.121281,2338374.500,56511,4,EM,1,100,RB
1701221181.171521,2338424.750,56511,4,EM,1,100,2023-11-28_20-26-16-815628.csv
1701221181.221761,2338475.000,56511,4,EM,1,100,PS
1701221181.272501,2338525.750,56545,4,EM,1,100,RS
1701221181.323241,2338576.500,56545,4,EM,1,100,RB
1701221181.373980,2338627.250,56545,4,EM,1,100,2023-11-28_20-26-16-815628.csv
1701221181.424720,2338678.000,56545,4,EM,1,100,PS
1701221181.474960,2338728.250,56581,4,EM,1,100,RS
1701221181.525200,2338778.500,56581,4,EM,1,100,RB
1701221181.575440,2338828.750,56581,4,EM,1,100,2023-11-28_20-26-16-815628.csv
1701221181.625680,2338879.000,56581,4,EM,1,100,PS
1701221181.675920,2338929.250,56614,4,EM,1,100,RS
1701221181.726160,2338979.500,56614,4,EM,1,100,RB
1701221181.776400,2339029.750,56614,4,EM,1,100,2023-11-28_20-26-16-815628.csv
1701221181.826640,2339080.000,56614,4,EM,1,100,PS
1701221181.876880,2339130.250,56646,4,EM,1,100,RS
1701221181.927120,2339180.500,56646,4,EM,1,100,RB
1701221181.977360,2339230.750,56646,4,EM,1,100,2023-11-28_20-26-16-815628.csv
1701221182.027600,2339281.000,56646,4,EM,1,100,PS
1701221182.077840,2339331.250,56681,4,EM,1,100,RS
1701221182.128080,2339381.500,56681,4,EM,1,100,RB
1701221182.178320,2339431.750,56681,4,EM,1,100,2023-11-28_20-26-16-815628.csv
1701221182.228560,2339482.000,56681,4,EM,1,100,PS
1701221182.279799,2339533.250,56714,4,EM,1,100,RS
1701221182.331039,2339584.500,56714,4,EM,1,100,RB
1701221182.382279,2339635.750,56714,4,EM,1,100,2023-11-28_20-26-16-815628.csv
1701221182.433519,2339687.000,56714,4,EM,1,100,PS
1701221182.483759,2339737.250,56747,4,EM,1,100,RS
1701221182.533999,2339787.500,56747,4,EM,1,100,RB
1701221182.584239,2339837.750,56747,4,EM,1,100,2023-11-28_20-26-16-815628.csv
1701221182.634479,2339888.000,56747,4,EM,1,100,PS
1701221182.685968,2339939.500,56780,4,EM,1,100,RS
1701221182.737458,2339991.000,56780,4,EM,1,100,RB
1701221182.788948,2340042.500,56780,4,EM,1,100,2023-11-28_20-26-16-815628.csv
1701221182.840437,2340094.000,56780,4,EM,1,100,PS
1701221182.890677,2340144.250,56814,4,EM,1,100,RS
1701221182.940917,2340194.500,56814,4,EM,1,100,RB
1701221182.991157,2340244.750,56814,4,EM,1,100,2023-11-28_20-26-16-815628.csv
1701221183.041397,2340295.000,56814,4,EM,1,100,PS
1701221183.092387,2340346.000,56850,4,EM,1,100,RS
1701221183.143377,2340397.000,56850,4,EM,1,100,RB
1701221183.194367,2340448.000,56850,4,EM,1,100,2023-11-28_20-26-16-815628.csv
1701221183.245357,2340499.000,56850,4,EM,1,100,PS
1701221183.295597,2340549.250,56881,4,EM,1,100,RS
1701221183.345836,2340599.500,56881,4,EM,1,100,RB
1701221183.396076,2340649.750,56881,4,EM,1,100,2023-11-28_20-26-16-815628.csv
1701221183.446316,2340700.000,56881,4,EM,1,100,PS
1701221183.496806,2340750.500,56917,4,EM,1,100,RS
1701221183.547296,2340801.000,56917,4,EM,1,100,RB
1701221183.597786,2340851.500,56917,4,EM,1,100,2023-11-28_20-26-16-815628.csv
1701221183.648276,2340902.000,56917,4,EM,1,100,PS
1701221183.698266,2340952.000,56948,4,EM,1,100,RS
1701221183.748256,2341002.000,56948,4,EM,1,100,RB
1701221183.798246,2341052.000,56948,4,EM,1,100,2023-11-28_20-26-16-815628.csv
1701221183.848236,2341102.000,56948,4,EM,1,100,PS
1701221183.898476,2341152.250,56982,4,EM,1,100,RS
1701221183.948716,2341202.500,56982,4,EM,1,100,RB
1701221183.998956,2341252.750,56982,4,EM,1,100,2023-11-28_20-26-16-815628.csv
1701221184.049196,2341303.000,56982,4,EM,1,100,PS
1701221184.099436,2341353.250,57014,4,EM,1,100,RS
1701221184.149676,2341403.500,57014,4,EM,1,100,RB
1701221184.199916,2341453.750,57014,4,EM,1,100,2023-11-28_20-26-16-815628.csv
1701221184.250156,2341504.000,57014,4,EM,1,100,PS
1701221184.300396,2341554.250,57047,4,EM,1,100,RS
1701221184.350636,2341604.500,57047,4,EM,1,100,RB
1701221184.400876,2341654.750,57047,4,EM,1,100,2023-11-28_20-26-16-815628.csv
1701221184.451116,2341705.000,57047,4,EM,1,100,PS
1701221184.501356,2341755.250,57079,4,EM,1,100,RS
1701221184.551596,2341805.500,57079,4,EM,1,100,RB
1701221184.601835,2341855.750,57079,4,EM,1,100,2023-11-28_20-26-16-815628.csv
1701221184.652076,2341906.000,57079,4,EM,1,100,PS
1701221184.702565,2341956.500,57112,4,EM,1,100,RS
1701221184.753055,2342007.000,57112,4,EM,1,100,RB
1701221184.803545,2342057.500,57112,4,EM,1,100,2023-11-28_20-26-16-815628.csv
1701221184.854035,2342108.000,57112,4,EM,1,100,PS
1701221184.908274,2342162.250,57137,4,EM,1,100,RS
1701221184.962513,2342216.500,57137,4,EM,1,100,RB
1701221185.016753,2342270.750,57137,4,EM,1,100,2023-11-28_20-26-16-815628.csv
1701221185.070992,2342325.000,57137,4,EM,1,100,PS
1701221185.121232,2342375.250,57168,4,EM,1,100,RS
1701221185.171472,2342425.500,57168,4,EM,1,100,RB
1701221185.221712,2342475.750,57168,4,EM,1,100,2023-11-28_20-26-16-815628.csv
1701221185.271952,2342526.000,57168,4,EM,1,100,PS
1701221185.322192,2342576.250,57202,4,EM,1,100,RS
1701221185.372432,2342626.500,57202,4,EM,1,100,RB
1701221185.422672,2342676.750,57202,4,EM,1,100,2023-11-28_20-26-16-815628.csv
1701221185.472912,2342727.000,57202,4,EM,1,100,PS
1701221185.523152,2342777.250,57237,4,EM,1,100,RS
1701221185.573391,2342827.500,57237,4,EM,1,100,RB
1701221185.623631,2342877.750,57237,4,EM,1,100,2023-11-28_20-26-16-815628.csv
1701221185.673872,2342928.000,57237,4,EM,1,100,PS
1701221185.724111,2342978.250,57269,4,EM,1,100,RS
1701221185.774351,2343028.500,57269,4,EM,1,100,RB
1701221185.824591,2343078.750,57269,4,EM,1,100,2023-11-28_20-26-16-815628.csv
1701221185.874831,2343129.000,57269,4,EM,1,100,PS
1701221185.925071,2343179.250,57304,4,EM,1,100,RS
1701221185.975311,2343229.500,57304,4,EM,1,100,RB
1701221186.025551,2343279.750,57304,4,EM,1,100,2023-11-28_20-26-16-815628.csv
1701221186.075791,2343330.000,57304,4,EM,1,100,PS
1701221186.126031,2343380.250,57341,4,EM,1,100,RS
1701221186.176271,2343430.500,57341,4,EM,1,100,RB
1701221186.226511,2343480.750,57341,4,EM,1,100,2023-11-28_20-26-16-815628.csv
1701221186.276751,2343531.000,57341,4,EM,1,100,PS
1701221186.326991,2343581.250,57374,4,EM,1,100,RS
1701221186.377231,2343631.500,57374,4,EM,1,100,RB
1701221186.427471,2343681.750,57374,4,EM,1,100,2023-11-28_20-26-16-815628.csv
1701221186.477711,2343732.000,57374,4,EM,1,100,PS
1701221186.527951,2343782.250,57406,4,EM,1,100,RS
1701221186.578191,2343832.500,57406,4,EM,1,100,RB
1701221186.628431,2343882.750,57406,4,EM,1,100,2023-11-28_20-26-16-815628.csv
1701221186.678671,2343933.000,57406,4,EM,1,100,PS
1701221186.728911,2343983.250,57439,4,EM,1,100,RS
1701221186.779151,2344033.500,57439,4,EM,1,100,RB
1701221186.829391,2344083.750,57439,4,EM,1,100,2023-11-28_20-26-16-815628.csv
1701221186.879631,2344134.000,57439,4,EM,1,100,PS
1701221186.929871,2344184.250,57471,4,EM,1,100,RS
1701221186.980110,2344234.500,57471,4,EM,1,100,RB
1701221187.030350,2344284.750,57471,4,EM,1,100,2023-11-28_20-26-16-815628.csv
1701221187.080590,2344335.000,57471,4,EM,1,100,PS
1701221187.131830,2344386.250,57505,4,EM,1,100,RS
1701221187.183070,2344437.500,57505,4,EM,1,100,RB
1701221187.234310,2344488.750,57505,4,EM,1,100,2023-11-28_20-26-16-815628.csv
1701221187.285549,2344540.000,57505,4,EM,1,100,PS
1701221187.336539,2344591.000,57536,4,EM,1,100,RS
1701221187.387529,2344642.000,57536,4,EM,1,100,RB
1701221187.438519,2344693.000,57536,4,EM,1,100,2023-11-28_20-26-16-815628.csv
1701221187.489509,2344744.000,57536,4,EM,1,100,PS
1701221187.539749,2344794.250,57572,4,EM,1,100,RS
1701221187.589989,2344844.500,57572,4,EM,1,100,RB
1701221187.640229,2344894.750,57572,4,EM,1,100,2023-11-28_20-26-16-815628.csv
1701221187.690469,2344945.000,57572,4,EM,1,100,PS
1701221187.740709,2344995.250,57603,4,EM,1,100,RS
1701221187.790949,2345045.500,57603,4,EM,1,100,RB
1701221187.841188,2345095.750,57603,4,EM,1,100,2023-11-28_20-26-16-815628.csv
1701221187.891428,2345146.000,57603,4,EM,1,100,PS
1701221187.941669,2345196.250,57639,4,EM,1,100,RS
1701221187.991908,2345246.500,57639,4,EM,1,100,RB
1701221188.042148,2345296.750,57639,4,EM,1,100,2023-11-28_20-26-16-815628.csv
1701221188.092388,2345347.000,57639,4,EM,1,100,PS
1701221188.142628,2345397.250,57671,4,EM,1,100,RS
1701221188.192868,2345447.500,57671,4,EM,1,100,RB
1701221188.243108,2345497.750,57671,4,EM,1,100,2023-11-28_20-26-16-815628.csv
1701221188.293348,2345548.000,57671,4,EM,1,100,PS
1701221188.344338,2345599.000,57704,4,EM,1,100,RS
1701221188.395328,2345650.000,57704,4,EM,1,100,RB
1701221188.446318,2345701.000,57704,4,EM,1,100,2023-11-28_20-26-16-815628.csv
1701221188.497307,2345752.000,57704,4,EM,1,100,PS
1701221188.547547,2345802.250,57738,4,EM,1,100,RS
1701221188.597787,2345852.500,57738,4,EM,1,100,RB
1701221188.648027,2345902.750,57738,4,EM,1,100,2023-11-28_20-26-16-815628.csv
1701221188.698267,2345953.000,57738,4,EM,1,100,PS
1701221188.748507,2346003.250,57771,4,EM,1,100,RS
1701221188.798747,2346053.500,57771,4,EM,1,100,RB
1701221188.848987,2346103.750,57771,4,EM,1,100,2023-11-28_20-26-16-815628.csv
1701221188.899227,2346154.000,57771,4,EM,1,100,PS
1701221188.949717,2346204.500,57803,4,EM,1,100,RS
1701221189.000207,2346255.000,57803,4,EM,1,100,RB
1701221189.050697,2346305.500,57803,4,EM,1,100,2023-11-28_20-26-16-815628.csv
1701221189.101187,2346356.000,57803,4,EM,1,100,PS
1701221189.151427,2346406.250,57837,4,EM,1,100,RS
1701221189.201667,2346456.500,57837,4,EM,1,100,RB
1701221189.251907,2346506.750,57837,4,EM,1,100,2023-11-28_20-26-16-815628.csv
1701221189.302147,2346557.000,57837,4,EM,1,100,PS
1701221189.352387,2346607.250,57868,4,EM,1,100,RS
1701221189.402627,2346657.500,57868,4,EM,1,100,RB
1701221189.452867,2346707.750,57868,4,EM,1,100,2023-11-28_20-26-16-815628.csv
1701221189.503107,2346758.000,57868,4,EM,1,100,PS
1701221189.553346,2346808.250,57904,4,EM,1,100,RS
1701221189.603586,2346858.500,57904,4,EM,1,100,RB
1701221189.653826,2346908.750,57904,4,EM,1,100,2023-11-28_20-26-16-815628.csv
1701221189.704066,2346959.000,57904,4,EM,1,100,PS
1701221189.754306,2347009.250,57936,4,EM,1,100,RS
1701221189.804546,2347059.500,57936,4,EM,1,100,RB
1701221189.854786,2347109.750,57936,4,EM,1,100,2023-11-28_20-26-16-815628.csv
1701221189.905026,2347160.000,57936,4,EM,1,100,PS
1701221189.976262,2347231.250,57972,4,EM,1,100,RS
1701221190.047498,2347302.500,57972,4,EM,1,100,RB
1701221190.118733,2347373.750,57972,4,EM,1,100,2023-11-28_20-26-16-815628.csv
1701221190.189969,2347445.000,57972,4,EM,1,100,PS
1701221190.240209,2347495.250,58008,4,EM,1,100,RS
1701221190.290449,2347545.500,58008,4,EM,1,100,RB
1701221190.340689,2347595.750,58008,4,EM,1,100,2023-11-28_20-26-16-815628.csv
1701221190.390929,2347646.000,58008,4,EM,1,100,PS
1701221190.441169,2347696.250,58039,4,EM,1,100,RS
1701221190.491409,2347746.500,58039,4,EM,1,100,RB
1701221190.541649,2347796.750,58039,4,EM,1,100,2023-11-28_20-26-16-815628.csv
1701221190.591889,2347847.000,58039,4,EM,1,100,PS
1701221190.642129,2347897.250,58073,4,EM,1,100,RS
1701221190.692369,2347947.500,58073,4,EM,1,100,RB
1701221190.742609,2347997.750,58073,4,EM,1,100,2023-11-28_20-26-16-815628.csv
1701221190.792849,2348048.000,58073,4,EM,1,100,PS
1701221190.843089,2348098.250,58107,4,EM,1,100,RS
1701221190.893329,2348148.500,58107,4,EM,1,100,RB
1701221190.943569,2348198.750,58107,4,EM,1,100,2023-11-28_20-26-16-815628.csv
1701221190.993809,2348249.000,58107,4,EM,1,100,PS
1701221191.044799,2348300.000,58140,4,EM,1,100,RS
1701221191.095788,2348351.000,58140,4,EM,1,100,RB
1701221191.146778,2348402.000,58140,4,EM,1,100,2023-11-28_20-26-16-815628.csv
1701221191.197768,2348453.000,58140,4,EM,1,100,PS
1701221191.248008,2348503.250,58172,4,EM,1,100,RS
1701221191.298248,2348553.500,58172,4,EM,1,100,RB
1701221191.348488,2348603.750,58172,4,EM,1,100,2023-11-28_20-26-16-815628.csv
1701221191.398728,2348654.000,58172,4,EM,1,100,PS
1701221191.449718,2348705.000,58205,4,EM,1,100,RS
1701221191.500707,2348756.000,58205,4,EM,1,100,RB
1701221191.551697,2348807.000,58205,4,EM,1,100,2023-11-28_20-26-16-815628.csv
1701221191.602687,2348858.000,58205,4,EM,1,100,PS
1701221191.652927,2348908.250,58237,4,EM,1,100,RS
1701221191.703167,2348958.500,58237,4,EM,1,100,RB
1701221191.753407,2349008.750,58237,4,EM,1,100,2023-11-28_20-26-16-815628.csv
1701221191.803647,2349059.000,58237,4,EM,1,100,PS
1701221191.854387,2349109.750,58271,4,EM,1,100,RS
1701221191.905127,2349160.500,58271,4,EM,1,100,RB
1701221191.955867,2349211.250,58271,4,EM,1,100,2023-11-28_20-26-16-815628.csv
1701221192.006606,2349262.000,58271,4,EM,1,100,PS
1701221192.056846,2349312.250,58304,4,EM,1,100,RS
1701221192.107086,2349362.500,58304,4,EM,1,100,RB
1701221192.157326,2349412.750,58304,4,EM,1,100,2023-11-28_20-26-16-815628.csv
1701221192.207566,2349463.000,58304,4,EM,1,100,PS
1701221192.257806,2349513.250,58338,4,EM,1,100,RS
1701221192.308046,2349563.500,58338,4,EM,1,100,RB
1701221192.358286,2349613.750,58338,4,EM,1,100,2023-11-28_20-26-16-815628.csv
1701221192.408526,2349664.000,58338,4,EM,1,100,PS
1701221192.458766,2349714.250,58374,4,EM,1,100,RS
1701221192.509006,2349764.500,58374,4,EM,1,100,RB
1701221192.559246,2349814.750,58374,4,EM,1,100,2023-11-28_20-26-16-815628.csv
1701221192.609486,2349865.000,58374,4,EM,1,100,PS
1701221192.659726,2349915.250,58405,4,EM,1,100,RS
1701221192.709966,2349965.500,58405,4,EM,1,100,RB
1701221192.760206,2350015.750,58405,4,EM,1,100,2023-11-28_20-26-16-815628.csv
1701221192.810446,2350066.000,58405,4,EM,1,100,PS
1701221192.862685,2350118.250,58441,4,EM,1,100,RS
1701221192.914925,2350170.500,58441,4,EM,1,100,RB
1701221192.967165,2350222.750,58441,4,EM,1,100,2023-11-28_20-26-16-815628.csv
1701221193.019404,2350275.000,58441,4,EM,1,100,PS
1701221193.069644,2350325.250,58472,4,EM,1,100,RS
1701221193.119884,2350375.500,58472,4,EM,1,100,RB
1701221193.170124,2350425.750,58472,4,EM,1,100,2023-11-28_20-26-16-815628.csv
1701221193.220364,2350476.000,58472,4,EM,1,100,PS
1701221193.270604,2350526.250,58506,4,EM,1,100,RS
1701221193.320844,2350576.500,58506,4,EM,1,100,RB
1701221193.371084,2350626.750,58506,4,EM,1,100,2023-11-28_20-26-16-815628.csv
1701221193.421324,2350677.000,58506,4,EM,1,100,PS
1701221193.471564,2350727.250,58538,4,EM,1,100,RS
1701221193.521804,2350777.500,58538,4,EM,1,100,RB
1701221193.572044,2350827.750,58538,4,EM,1,100,2023-11-28_20-26-16-815628.csv
1701221193.622284,2350878.000,58538,4,EM,1,100,PS
1701221193.672774,2350928.500,58571,4,EM,1,100,RS
1701221193.723264,2350979.000,58571,4,EM,1,100,RB
1701221193.773753,2351029.500,58571,4,EM,1,100,2023-11-28_20-26-16-815628.csv
1701221193.824243,2351080.000,58571,4,EM,1,100,PS
1701221193.874483,2351130.250,58604,4,EM,1,100,RS
1701221193.924723,2351180.500,58604,4,EM,1,100,RB
1701221193.974963,2351230.750,58604,4,EM,1,100,2023-11-28_20-26-16-815628.csv
1701221194.025203,2351281.000,58604,4,EM,1,100,PS
1701221194.076443,2351332.250,58636,4,EM,1,100,RS
1701221194.127683,2351383.500,58636,4,EM,1,100,RB
1701221194.178922,2351434.750,58636,4,EM,1,100,2023-11-28_20-26-16-815628.csv
1701221194.230162,2351486.000,58636,4,EM,1,100,PS
1701221194.280152,2351536.000,58669,4,EM,1,100,RS
1701221194.330142,2351586.000,58669,4,EM,1,100,RB
1701221194.380132,2351636.000,58669,4,EM,1,100,2023-11-28_20-26-16-815628.csv
1701221194.430122,2351686.000,58669,4,EM,1,100,PS
1701221194.480362,2351736.250,58702,4,EM,1,100,RS
1701221194.530602,2351786.500,58702,4,EM,1,100,RB
1701221194.580842,2351836.750,58702,4,EM,1,100,2023-11-28_20-26-16-815628.csv
1701221194.631082,2351887.000,58702,4,EM,1,100,PS
1701221194.682322,2351938.250,58737,4,EM,1,100,RS
1701221194.733562,2351989.500,58737,4,EM,1,100,RB
1701221194.784801,2352040.750,58737,4,EM,1,100,2023-11-28_20-26-16-815628.csv
1701221194.836041,2352092.000,58737,4,EM,1,100,PS
1701221194.886531,2352142.500,58769,4,EM,1,100,RS
1701221194.937021,2352193.000,58769,4,EM,1,100,RB
1701221194.987511,2352243.500,58769,4,EM,1,100,2023-11-28_20-26-16-815628.csv
1701221195.038001,2352294.000,58769,4,EM,1,100,PS
1701221195.105737,2352361.750,58791,4,EM,1,100,RS
1701221195.173474,2352429.500,58791,4,EM,1,100,RB
1701221195.241210,2352497.250,58791,4,EM,1,100,2023-11-28_20-26-16-815628.csv
1701221195.308947,2352565.000,58791,4,EM,1,100,PS
1701221195.359187,2352615.250,58824,4,EM,1,100,RS
1701221195.409427,2352665.500,58824,4,EM,1,100,RB
1701221195.459666,2352715.750,58824,4,EM,1,100,2023-11-28_20-26-16-815628.csv
1701221195.509907,2352766.000,58824,4,EM,1,100,PS
1701221195.560147,2352816.250,58858,4,EM,1,100,RS
1701221195.610386,2352866.500,58858,4,EM,1,100,RB
1701221195.660626,2352916.750,58858,4,EM,1,100,2023-11-28_20-26-16-815628.csv
1701221195.710866,2352967.000,58858,4,EM,1,100,PS
1701221195.761106,2353017.250,58889,4,EM,1,100,RS
1701221195.811346,2353067.500,58889,4,EM,1,100,RB
1701221195.861586,2353117.750,58889,4,EM,1,100,2023-11-28_20-26-16-815628.csv
1701221195.911826,2353168.000,58889,4,EM,1,100,PS
1701221195.962066,2353218.250,58923,4,EM,1,100,RS
1701221196.012306,2353268.500,58923,4,EM,1,100,RB
1701221196.062546,2353318.750,58923,4,EM,1,100,2023-11-28_20-26-16-815628.csv
1701221196.112786,2353369.000,58923,4,EM,1,100,PS
1701221196.163026,2353419.250,58955,4,EM,1,100,RS
1701221196.213266,2353469.500,58955,4,EM,1,100,RB
1701221196.263506,2353519.750,58955,4,EM,1,100,2023-11-28_20-26-16-815628.csv
1701221196.313746,2353570.000,58955,4,EM,1,100,PS
1701221196.363986,2353620.250,58988,4,EM,1,100,RS
1701221196.414226,2353670.500,58988,4,EM,1,100,RB
1701221196.464466,2353720.750,58988,4,EM,1,100,2023-11-28_20-26-16-815628.csv
1701221196.514706,2353771.000,58988,4,EM,1,100,PS
1701221196.564946,2353821.250,59020,4,EM,1,100,RS
1701221196.615186,2353871.500,59020,4,EM,1,100,RB
1701221196.665426,2353921.750,59020,4,EM,1,100,2023-11-28_20-26-16-815628.csv
1701221196.715666,2353972.000,59020,4,EM,1,100,PS
1701221196.766906,2354023.250,59053,4,EM,1,100,RS
1701221196.818145,2354074.500,59053,4,EM,1,100,RB
1701221196.869385,2354125.750,59053,4,EM,1,100,2023-11-28_20-26-16-815628.csv
1701221196.920625,2354177.000,59053,4,EM,1,100,PS
1701221196.970865,2354227.250,59085,4,EM,1,100,RS
1701221197.021105,2354277.500,59085,4,EM,1,100,RB
1701221197.071345,2354327.750,59085,4,EM,1,100,2023-11-28_20-26-16-815628.csv
1701221197.121585,2354378.000,59085,4,EM,1,100,PS
1701221197.171824,2354428.250,59119,4,EM,1,100,RS
1701221197.222064,2354478.500,59119,4,EM,1,100,RB
1701221197.272305,2354528.750,59119,4,EM,1,100,2023-11-28_20-26-16-815628.csv
1701221197.322544,2354579.000,59119,4,EM,1,100,PS
1701221197.372784,2354629.250,59150,4,EM,1,100,RS
1701221197.423024,2354679.500,59150,4,EM,1,100,RB
1701221197.473264,2354729.750,59150,4,EM,1,100,2023-11-28_20-26-16-815628.csv
1701221197.523504,2354780.000,59150,4,EM,1,100,PS
1701221197.574994,2354831.500,59184,4,EM,1,100,RS
1701221197.626484,2354883.000,59184,4,EM,1,100,RB
1701221197.677974,2354934.500,59184,4,EM,1,100,2023-11-28_20-26-16-815628.csv
1701221197.729463,2354986.000,59184,4,EM,1,100,PS
1701221197.779703,2355036.250,59218,4,EM,1,100,RS
1701221197.829943,2355086.500,59218,4,EM,1,100,RB
1701221197.880183,2355136.750,59218,4,EM,1,100,2023-11-28_20-26-16-815628.csv
1701221197.930423,2355187.000,59218,4,EM,1,100,PS
1701221197.981663,2355238.250,59251,4,EM,1,100,RS
1701221198.032902,2355289.500,59251,4,EM,1,100,RB
1701221198.084142,2355340.750,59251,4,EM,1,100,2023-11-28_20-26-16-815628.csv
1701221198.135382,2355392.000,59251,4,EM,1,100,PS
1701221198.185622,2355442.250,59285,4,EM,1,100,RS
1701221198.235862,2355492.500,59285,4,EM,1,100,RB
1701221198.286102,2355542.750,59285,4,EM,1,100,2023-11-28_20-26-16-815628.csv
1701221198.336342,2355593.000,59285,4,EM,1,100,PS
1701221198.386582,2355643.250,59316,4,EM,1,100,RS
1701221198.436822,2355693.500,59316,4,EM,1,100,RB
1701221198.487062,2355743.750,59316,4,EM,1,100,2023-11-28_20-26-16-815628.csv
1701221198.537302,2355794.000,59316,4,EM,1,100,PS
1701221198.587542,2355844.250,59350,4,EM,1,100,RS
1701221198.637782,2355894.500,59350,4,EM,1,100,RB
1701221198.688022,2355944.750,59350,4,EM,1,100,2023-11-28_20-26-16-815628.csv
1701221198.738262,2355995.000,59350,4,EM,1,100,PS
1701221198.788502,2356045.250,59382,4,EM,1,100,RS
1701221198.838742,2356095.500,59382,4,EM,1,100,RB
1701221198.888982,2356145.750,59382,4,EM,1,100,2023-11-28_20-26-16-815628.csv
1701221198.939221,2356196.000,59382,4,EM,1,100,PS
1701221198.989461,2356246.250,59415,4,EM,1,100,RS
1701221199.039701,2356296.500,59415,4,EM,1,100,RB
1701221199.089942,2356346.750,59415,4,EM,1,100,2023-11-28_20-26-16-815628.csv
1701221199.140181,2356397.000,59415,4,EM,1,100,PS
1701221199.190421,2356447.250,59447,4,EM,1,100,RS
1701221199.240661,2356497.500,59447,4,EM,1,100,RB
1701221199.290901,2356547.750,59447,4,EM,1,100,2023-11-28_20-26-16-815628.csv
1701221199.341141,2356598.000,59447,4,EM,1,100,PS
1701221199.391381,2356648.250,59480,4,EM,1,100,RS
1701221199.441621,2356698.500,59480,4,EM,1,100,RB
1701221199.491861,2356748.750,59480,4,EM,1,100,2023-11-28_20-26-16-815628.csv
1701221199.542101,2356799.000,59480,4,EM,1,100,PS
1701221199.592341,2356849.250,59512,4,EM,1,100,RS
1701221199.642581,2356899.500,59512,4,EM,1,100,RB
1701221199.692821,2356949.750,59512,4,EM,1,100,2023-11-28_20-26-16-815628.csv
1701221199.743061,2357000.000,59512,4,EM,1,100,PS
1701221199.794051,2357051.000,59548,4,EM,1,100,RS
1701221199.845041,2357102.000,59548,4,EM,1,100,RB
1701221199.896030,2357153.000,59548,4,EM,1,100,2023-11-28_20-26-16-815628.csv
1701221199.947020,2357204.000,59548,4,EM,1,100,PS
1701221199.997260,2357254.250,59579,4,EM,1,100,RS
1701221200.047500,2357304.500,59579,4,EM,1,100,RB
1701221200.097740,2357354.750,59579,4,EM,1,100,2023-11-28_20-26-16-815628.csv
1701221200.147980,2357405.000,59579,4,EM,1,100,PS
1701221200.216716,2357473.750,59616,4,EM,1,100,RS
1701221200.285453,2357542.500,59616,4,EM,1,100,RB
1701221200.354189,2357611.250,59616,4,EM,1,100,2023-11-28_20-26-16-815628.csv
1701221200.422925,2357680.000,59616,4,EM,1,100,PS
1701221200.473915,2357731.000,59650,4,EM,1,100,RS
1701221200.524905,2357782.000,59650,4,EM,1,100,RB
1701221200.575895,2357833.000,59650,4,EM,1,100,2023-11-28_20-26-16-815628.csv
1701221200.626884,2357884.000,59650,4,EM,1,100,PS
1701221200.678124,2357935.250,59681,4,EM,1,100,RS
1701221200.729364,2357986.500,59681,4,EM,1,100,RB
1701221200.780604,2358037.750,59681,4,EM,1,100,2023-11-28_20-26-16-815628.csv
1701221200.831843,2358089.000,59681,4,EM,1,100,PS
1701221200.881833,2358139.000,59715,4,EM,1,100,RS
1701221200.931823,2358189.000,59715,4,EM,1,100,RB
1701221200.981813,2358239.000,59715,4,EM,1,100,2023-11-28_20-26-16-815628.csv
1701221201.031803,2358289.000,59715,4,EM,1,100,PS
1701221201.082043,2358339.250,59750,4,EM,1,100,RS
1701221201.132283,2358389.500,59750,4,EM,1,100,RB
1701221201.182523,2358439.750,59750,4,EM,1,100,2023-11-28_20-26-16-815628.csv
1701221201.232763,2358490.000,59750,4,EM,1,100,PS
1701221201.283003,2358540.250,59784,4,EM,1,100,RS
1701221201.333243,2358590.500,59784,4,EM,1,100,RB
1701221201.383483,2358640.750,59784,4,EM,1,100,2023-11-28_20-26-16-815628.csv
1701221201.433723,2358691.000,59784,4,EM,1,100,PS
1701221201.483963,2358741.250,59818,4,EM,1,100,RS
1701221201.534203,2358791.500,59818,4,EM,1,100,RB
1701221201.584443,2358841.750,59818,4,EM,1,100,2023-11-28_20-26-16-815628.csv
1701221201.634683,2358892.000,59818,4,EM,1,100,PS
1701221201.684923,2358942.250,59851,4,EM,1,100,RS
1701221201.735163,2358992.500,59851,4,EM,1,100,RB
1701221201.785403,2359042.750,59851,4,EM,1,100,2023-11-28_20-26-16-815628.csv
1701221201.835643,2359093.000,59851,4,EM,1,100,PS
1701221201.886633,2359144.000,59883,4,EM,1,100,RS
1701221201.937623,2359195.000,59883,4,EM,1,100,RB
1701221201.988612,2359246.000,59883,4,EM,1,100,2023-11-28_20-26-16-815628.csv
1701221202.039602,2359297.000,59883,4,EM,1,100,PS
1701221202.089842,2359347.250,59916,4,EM,1,100,RS
1701221202.140082,2359397.500,59916,4,EM,1,100,RB
1701221202.190322,2359447.750,59916,4,EM,1,100,2023-11-28_20-26-16-815628.csv
1701221202.240562,2359498.000,59916,4,EM,1,100,PS
1701221202.290802,2359548.250,59948,4,EM,1,100,RS
1701221202.341042,2359598.500,59948,4,EM,1,100,RB
1701221202.391282,2359648.750,59948,4,EM,1,100,2023-11-28_20-26-16-815628.csv
1701221202.441522,2359699.000,59948,4,EM,1,100,PS
1701221202.491762,2359749.250,59982,4,EM,1,100,RS
1701221202.542002,2359799.500,59982,4,EM,1,100,RB
1701221202.592242,2359849.750,59982,4,EM,1,100,2023-11-28_20-26-16-815628.csv
1701221202.642482,2359900.000,59982,4,EM,1,100,PS
1701221202.692722,2359950.250,60015,4,EM,1,100,RS
1701221202.742962,2360000.500,60015,4,EM,1,100,RB
1701221202.793202,2360050.750,60015,4,EM,1,100,2023-11-28_20-26-16-815628.csv
1701221202.843441,2360101.000,60015,4,EM,1,100,PS
1701221202.893682,2360151.250,60051,4,EM,1,100,RS
1701221202.943922,2360201.500,60051,4,EM,1,100,RB
1701221202.994161,2360251.750,60051,4,EM,1,100,2023-11-28_20-26-16-815628.csv
1701221203.044401,2360302.000,60051,4,EM,1,100,PS
1701221203.094641,2360352.250,60084,4,EM,1,100,RS
1701221203.144881,2360402.500,60084,4,EM,1,100,RB
1701221203.195121,2360452.750,60084,4,EM,1,100,2023-11-28_20-26-16-815628.csv
1701221203.245361,2360503.000,60084,4,EM,1,100,PS
1701221203.295601,2360553.250,60118,4,EM,1,100,RS
1701221203.345841,2360603.500,60118,4,EM,1,100,RB
1701221203.396081,2360653.750,60118,4,EM,1,100,2023-11-28_20-26-16-815628.csv
1701221203.446321,2360704.000,60118,4,EM,1,100,PS
1701221203.496561,2360754.250,60151,4,EM,1,100,RS
1701221203.546801,2360804.500,60151,4,EM,1,100,RB
1701221203.597041,2360854.750,60151,4,EM,1,100,2023-11-28_20-26-16-815628.csv
1701221203.647281,2360905.000,60151,4,EM,1,100,PS
1701221203.697521,2360955.250,60185,4,EM,1,100,RS
1701221203.747761,2361005.500,60185,4,EM,1,100,RB
1701221203.798001,2361055.750,60185,4,EM,1,100,2023-11-28_20-26-16-815628.csv
1701221203.848241,2361106.000,60185,4,EM,1,100,PS
1701221203.899231,2361157.000,60219,4,EM,1,100,RS
1701221203.950221,2361208.000,60219,4,EM,1,100,RB
1701221204.001210,2361259.000,60219,4,EM,1,100,2023-11-28_20-26-16-815628.csv
1701221204.052200,2361310.000,60219,4,EM,1,100,PS
1701221204.102440,2361360.250,60253,4,EM,1,100,RS
1701221204.152680,2361410.500,60253,4,EM,1,100,RB
1701221204.202920,2361460.750,60253,4,EM,1,100,2023-11-28_20-26-16-815628.csv
1701221204.253160,2361511.000,60253,4,EM,1,100,PS
1701221204.303400,2361561.250,60288,4,EM,1,100,RS
1701221204.353640,2361611.500,60288,4,EM,1,100,RB
1701221204.403880,2361661.750,60288,4,EM,1,100,2023-11-28_20-26-16-815628.csv
1701221204.454120,2361712.000,60288,4,EM,1,100,PS
1701221204.504360,2361762.250,60320,4,EM,1,100,RS
1701221204.554600,2361812.500,60320,4,EM,1,100,RB
1701221204.604840,2361862.750,60320,4,EM,1,100,2023-11-28_20-26-16-815628.csv
1701221204.655080,2361913.000,60320,4,EM,1,100,PS
1701221204.705320,2361963.250,60353,4,EM,1,100,RS
1701221204.755560,2362013.500,60353,4,EM,1,100,RB
1701221204.805799,2362063.750,60353,4,EM,1,100,2023-11-28_20-26-16-815628.csv
1701221204.856040,2362114.000,60353,4,EM,1,100,PS
1701221204.907029,2362165.000,60387,4,EM,1,100,RS
1701221204.958019,2362216.000,60387,4,EM,1,100,RB
1701221205.009009,2362267.000,60387,4,EM,1,100,2023-11-28_20-26-16-815628.csv
1701221205.059999,2362318.000,60387,4,EM,1,100,PS
1701221205.110239,2362368.250,60421,4,EM,1,100,RS
1701221205.160479,2362418.500,60421,4,EM,1,100,RB
1701221205.210719,2362468.750,60421,4,EM,1,100,2023-11-28_20-26-16-815628.csv
1701221205.260959,2362519.000,60421,4,EM,1,100,PS
1701221205.333694,2362591.750,60457,4,EM,1,100,RS
1701221205.406430,2362664.500,60457,4,EM,1,100,RB
1701221205.479165,2362737.250,60457,4,EM,1,100,2023-11-28_20-26-16-815628.csv
1701221205.551901,2362810.000,60457,4,EM,1,100,PS
1701221205.602140,2362860.250,60491,4,EM,1,100,RS
1701221205.652380,2362910.500,60491,4,EM,1,100,RB
1701221205.702621,2362960.750,60491,4,EM,1,100,2023-11-28_20-26-16-815628.csv
1701221205.752860,2363011.000,60491,4,EM,1,100,PS
1701221205.803100,2363061.250,60525,4,EM,1,100,RS
1701221205.853340,2363111.500,60525,4,EM,1,100,RB
1701221205.903580,2363161.750,60525,4,EM,1,100,2023-11-28_20-26-16-815628.csv
1701221205.953820,2363212.000,60525,4,EM,1,100,PS
1701221206.004060,2363262.250,60556,4,EM,1,100,RS
1701221206.054300,2363312.500,60556,4,EM,1,100,RB
1701221206.104540,2363362.750,60556,4,EM,1,100,2023-11-28_20-26-16-815628.csv
1701221206.154780,2363413.000,60556,4,EM,1,100,PS
1701221206.205520,2363463.750,60590,4,EM,1,100,RS
1701221206.256260,2363514.500,60590,4,EM,1,100,RB
1701221206.307000,2363565.250,60590,4,EM,1,100,2023-11-28_20-26-16-815628.csv
1701221206.357739,2363616.000,60590,4,EM,1,100,PS
1701221206.407979,2363666.250,60621,4,EM,1,100,RS
1701221206.458220,2363716.500,60621,4,EM,1,100,RB
1701221206.508459,2363766.750,60621,4,EM,1,100,2023-11-28_20-26-16-815628.csv
1701221206.558699,2363817.000,60621,4,EM,1,100,PS
1701221206.608939,2363867.250,60655,4,EM,1,100,RS
1701221206.659179,2363917.500,60655,4,EM,1,100,RB
1701221206.709419,2363967.750,60655,4,EM,1,100,2023-11-28_20-26-16-815628.csv
1701221206.759659,2364018.000,60655,4,EM,1,100,PS
1701221206.809899,2364068.250,60687,4,EM,1,100,RS
1701221206.860139,2364118.500,60687,4,EM,1,100,RB
1701221206.910379,2364168.750,60687,4,EM,1,100,2023-11-28_20-26-16-815628.csv
1701221206.960619,2364219.000,60687,4,EM,1,100,PS
1701221207.011109,2364269.500,60720,4,EM,1,100,RS
1701221207.061599,2364320.000,60720,4,EM,1,100,RB
1701221207.112089,2364370.500,60720,4,EM,1,100,2023-11-28_20-26-16-815628.csv
1701221207.162579,2364421.000,60720,4,EM,1,100,PS
1701221207.212569,2364471.000,60752,4,EM,1,100,RS
1701221207.262559,2364521.000,60752,4,EM,1,100,RB
1701221207.312549,2364571.000,60752,4,EM,1,100,2023-11-28_20-26-16-815628.csv
1701221207.362539,2364621.000,60752,4,EM,1,100,PS
1701221207.412779,2364671.250,60785,4,EM,1,100,RS
1701221207.463019,2364721.500,60785,4,EM,1,100,RB
1701221207.513259,2364771.750,60785,4,EM,1,100,2023-11-28_20-26-16-815628.csv
1701221207.563499,2364822.000,60785,4,EM,1,100,PS
1701221207.613739,2364872.250,60817,4,EM,1,100,RS
1701221207.663979,2364922.500,60817,4,EM,1,100,RB
1701221207.714219,2364972.750,60817,4,EM,1,100,2023-11-28_20-26-16-815628.csv
1701221207.764458,2365023.000,60817,4,EM,1,100,PS
1701221207.814698,2365073.250,60855,4,EM,1,100,RS
1701221207.864938,2365123.500,60855,4,EM,1,100,RB
1701221207.915179,2365173.750,60855,4,EM,1,100,2023-11-28_20-26-16-815628.csv
1701221207.965418,2365224.000,60855,4,EM,1,100,PS
1701221208.015658,2365274.250,60886,4,EM,1,100,RS
1701221208.065898,2365324.500,60886,4,EM,1,100,RB
1701221208.116138,2365374.750,60886,4,EM,1,100,2023-11-28_20-26-16-815628.csv
1701221208.166378,2365425.000,60886,4,EM,1,100,PS
1701221208.216618,2365475.250,60920,4,EM,1,100,RS
1701221208.266858,2365525.500,60920,4,EM,1,100,RB
1701221208.317098,2365575.750,60920,4,EM,1,100,2023-11-28_20-26-16-815628.csv
1701221208.367338,2365626.000,60920,4,EM,1,100,PS
1701221208.418328,2365677.000,60951,4,EM,1,100,RS
1701221208.469318,2365728.000,60951,4,EM,1,100,RB
1701221208.520308,2365779.000,60951,4,EM,1,100,2023-11-28_20-26-16-815628.csv
1701221208.571297,2365830.000,60951,4,EM,1,100,PS
1701221208.621537,2365880.250,60987,4,EM,1,100,RS
1701221208.671777,2365930.500,60987,4,EM,1,100,RB
1701221208.722017,2365980.750,60987,4,EM,1,100,2023-11-28_20-26-16-815628.csv
1701221208.772257,2366031.000,60987,4,EM,1,100,PS
1701221208.822497,2366081.250,61019,4,EM,1,100,RS
1701221208.872737,2366131.500,61019,4,EM,1,100,RB
1701221208.922977,2366181.750,61019,4,EM,1,100,2023-11-28_20-26-16-815628.csv
1701221208.973217,2366232.000,61019,4,EM,1,100,PS
1701221209.023707,2366282.500,61052,4,EM,1,100,RS
1701221209.074197,2366333.000,61052,4,EM,1,100,RB
1701221209.124687,2366383.500,61052,4,EM,1,100,2023-11-28_20-26-16-815628.csv
1701221209.175177,2366434.000,61052,4,EM,1,100,PS
1701221209.225167,2366484.000,61087,4,EM,1,100,RS
1701221209.275157,2366534.000,61087,4,EM,1,100,RB
1701221209.325147,2366584.000,61087,4,EM,1,100,2023-11-28_20-26-16-815628.csv
1701221209.375137,2366634.000,61087,4,EM,1,100,PS
1701221209.425377,2366684.250,61119,4,EM,1,100,RS
1701221209.475617,2366734.500,61119,4,EM,1,100,RB
1701221209.525857,2366784.750,61119,4,EM,1,100,2023-11-28_20-26-16-815628.csv
1701221209.576097,2366835.000,61119,4,EM,1,100,PS
1701221209.626337,2366885.250,61152,4,EM,1,100,RS
1701221209.676577,2366935.500,61152,4,EM,1,100,RB
1701221209.726816,2366985.750,61152,4,EM,1,100,2023-11-28_20-26-16-815628.csv
1701221209.777056,2367036.000,61152,4,EM,1,100,PS
1701221209.827296,2367086.250,61185,4,EM,1,100,RS
1701221209.877537,2367136.500,61185,4,EM,1,100,RB
1701221209.927776,2367186.750,61185,4,EM,1,100,2023-11-28_20-26-16-815628.csv
1701221209.978016,2367237.000,61185,4,EM,1,100,PS
1701221210.028256,2367287.250,61218,4,EM,1,100,RS
1701221210.078496,2367337.500,61218,4,EM,1,100,RB
1701221210.128736,2367387.750,61218,4,EM,1,100,2023-11-28_20-26-16-815628.csv
1701221210.178976,2367438.000,61218,4,EM,1,100,PS
1701221210.229216,2367488.250,61250,4,EM,1,100,RS
1701221210.279456,2367538.500,61250,4,EM,1,100,RB
1701221210.329696,2367588.750,61250,4,EM,1,100,2023-11-28_20-26-16-815628.csv
1701221210.379936,2367639.000,61250,4,EM,1,100,PS
1701221210.452422,2367711.500,61291,4,EM,1,100,RS
1701221210.524907,2367784.000,61291,4,EM,1,100,RB
1701221210.597393,2367856.500,61291,4,EM,1,100,2023-11-28_20-26-16-815628.csv
1701221210.669878,2367929.000,61291,4,EM,1,100,PS
1701221210.720118,2367979.250,61323,4,EM,1,100,RS
1701221210.770358,2368029.500,61323,4,EM,1,100,RB
1701221210.820598,2368079.750,61323,4,EM,1,100,2023-11-28_20-26-16-815628.csv
1701221210.870838,2368130.000,61323,4,EM,1,100,PS
1701221210.921078,2368180.250,61356,4,EM,1,100,RS
1701221210.971318,2368230.500,61356,4,EM,1,100,RB
1701221211.021558,2368280.750,61356,4,EM,1,100,2023-11-28_20-26-16-815628.csv
1701221211.071798,2368331.000,61356,4,EM,1,100,PS
1701221211.122038,2368381.250,61390,4,EM,1,100,RS
1701221211.172278,2368431.500,61390,4,EM,1,100,RB
1701221211.222518,2368481.750,61390,4,EM,1,100,2023-11-28_20-26-16-815628.csv
1701221211.272758,2368532.000,61390,4,EM,1,100,PS
1701221211.323748,2368583.000,61423,4,EM,1,100,RS
1701221211.374737,2368634.000,61423,4,EM,1,100,RB
1701221211.425727,2368685.000,61423,4,EM,1,100,2023-11-28_20-26-16-815628.csv
1701221211.476717,2368736.000,61423,4,EM,1,100,PS
1701221211.526957,2368786.250,61457,4,EM,1,100,RS
1701221211.577197,2368836.500,61457,4,EM,1,100,RB
1701221211.627437,2368886.750,61457,4,EM,1,100,2023-11-28_20-26-16-815628.csv
1701221211.677677,2368937.000,61457,4,EM,1,100,PS
1701221211.727917,2368987.250,61488,4,EM,1,100,RS
1701221211.778157,2369037.500,61488,4,EM,1,100,RB
1701221211.828397,2369087.750,61488,4,EM,1,100,2023-11-28_20-26-16-815628.csv
1701221211.878637,2369138.000,61488,4,EM,1,100,PS
1701221211.928877,2369188.250,61522,4,EM,1,100,RS
1701221211.979117,2369238.500,61522,4,EM,1,100,RB
1701221212.029356,2369288.750,61522,4,EM,1,100,2023-11-28_20-26-16-815628.csv
1701221212.079597,2369339.000,61522,4,EM,1,100,PS
1701221212.129837,2369389.250,61554,4,EM,1,100,RS
1701221212.180076,2369439.500,61554,4,EM,1,100,RB
1701221212.230316,2369489.750,61554,4,EM,1,100,2023-11-28_20-26-16-815628.csv
1701221212.280556,2369540.000,61554,4,EM,1,100,PS
1701221212.330796,2369590.250,61589,4,EM,1,100,RS
1701221212.381036,2369640.500,61589,4,EM,1,100,RB
1701221212.431276,2369690.750,61589,4,EM,1,100,2023-11-28_20-26-16-815628.csv
1701221212.481516,2369741.000,61589,4,EM,1,100,PS
1701221212.531756,2369791.250,61621,4,EM,1,100,RS
1701221212.581996,2369841.500,61621,4,EM,1,100,RB
1701221212.632236,2369891.750,61621,4,EM,1,100,2023-11-28_20-26-16-815628.csv
1701221212.682476,2369942.000,61621,4,EM,1,100,PS
1701221212.732716,2369992.250,61654,4,EM,1,100,RS
1701221212.782956,2370042.500,61654,4,EM,1,100,RB
1701221212.833196,2370092.750,61654,4,EM,1,100,2023-11-28_20-26-16-815628.csv
1701221212.883436,2370143.000,61654,4,EM,1,100,PS
1701221212.933676,2370193.250,61688,4,EM,1,100,RS
1701221212.983916,2370243.500,61688,4,EM,1,100,RB
1701221213.034156,2370293.750,61688,4,EM,1,100,2023-11-28_20-26-16-815628.csv
1701221213.084396,2370344.000,61688,4,EM,1,100,PS
1701221213.134636,2370394.250,61722,4,EM,1,100,RS
1701221213.184876,2370444.500,61722,4,EM,1,100,RB
1701221213.235116,2370494.750,61722,4,EM,1,100,2023-11-28_20-26-16-815628.csv
1701221213.285356,2370545.000,61722,4,EM,1,100,PS
1701221213.336345,2370596.000,61753,4,EM,1,100,RS
1701221213.387335,2370647.000,61753,4,EM,1,100,RB
1701221213.438325,2370698.000,61753,4,EM,1,100,2023-11-28_20-26-16-815628.csv
1701221213.489315,2370749.000,61753,4,EM,1,100,PS
1701221213.539305,2370799.000,61787,4,EM,1,100,RS
1701221213.589295,2370849.000,61787,4,EM,1,100,RB
1701221213.639285,2370899.000,61787,4,EM,1,100,2023-11-28_20-26-16-815628.csv
1701221213.689275,2370949.000,61787,4,EM,1,100,PS
1701221213.739515,2370999.250,61820,4,EM,1,100,RS
1701221213.789755,2371049.500,61820,4,EM,1,100,RB
1701221213.839995,2371099.750,61820,4,EM,1,100,2023-11-28_20-26-16-815628.csv
1701221213.890235,2371150.000,61820,4,EM,1,100,PS
1701221213.940475,2371200.250,61854,4,EM,1,100,RS
1701221213.990715,2371250.500,61854,4,EM,1,100,RB
1701221214.040955,2371300.750,61854,4,EM,1,100,2023-11-28_20-26-16-815628.csv
1701221214.091195,2371351.000,61854,4,EM,1,100,PS
1701221214.141435,2371401.250,61886,4,EM,1,100,RS
1701221214.191675,2371451.500,61886,4,EM,1,100,RB
1701221214.241915,2371501.750,61886,4,EM,1,100,2023-11-28_20-26-16-815628.csv
1701221214.292155,2371552.000,61886,4,EM,1,100,PS
1701221214.342644,2371602.500,61919,4,EM,1,100,RS
1701221214.393134,2371653.000,61919,4,EM,1,100,RB
1701221214.443624,2371703.500,61919,4,EM,1,100,2023-11-28_20-26-16-815628.csv
1701221214.494114,2371754.000,61919,4,EM,1,100,PS
1701221214.544354,2371804.250,61953,4,EM,1,100,RS
1701221214.594594,2371854.500,61953,4,EM,1,100,RB
1701221214.644834,2371904.750,61953,4,EM,1,100,2023-11-28_20-26-16-815628.csv
1701221214.695074,2371955.000,61953,4,EM,1,100,PS
1701221214.745314,2372005.250,61986,4,EM,1,100,RS
1701221214.795554,2372055.500,61986,4,EM,1,100,RB
1701221214.845794,2372105.750,61986,4,EM,1,100,2023-11-28_20-26-16-815628.csv
1701221214.896034,2372156.000,61986,4,EM,1,100,PS
1701221214.946274,2372206.250,62019,4,EM,1,100,RS
1701221214.996514,2372256.500,62019,4,EM,1,100,RB
1701221215.046754,2372306.750,62019,4,EM,1,100,2023-11-28_20-26-16-815628.csv
1701221215.096994,2372357.000,62019,4,EM,1,100,PS
1701221215.147234,2372407.250,62054,4,EM,1,100,RS
1701221215.197474,2372457.500,62054,4,EM,1,100,RB
1701221215.247714,2372507.750,62054,4,EM,1,100,2023-11-28_20-26-16-815628.csv
1701221215.297954,2372558.000,62054,4,EM,1,100,PS
1701221215.348943,2372609.000,62086,4,EM,1,100,RS
1701221215.399933,2372660.000,62086,4,EM,1,100,RB
1701221215.450923,2372711.000,62086,4,EM,1,100,2023-11-28_20-26-16-815628.csv
1701221215.501913,2372762.000,62086,4,EM,1,100,PS
1701221215.572399,2372832.500,62126,4,EM,1,100,RS
1701221215.642885,2372903.000,62126,4,EM,1,100,RB
1701221215.713371,2372973.500,62126,4,EM,1,100,2023-11-28_20-26-16-815628.csv
1701221215.783857,2373044.000,62126,4,EM,1,100,PS
1701221215.834096,2373094.250,62160,4,EM,1,100,RS
1701221215.884336,2373144.500,62160,4,EM,1,100,RB
1701221215.934577,2373194.750,62160,4,EM,1,100,2023-11-28_20-26-16-815628.csv
1701221215.984816,2373245.000,62160,4,EM,1,100,PS
1701221216.035056,2373295.250,62193,4,EM,1,100,RS
1701221216.085296,2373345.500,62193,4,EM,1,100,RB
1701221216.135536,2373395.750,62193,4,EM,1,100,2023-11-28_20-26-16-815628.csv
1701221216.185776,2373446.000,62193,4,EM,1,100,PS
1701221216.236766,2373497.000,62227,4,EM,1,100,RS
1701221216.287756,2373548.000,62227,4,EM,1,100,RB
1701221216.338746,2373599.000,62227,4,EM,1,100,2023-11-28_20-26-16-815628.csv
1701221216.389735,2373650.000,62227,4,EM,1,100,PS
1701221216.439976,2373700.250,62258,4,EM,1,100,RS
1701221216.490216,2373750.500,62258,4,EM,1,100,RB
1701221216.540455,2373800.750,62258,4,EM,1,100,2023-11-28_20-26-16-815628.csv
1701221216.590695,2373851.000,62258,4,EM,1,100,PS
1701221216.640935,2373901.250,62294,4,EM,1,100,RS
1701221216.691175,2373951.500,62294,4,EM,1,100,RB
1701221216.741415,2374001.750,62294,4,EM,1,100,2023-11-28_20-26-16-815628.csv
1701221216.791655,2374052.000,62294,4,EM,1,100,PS
1701221216.842645,2374103.000,62327,4,EM,1,100,RS
1701221216.893635,2374154.000,62327,4,EM,1,100,RB
1701221216.944625,2374205.000,62327,4,EM,1,100,2023-11-28_20-26-16-815628.csv
1701221216.995615,2374256.000,62327,4,EM,1,100,PS
1701221217.045854,2374306.250,62361,4,EM,1,100,RS
1701221217.096094,2374356.500,62361,4,EM,1,100,RB
1701221217.146334,2374406.750,62361,4,EM,1,100,2023-11-28_20-26-16-815628.csv
1701221217.196574,2374457.000,62361,4,EM,1,100,PS
1701221217.246814,2374507.250,62395,4,EM,1,100,RS
1701221217.297054,2374557.500,62395,4,EM,1,100,RB
1701221217.347294,2374607.750,62395,4,EM,1,100,2023-11-28_20-26-16-815628.csv
1701221217.397534,2374658.000,62395,4,EM,1,100,PS
1701221217.447774,2374708.250,62427,4,EM,1,100,RS
1701221217.498014,2374758.500,62427,4,EM,1,100,RB
1701221217.548254,2374808.750,62427,4,EM,1,100,2023-11-28_20-26-16-815628.csv
1701221217.598494,2374859.000,62427,4,EM,1,100,PS
1701221217.648734,2374909.250,62460,4,EM,1,100,RS
1701221217.698974,2374959.500,62460,4,EM,1,100,RB
1701221217.749214,2375009.750,62460,4,EM,1,100,2023-11-28_20-26-16-815628.csv
1701221217.799454,2375060.000,62460,4,EM,1,100,PS
1701221217.849694,2375110.250,62494,4,EM,1,100,RS
1701221217.899934,2375160.500,62494,4,EM,1,100,RB
1701221217.950174,2375210.750,62494,4,EM,1,100,2023-11-28_20-26-16-815628.csv
1701221218.000414,2375261.000,62494,4,EM,1,100,PS
1701221218.050654,2375311.250,62527,4,EM,1,100,RS
1701221218.100894,2375361.500,62527,4,EM,1,100,RB
1701221218.151134,2375411.750,62527,4,EM,1,100,2023-11-28_20-26-16-815628.csv
1701221218.201374,2375462.000,62527,4,EM,1,100,PS
1701221218.251614,2375512.250,62561,4,EM,1,100,RS
1701221218.301854,2375562.500,62561,4,EM,1,100,RB
1701221218.352093,2375612.750,62561,4,EM,1,100,2023-11-28_20-26-16-815628.csv
1701221218.402333,2375663.000,62561,4,EM,1,100,PS
1701221218.452574,2375713.250,62595,4,EM,1,100,RS
1701221218.502813,2375763.500,62595,4,EM,1,100,RB
1701221218.553053,2375813.750,62595,4,EM,1,100,2023-11-28_20-26-16-815628.csv
1701221218.603293,2375864.000,62595,4,EM,1,100,PS
1701221218.653533,2375914.250,62628,4,EM,1,100,RS
1701221218.703773,2375964.500,62628,4,EM,1,100,RB
1701221218.754013,2376014.750,62628,4,EM,1,100,2023-11-28_20-26-16-815628.csv
1701221218.804253,2376065.000,62628,4,EM,1,100,PS
1701221218.855243,2376116.000,62662,4,EM,1,100,RS
1701221218.906233,2376167.000,62662,4,EM,1,100,RB
1701221218.957223,2376218.000,62662,4,EM,1,100,2023-11-28_20-26-16-815628.csv
1701221219.008212,2376269.000,62662,4,EM,1,100,PS
1701221219.058452,2376319.250,62693,4,EM,1,100,RS
1701221219.108692,2376369.500,62693,4,EM,1,100,RB
1701221219.158932,2376419.750,62693,4,EM,1,100,2023-11-28_20-26-16-815628.csv
1701221219.209172,2376470.000,62693,4,EM,1,100,PS
1701221219.259412,2376520.250,62727,4,EM,1,100,RS
1701221219.309652,2376570.500,62727,4,EM,1,100,RB
1701221219.359892,2376620.750,62727,4,EM,1,100,2023-11-28_20-26-16-815628.csv
1701221219.410132,2376671.000,62727,4,EM,1,100,PS
1701221219.460372,2376721.250,62761,4,EM,1,100,RS
1701221219.510612,2376771.500,62761,4,EM,1,100,RB
1701221219.560852,2376821.750,62761,4,EM,1,100,2023-11-28_20-26-16-815628.csv
1701221219.611092,2376872.000,62761,4,EM,1,100,PS
1701221219.661332,2376922.250,62794,4,EM,1,100,RS
1701221219.711572,2376972.500,62794,4,EM,1,100,RB
1701221219.761812,2377022.750,62794,4,EM,1,100,2023-11-28_20-26-16-815628.csv
1701221219.812052,2377073.000,62794,4,EM,1,100,PS
1701221219.862292,2377123.250,62828,4,EM,1,100,RS
1701221219.912532,2377173.500,62828,4,EM,1,100,RB
1701221219.962772,2377223.750,62828,4,EM,1,100,2023-11-28_20-26-16-815628.csv
1701221220.013012,2377274.000,62828,4,EM,1,100,PS
1701221220.063252,2377324.250,62863,4,EM,1,100,RS
1701221220.113492,2377374.500,62863,4,EM,1,100,RB
1701221220.163732,2377424.750,62863,4,EM,1,100,2023-11-28_20-26-16-815628.csv
1701221220.213972,2377475.000,62863,4,EM,1,100,PS
1701221220.264212,2377525.250,62895,4,EM,1,100,RS
1701221220.314451,2377575.500,62895,4,EM,1,100,RB
1701221220.364691,2377625.750,62895,4,EM,1,100,2023-11-28_20-26-16-815628.csv
1701221220.414932,2377676.000,62895,4,EM,1,100,PS
1701221220.465171,2377726.250,62929,4,EM,1,100,RS
1701221220.515411,2377776.500,62929,4,EM,1,100,RB
1701221220.565651,2377826.750,62929,4,EM,1,100,2023-11-28_20-26-16-815628.csv
1701221220.615891,2377877.000,62929,4,EM,1,100,PS
1701221220.689127,2377950.250,62963,4,EM,1,100,RS
1701221220.762362,2378023.500,62963,4,EM,1,100,RB
1701221220.835598,2378096.750,62963,4,EM,1,100,2023-11-28_20-26-16-815628.csv
1701221220.908833,2378170.000,62963,4,EM,1,100,PS
1701221220.959073,2378220.250,62995,4,EM,1,100,RS
1701221221.009313,2378270.500,62995,4,EM,1,100,RB
1701221221.059553,2378320.750,62995,4,EM,1,100,2023-11-28_20-26-16-815628.csv
1701221221.109793,2378371.000,62995,4,EM,1,100,PS
1701221221.160782,2378422.000,63029,4,EM,1,100,RS
1701221221.211772,2378473.000,63029,4,EM,1,100,RB
1701221221.262762,2378524.000,63029,4,EM,1,100,2023-11-28_20-26-16-815628.csv
1701221221.313752,2378575.000,63029,4,EM,1,100,PS
1701221221.363992,2378625.250,63060,4,EM,1,100,RS
1701221221.414232,2378675.500,63060,4,EM,1,100,RB
1701221221.464472,2378725.750,63060,4,EM,1,100,2023-11-28_20-26-16-815628.csv
1701221221.514712,2378776.000,63060,4,EM,1,100,PS
1701221221.564952,2378826.250,63094,4,EM,1,100,RS
1701221221.615192,2378876.500,63094,4,EM,1,100,RB
1701221221.665432,2378926.750,63094,4,EM,1,100,2023-11-28_20-26-16-815628.csv
1701221221.715672,2378977.000,63094,4,EM,1,100,PS
1701221221.765912,2379027.250,63125,4,EM,1,100,RS
1701221221.816152,2379077.500,63125,4,EM,1,100,RB
1701221221.866391,2379127.750,63125,4,EM,1,100,2023-11-28_20-26-16-815628.csv
1701221221.916631,2379178.000,63125,4,EM,1,100,PS
1701221221.967871,2379229.250,63159,4,EM,1,100,RS
1701221222.019111,2379280.500,63159,4,EM,1,100,RB
1701221222.070351,2379331.750,63159,4,EM,1,100,2023-11-28_20-26-16-815628.csv
1701221222.121591,2379383.000,63159,4,EM,1,100,PS
1701221222.171830,2379433.250,63192,4,EM,1,100,RS
1701221222.222070,2379483.500,63192,4,EM,1,100,RB
1701221222.272310,2379533.750,63192,4,EM,1,100,2023-11-28_20-26-16-815628.csv
1701221222.322550,2379584.000,63192,4,EM,1,100,PS
1701221222.373790,2379635.250,63224,4,EM,1,100,RS
1701221222.425030,2379686.500,63224,4,EM,1,100,RB
1701221222.476270,2379737.750,63224,4,EM,1,100,2023-11-28_20-26-16-815628.csv
1701221222.527509,2379789.000,63224,4,EM,1,100,PS
1701221222.577499,2379839.000,63260,4,EM,1,100,RS
1701221222.627489,2379889.000,63260,4,EM,1,100,RB
1701221222.677480,2379939.000,63260,4,EM,1,100,2023-11-28_20-26-16-815628.csv
1701221222.727469,2379989.000,63260,4,EM,1,100,PS
1701221222.777709,2380039.250,63294,4,EM,1,100,RS
1701221222.827949,2380089.500,63294,4,EM,1,100,RB
1701221222.878189,2380139.750,63294,4,EM,1,100,2023-11-28_20-26-16-815628.csv
1701221222.928429,2380190.000,63294,4,EM,1,100,PS
1701221222.978669,2380240.250,63327,4,EM,1,100,RS
1701221223.028909,2380290.500,63327,4,EM,1,100,RB
1701221223.079149,2380340.750,63327,4,EM,1,100,2023-11-28_20-26-16-815628.csv
1701221223.129389,2380391.000,63327,4,EM,1,100,PS
1701221223.179879,2380441.500,63359,4,EM,1,100,RS
1701221223.230369,2380492.000,63359,4,EM,1,100,RB
1701221223.280859,2380542.500,63359,4,EM,1,100,2023-11-28_20-26-16-815628.csv
1701221223.331349,2380593.000,63359,4,EM,1,100,PS
1701221223.381589,2380643.250,63394,4,EM,1,100,RS
1701221223.431829,2380693.500,63394,4,EM,1,100,RB
1701221223.482069,2380743.750,63394,4,EM,1,100,2023-11-28_20-26-16-815628.csv
1701221223.532309,2380794.000,63394,4,EM,1,100,PS
1701221223.582549,2380844.250,63426,4,EM,1,100,RS
1701221223.632789,2380894.500,63426,4,EM,1,100,RB
1701221223.683029,2380944.750,63426,4,EM,1,100,2023-11-28_20-26-16-815628.csv
1701221223.733268,2380995.000,63426,4,EM,1,100,PS
1701221223.783509,2381045.250,63460,4,EM,1,100,RS
1701221223.833749,2381095.500,63460,4,EM,1,100,RB
1701221223.883988,2381145.750,63460,4,EM,1,100,2023-11-28_20-26-16-815628.csv
1701221223.934228,2381196.000,63460,4,EM,1,100,PS
1701221223.984468,2381246.250,63493,4,EM,1,100,RS
1701221224.034708,2381296.500,63493,4,EM,1,100,RB
1701221224.084948,2381346.750,63493,4,EM,1,100,2023-11-28_20-26-16-815628.csv
1701221224.135188,2381397.000,63493,4,EM,1,100,PS
1701221224.185428,2381447.250,63527,4,EM,1,100,RS
1701221224.235668,2381497.500,63527,4,EM,1,100,RB
1701221224.285908,2381547.750,63527,4,EM,1,100,2023-11-28_20-26-16-815628.csv
1701221224.336148,2381598.000,63527,4,EM,1,100,PS
1701221224.387138,2381649.000,63558,4,EM,1,100,RS
1701221224.438128,2381700.000,63558,4,EM,1,100,RB
1701221224.489118,2381751.000,63558,4,EM,1,100,2023-11-28_20-26-16-815628.csv
1701221224.540107,2381802.000,63558,4,EM,1,100,PS
1701221224.590097,2381852.000,63594,4,EM,1,100,RS
1701221224.640087,2381902.000,63594,4,EM,1,100,RB
1701221224.690077,2381952.000,63594,4,EM,1,100,2023-11-28_20-26-16-815628.csv
1701221224.740067,2382002.000,63594,4,EM,1,100,PS
1701221224.790307,2382052.250,63626,4,EM,1,100,RS
1701221224.840547,2382102.500,63626,4,EM,1,100,RB
1701221224.890787,2382152.750,63626,4,EM,1,100,2023-11-28_20-26-16-815628.csv
1701221224.941027,2382203.000,63626,4,EM,1,100,PS
1701221224.992267,2382254.250,63659,4,EM,1,100,RS
1701221225.043507,2382305.500,63659,4,EM,1,100,RB
1701221225.094747,2382356.750,63659,4,EM,1,100,2023-11-28_20-26-16-815628.csv
1701221225.145986,2382408.000,63659,4,EM,1,100,PS
1701221225.196476,2382458.500,63692,4,EM,1,100,RS
1701221225.246966,2382509.000,63692,4,EM,1,100,RB
1701221225.297456,2382559.500,63692,4,EM,1,100,2023-11-28_20-26-16-815628.csv
1701221225.347946,2382610.000,63692,4,EM,1,100,PS
1701221225.399686,2382661.750,63727,4,EM,1,100,RS
1701221225.451425,2382713.500,63727,4,EM,1,100,RB
1701221225.503165,2382765.250,63727,4,EM,1,100,2023-11-28_20-26-16-815628.csv
1701221225.554905,2382817.000,63727,4,EM,1,100,PS
1701221225.606144,2382868.250,63760,4,EM,1,100,RS
1701221225.657384,2382919.500,63760,4,EM,1,100,RB
1701221225.708624,2382970.750,63760,4,EM,1,100,2023-11-28_20-26-16-815628.csv
1701221225.759864,2383022.000,63760,4,EM,1,100,PS
1701221225.824851,2383087.000,63780,4,EM,1,100,RS
1701221225.889838,2383152.000,63780,4,EM,1,100,RB
1701221225.954825,2383217.000,63780,4,EM,1,100,2023-11-28_20-26-16-815628.csv
1701221226.019812,2383282.000,63780,4,EM,1,100,PS
1701221226.070052,2383332.250,63814,4,EM,1,100,RS
1701221226.120292,2383382.500,63814,4,EM,1,100,RB
1701221226.170532,2383432.750,63814,4,EM,1,100,2023-11-28_20-26-16-815628.csv
1701221226.220772,2383483.000,63814,4,EM,1,100,PS
1701221226.271012,2383533.250,63846,4,EM,1,100,RS
1701221226.321252,2383583.500,63846,4,EM,1,100,RB
1701221226.371491,2383633.750,63846,4,EM,1,100,2023-11-28_20-26-16-815628.csv
1701221226.421731,2383684.000,63846,4,EM,1,100,PS
1701221226.472221,2383734.500,63880,4,EM,1,100,RS
1701221226.522711,2383785.000,63880,4,EM,1,100,RB
1701221226.573201,2383835.500,63880,4,EM,1,100,2023-11-28_20-26-16-815628.csv
1701221226.623691,2383886.000,63880,4,EM,1,100,PS
1701221226.673681,2383936.000,63911,4,EM,1,100,RS
1701221226.723671,2383986.000,63911,4,EM,1,100,RB
1701221226.773661,2384036.000,63911,4,EM,1,100,2023-11-28_20-26-16-815628.csv
1701221226.823651,2384086.000,63911,4,EM,1,100,PS
1701221226.873891,2384136.250,63945,4,EM,1,100,RS
1701221226.924131,2384186.500,63945,4,EM,1,100,RB
1701221226.974371,2384236.750,63945,4,EM,1,100,2023-11-28_20-26-16-815628.csv
1701221227.024611,2384287.000,63945,4,EM,1,100,PS
1701221227.074851,2384337.250,63981,4,EM,1,100,RS
1701221227.125091,2384387.500,63981,4,EM,1,100,RB
1701221227.175331,2384437.750,63981,4,EM,1,100,2023-11-28_20-26-16-815628.csv
1701221227.225571,2384488.000,63981,4,EM,1,100,PS
1701221227.275811,2384538.250,64012,4,EM,1,100,RS
1701221227.326051,2384588.500,64012,4,EM,1,100,RB
1701221227.376291,2384638.750,64012,4,EM,1,100,2023-11-28_20-26-16-815628.csv
1701221227.426531,2384689.000,64012,4,EM,1,100,PS
1701221227.476771,2384739.250,64046,4,EM,1,100,RS
1701221227.527011,2384789.500,64046,4,EM,1,100,RB
1701221227.577251,2384839.750,64046,4,EM,1,100,2023-11-28_20-26-16-815628.csv
1701221227.627491,2384890.000,64046,4,EM,1,100,PS
1701221227.678980,2384941.500,64077,4,EM,1,100,RS
1701221227.730470,2384993.000,64077,4,EM,1,100,RB
1701221227.781960,2385044.500,64077,4,EM,1,100,2023-11-28_20-26-16-815628.csv
1701221227.833449,2385096.000,64077,4,EM,1,100,PS
1701221227.883689,2385146.250,64113,4,EM,1,100,RS
1701221227.933929,2385196.500,64113,4,EM,1,100,RB
1701221227.984169,2385246.750,64113,4,EM,1,100,2023-11-28_20-26-16-815628.csv
1701221228.034409,2385297.000,64113,4,EM,1,100,PS
1701221228.085149,2385347.750,64147,4,EM,1,100,RS
1701221228.135889,2385398.500,64147,4,EM,1,100,RB
1701221228.186629,2385449.250,64147,4,EM,1,100,2023-11-28_20-26-16-815628.csv
1701221228.237369,2385500.000,64147,4,EM,1,100,PS
1701221228.287609,2385550.250,64180,4,EM,1,100,RS
1701221228.337849,2385600.500,64180,4,EM,1,100,RB
1701221228.388089,2385650.750,64180,4,EM,1,100,2023-11-28_20-26-16-815628.csv
1701221228.438329,2385701.000,64180,4,EM,1,100,PS
1701221228.493568,2385756.250,64212,4,EM,1,100,RS
1701221228.548807,2385811.500,64212,4,EM,1,100,RB
1701221228.604046,2385866.750,64212,4,EM,1,100,2023-11-28_20-26-16-815628.csv
1701221228.659285,2385922.000,64212,4,EM,1,100,PS
1701221228.709275,2385972.000,64247,4,EM,1,100,RS
1701221228.759264,2386022.000,64247,4,EM,1,100,RB
1701221228.809255,2386072.000,64247,4,EM,1,100,2023-11-28_20-26-16-815628.csv
1701221228.859245,2386122.000,64247,4,EM,1,100,PS
1701221228.909485,2386172.250,64279,4,EM,1,100,RS
1701221228.959724,2386222.500,64279,4,EM,1,100,RB
1701221229.009964,2386272.750,64279,4,EM,1,100,2023-11-28_20-26-16-815628.csv
1701221229.060205,2386323.000,64279,4,EM,1,100,PS
1701221229.110444,2386373.250,64313,4,EM,1,100,RS
1701221229.160684,2386423.500,64313,4,EM,1,100,RB
1701221229.210924,2386473.750,64313,4,EM,1,100,2023-11-28_20-26-16-815628.csv
1701221229.261164,2386524.000,64313,4,EM,1,100,PS
1701221229.311404,2386574.250,64346,4,EM,1,100,RS
1701221229.361644,2386624.500,64346,4,EM,1,100,RB
1701221229.411884,2386674.750,64346,4,EM,1,100,2023-11-28_20-26-16-815628.csv
1701221229.462124,2386725.000,64346,4,EM,1,100,PS
1701221229.514364,2386777.250,64380,4,EM,1,100,RS
1701221229.566603,2386829.500,64380,4,EM,1,100,RB
1701221229.618843,2386881.750,64380,4,EM,1,100,2023-11-28_20-26-16-815628.csv
1701221229.671082,2386934.000,64380,4,EM,1,100,PS
1701221229.721322,2386984.250,64411,4,EM,1,100,RS
1701221229.771562,2387034.500,64411,4,EM,1,100,RB
1701221229.821802,2387084.750,64411,4,EM,1,100,2023-11-28_20-26-16-815628.csv
1701221229.872042,2387135.000,64411,4,EM,1,100,PS
1701221229.922282,2387185.250,64447,4,EM,1,100,RS
1701221229.972522,2387235.500,64447,4,EM,1,100,RB
1701221230.022762,2387285.750,64447,4,EM,1,100,2023-11-28_20-26-16-815628.csv
1701221230.073002,2387336.000,64447,4,EM,1,100,PS
1701221230.123242,2387386.250,64481,4,EM,1,100,RS
1701221230.173482,2387436.500,64481,4,EM,1,100,RB
1701221230.223722,2387486.750,64481,4,EM,1,100,2023-11-28_20-26-16-815628.csv
1701221230.273962,2387537.000,64481,4,EM,1,100,PS
1701221230.324452,2387587.500,64514,4,EM,1,100,RS
1701221230.374942,2387638.000,64514,4,EM,1,100,RB
1701221230.425432,2387688.500,64514,4,EM,1,100,2023-11-28_20-26-16-815628.csv
1701221230.475922,2387739.000,64514,4,EM,1,100,PS
1701221230.526412,2387789.500,64549,4,EM,1,100,RS
1701221230.576901,2387840.000,64549,4,EM,1,100,RB
1701221230.627391,2387890.500,64549,4,EM,1,100,2023-11-28_20-26-16-815628.csv
1701221230.677881,2387941.000,64549,4,EM,1,100,PS
1701221230.728121,2387991.250,64582,4,EM,1,100,RS
1701221230.778361,2388041.500,64582,4,EM,1,100,RB
1701221230.828601,2388091.750,64582,4,EM,1,100,2023-11-28_20-26-16-815628.csv
1701221230.878841,2388142.000,64582,4,EM,1,100,PS
1701221230.939079,2388202.250,64600,4,EM,1,100,RS
1701221230.999317,2388262.500,64600,4,EM,1,100,RB
1701221231.059555,2388322.750,64600,4,EM,1,100,2023-11-28_20-26-16-815628.csv
1701221231.119793,2388383.000,64600,4,EM,1,100,PS
1701221231.170783,2388434.000,64636,4,EM,1,100,RS
1701221231.221773,2388485.000,64636,4,EM,1,100,RB
1701221231.272763,2388536.000,64636,4,EM,1,100,2023-11-28_20-26-16-815628.csv
1701221231.323752,2388587.000,64636,4,EM,1,100,PS
1701221231.373992,2388637.250,64667,4,EM,1,100,RS
1701221231.424232,2388687.500,64667,4,EM,1,100,RB
1701221231.474472,2388737.750,64667,4,EM,1,100,2023-11-28_20-26-16-815628.csv
1701221231.524712,2388788.000,64667,4,EM,1,100,PS
1701221231.574952,2388838.250,64701,4,EM,1,100,RS
1701221231.625192,2388888.500,64701,4,EM,1,100,RB
1701221231.675432,2388938.750,64701,4,EM,1,100,2023-11-28_20-26-16-815628.csv
1701221231.725672,2388989.000,64701,4,EM,1,100,PS
1701221231.775912,2389039.250,64733,4,EM,1,100,RS
1701221231.826152,2389089.500,64733,4,EM,1,100,RB
1701221231.876392,2389139.750,64733,4,EM,1,100,2023-11-28_20-26-16-815628.csv
1701221231.926632,2389190.000,64733,4,EM,1,100,PS
1701221231.976872,2389240.250,64766,4,EM,1,100,RS
1701221232.027112,2389290.500,64766,4,EM,1,100,RB
1701221232.077352,2389340.750,64766,4,EM,1,100,2023-11-28_20-26-16-815628.csv
1701221232.127592,2389391.000,64766,4,EM,1,100,PS
1701221232.177832,2389441.250,64799,4,EM,1,100,RS
1701221232.228072,2389491.500,64799,4,EM,1,100,RB
1701221232.278311,2389541.750,64799,4,EM,1,100,2023-11-28_20-26-16-815628.csv
1701221232.328552,2389592.000,64799,4,EM,1,100,PS
1701221232.378792,2389642.250,64833,4,EM,1,100,RS
1701221232.429031,2389692.500,64833,4,EM,1,100,RB
1701221232.479271,2389742.750,64833,4,EM,1,100,2023-11-28_20-26-16-815628.csv
1701221232.529511,2389793.000,64833,4,EM,1,100,PS
1701221232.579751,2389843.250,64867,4,EM,1,100,RS
1701221232.629991,2389893.500,64867,4,EM,1,100,RB
1701221232.680231,2389943.750,64867,4,EM,1,100,2023-11-28_20-26-16-815628.csv
1701221232.730471,2389994.000,64867,4,EM,1,100,PS
1701221232.780711,2390044.250,64901,4,EM,1,100,RS
1701221232.830951,2390094.500,64901,4,EM,1,100,RB
1701221232.881191,2390144.750,64901,4,EM,1,100,2023-11-28_20-26-16-815628.csv
1701221232.931431,2390195.000,64901,4,EM,1,100,PS
1701221232.981671,2390245.250,64936,4,EM,1,100,RS
1701221233.031911,2390295.500,64936,4,EM,1,100,RB
1701221233.082151,2390345.750,64936,4,EM,1,100,2023-11-28_20-26-16-815628.csv
1701221233.132391,2390396.000,64936,4,EM,1,100,PS
1701221233.182631,2390446.250,64968,4,EM,1,100,RS
1701221233.232871,2390496.500,64968,4,EM,1,100,RB
1701221233.283111,2390546.750,64968,4,EM,1,100,2023-11-28_20-26-16-815628.csv
1701221233.333351,2390597.000,64968,4,EM,1,100,PS
1701221233.384091,2390647.750,65001,4,EM,1,100,RS
1701221233.434830,2390698.500,65001,4,EM,1,100,RB
1701221233.485570,2390749.250,65001,4,EM,1,100,2023-11-28_20-26-16-815628.csv
1701221233.536310,2390800.000,65001,4,EM,1,100,PS
1701221233.586550,2390850.250,65035,4,EM,1,100,RS
1701221233.636790,2390900.500,65035,4,EM,1,100,RB
1701221233.687030,2390950.750,65035,4,EM,1,100,2023-11-28_20-26-16-815628.csv
1701221233.737270,2391001.000,65035,4,EM,1,100,PS
1701221233.787510,2391051.250,65069,4,EM,1,100,RS
1701221233.837750,2391101.500,65069,4,EM,1,100,RB
1701221233.887990,2391151.750,65069,4,EM,1,100,2023-11-28_20-26-16-815628.csv
1701221233.938230,2391202.000,65069,4,EM,1,100,PS
1701221233.988470,2391252.250,65102,4,EM,1,100,RS
1701221234.038710,2391302.500,65102,4,EM,1,100,RB
1701221234.088950,2391352.750,65102,4,EM,1,100,2023-11-28_20-26-16-815628.csv
1701221234.139190,2391403.000,65102,4,EM,1,100,PS
1701221234.189430,2391453.250,65136,4,EM,1,100,RS
1701221234.239670,2391503.500,65136,4,EM,1,100,RB
1701221234.289910,2391553.750,65136,4,EM,1,100,2023-11-28_20-26-16-815628.csv
1701221234.340150,2391604.000,65136,4,EM,1,100,PS
1701221234.390390,2391654.250,65169,4,EM,1,100,RS
1701221234.440630,2391704.500,65169,4,EM,1,100,RB
1701221234.490870,2391754.750,65169,4,EM,1,100,2023-11-28_20-26-16-815628.csv
1701221234.541110,2391805.000,65169,4,EM,1,100,PS
1701221234.591350,2391855.250,65203,4,EM,1,100,RS
1701221234.641589,2391905.500,65203,4,EM,1,100,RB
1701221234.691829,2391955.750,65203,4,EM,1,100,2023-11-28_20-26-16-815628.csv
1701221234.742069,2392006.000,65203,4,EM,1,100,PS
1701221234.792309,2392056.250,65235,4,EM,1,100,RS
1701221234.842549,2392106.500,65235,4,EM,1,100,RB
1701221234.892789,2392156.750,65235,4,EM,1,100,2023-11-28_20-26-16-815628.csv
1701221234.943029,2392207.000,65235,4,EM,1,100,PS
1701221234.993269,2392257.250,65268,4,EM,1,100,RS
1701221235.043509,2392307.500,65268,4,EM,1,100,RB
1701221235.093749,2392357.750,65268,4,EM,1,100,2023-11-28_20-26-16-815628.csv
1701221235.143989,2392408.000,65268,4,EM,1,100,PS
1701221235.194229,2392458.250,65300,4,EM,1,100,RS
1701221235.244469,2392508.500,65300,4,EM,1,100,RB
1701221235.294709,2392558.750,65300,4,EM,1,100,2023-11-28_20-26-16-815628.csv
1701221235.344949,2392609.000,65300,4,EM,1,100,PS
1701221235.395189,2392659.250,65333,4,EM,1,100,RS
1701221235.445429,2392709.500,65333,4,EM,1,100,RB
1701221235.495669,2392759.750,65333,4,EM,1,100,2023-11-28_20-26-16-815628.csv
1701221235.545909,2392810.000,65333,4,EM,1,100,PS
1701221235.596649,2392860.750,65365,4,EM,1,100,RS
1701221235.647388,2392911.500,65365,4,EM,1,100,RB
1701221235.698128,2392962.250,65365,4,EM,1,100,2023-11-28_20-26-16-815628.csv
1701221235.748868,2393013.000,65365,4,EM,1,100,PS
1701221235.799108,2393063.250,65399,4,EM,1,100,RS
1701221235.849348,2393113.500,65399,4,EM,1,100,RB
1701221235.899588,2393163.750,65399,4,EM,1,100,2023-11-28_20-26-16-815628.csv
1701221235.949828,2393214.000,65399,4,EM,1,100,PS
1701221236.025063,2393289.250,65438,4,EM,1,100,RS
1701221236.100298,2393364.500,65438,4,EM,1,100,RB
1701221236.175533,2393439.750,65438,4,EM,1,100,2023-11-28_20-26-16-815628.csv
1701221236.250768,2393515.000,65438,4,EM,1,100,PS
1701221236.301008,2393565.250,65472,4,EM,1,100,RS
1701221236.351248,2393615.500,65472,4,EM,1,100,RB
1701221236.401488,2393665.750,65472,4,EM,1,100,2023-11-28_20-26-16-815628.csv
1701221236.451728,2393716.000,65472,4,EM,1,100,PS
1701221236.502718,2393767.000,65506,4,EM,1,100,RS
1701221236.553708,2393818.000,65506,4,EM,1,100,RB
1701221236.604697,2393869.000,65506,4,EM,1,100,2023-11-28_20-26-16-815628.csv
1701221236.655687,2393920.000,65506,4,EM,1,100,PS
1701221236.705677,2393970.000,3,4,EM,1,100,RS
1701221236.755667,2394020.000,3,4,EM,1,100,RB
1701221236.805657,2394070.000,3,4,EM,1,100,2023-11-28_20-26-16-815628.csv
1701221236.855647,2394120.000,3,4,EM,1,100,PS
1701221236.905887,2394170.250,37,4,EM,1,100,RS
1701221236.956127,2394220.500,37,4,EM,1,100,RB
1701221237.006367,2394270.750,37,4,EM,1,100,2023-11-28_20-26-16-815628.csv
1701221237.056607,2394321.000,37,4,EM,1,100,PS
1701221237.106847,2394371.250,69,4,EM,1,100,RS
1701221237.157087,2394421.500,69,4,EM,1,100,RB
1701221237.207327,2394471.750,69,4,EM,1,100,2023-11-28_20-26-16-815628.csv
1701221237.257567,2394522.000,69,4,EM,1,100,PS
1701221237.307807,2394572.250,102,4,EM,1,100,RS
1701221237.358047,2394622.500,102,4,EM,1,100,RB
1701221237.408287,2394672.750,102,4,EM,1,100,2023-11-28_20-26-16-815628.csv
1701221237.458527,2394723.000,102,4,EM,1,100,PS
1701221237.508767,2394773.250,135,4,EM,1,100,RS
1701221237.559007,2394823.500,135,4,EM,1,100,RB
1701221237.609247,2394873.750,135,4,EM,1,100,2023-11-28_20-26-16-815628.csv
1701221237.659487,2394924.000,135,4,EM,1,100,PS
1701221237.709727,2394974.250,167,4,EM,1,100,RS
1701221237.759967,2395024.500,167,4,EM,1,100,RB
1701221237.810206,2395074.750,167,4,EM,1,100,2023-11-28_20-26-16-815628.csv
1701221237.860446,2395125.000,167,4,EM,1,100,PS
1701221237.911186,2395175.750,203,4,EM,1,100,RS
1701221237.961926,2395226.500,203,4,EM,1,100,RB
1701221238.012666,2395277.250,203,4,EM,1,100,2023-11-28_20-26-16-815628.csv
1701221238.063406,2395328.000,203,4,EM,1,100,PS
1701221238.113646,2395378.250,235,4,EM,1,100,RS
1701221238.163886,2395428.500,235,4,EM,1,100,RB
1701221238.214126,2395478.750,235,4,EM,1,100,2023-11-28_20-26-16-815628.csv
1701221238.264366,2395529.000,235,4,EM,1,100,PS
1701221238.314606,2395579.250,268,4,EM,1,100,RS
1701221238.364846,2395629.500,268,4,EM,1,100,RB
1701221238.415086,2395679.750,268,4,EM,1,100,2023-11-28_20-26-16-815628.csv
1701221238.465326,2395730.000,268,4,EM,1,100,PS
1701221238.516315,2395781.000,300,4,EM,1,100,RS
1701221238.567305,2395832.000,300,4,EM,1,100,RB
1701221238.618295,2395883.000,300,4,EM,1,100,2023-11-28_20-26-16-815628.csv
1701221238.669285,2395934.000,300,4,EM,1,100,PS
1701221238.719525,2395984.250,335,4,EM,1,100,RS
1701221238.769765,2396034.500,335,4,EM,1,100,RB
1701221238.820005,2396084.750,335,4,EM,1,100,2023-11-28_20-26-16-815628.csv
1701221238.870245,2396135.000,335,4,EM,1,100,PS
1701221238.920485,2396185.250,367,4,EM,1,100,RS
1701221238.970725,2396235.500,367,4,EM,1,100,RB
1701221239.020965,2396285.750,367,4,EM,1,100,2023-11-28_20-26-16-815628.csv
1701221239.071205,2396336.000,367,4,EM,1,100,PS
1701221239.121444,2396386.250,401,4,EM,1,100,RS
1701221239.171685,2396436.500,401,4,EM,1,100,RB
1701221239.221925,2396486.750,401,4,EM,1,100,2023-11-28_20-26-16-815628.csv
1701221239.272164,2396537.000,401,4,EM,1,100,PS
1701221239.322404,2396587.250,434,4,EM,1,100,RS
1701221239.372644,2396637.500,434,4,EM,1,100,RB
1701221239.422884,2396687.750,434,4,EM,1,100,2023-11-28_20-26-16-815628.csv
1701221239.473124,2396738.000,434,4,EM,1,100,PS
1701221239.523364,2396788.250,468,4,EM,1,100,RS
1701221239.573604,2396838.500,468,4,EM,1,100,RB
1701221239.623844,2396888.750,468,4,EM,1,100,2023-11-28_20-26-16-815628.csv
1701221239.674084,2396939.000,468,4,EM,1,100,PS
1701221239.724324,2396989.250,499,4,EM,1,100,RS
1701221239.774564,2397039.500,499,4,EM,1,100,RB
1701221239.824804,2397089.750,499,4,EM,1,100,2023-11-28_20-26-16-815628.csv
1701221239.875044,2397140.000,499,4,EM,1,100,PS
1701221239.925284,2397190.250,533,4,EM,1,100,RS
1701221239.975524,2397240.500,533,4,EM,1,100,RB
1701221240.025764,2397290.750,533,4,EM,1,100,2023-11-28_20-26-16-815628.csv
1701221240.076004,2397341.000,533,4,EM,1,100,PS
1701221240.126244,2397391.250,565,4,EM,1,100,RS
1701221240.176484,2397441.500,565,4,EM,1,100,RB
1701221240.226724,2397491.750,565,4,EM,1,100,2023-11-28_20-26-16-815628.csv
1701221240.276964,2397542.000,565,4,EM,1,100,PS
1701221240.327204,2397592.250,598,4,EM,1,100,RS
1701221240.377444,2397642.500,598,4,EM,1,100,RB
1701221240.427684,2397692.750,598,4,EM,1,100,2023-11-28_20-26-16-815628.csv
1701221240.477924,2397743.000,598,4,EM,1,100,PS
1701221240.528663,2397793.750,630,4,EM,1,100,RS
1701221240.579403,2397844.500,630,4,EM,1,100,RB
1701221240.630143,2397895.250,630,4,EM,1,100,2023-11-28_20-26-16-815628.csv
1701221240.680883,2397946.000,630,4,EM,1,100,PS
1701221240.731123,2397996.250,663,4,EM,1,100,RS
1701221240.781363,2398046.500,663,4,EM,1,100,RB
1701221240.831603,2398096.750,663,4,EM,1,100,2023-11-28_20-26-16-815628.csv
1701221240.881843,2398147.000,663,4,EM,1,100,PS
1701221240.932083,2398197.250,695,4,EM,1,100,RS
1701221240.982323,2398247.500,695,4,EM,1,100,RB
1701221241.032563,2398297.750,695,4,EM,1,100,2023-11-28_20-26-16-815628.csv
1701221241.082803,2398348.000,695,4,EM,1,100,PS
1701221241.133043,2398398.250,734,4,EM,1,100,RS
1701221241.183283,2398448.500,734,4,EM,1,100,RB
1701221241.233523,2398498.750,734,4,EM,1,100,2023-11-28_20-26-16-815628.csv
1701221241.283763,2398549.000,734,4,EM,1,100,PS
1701221241.334253,2398599.500,765,4,EM,1,100,RS
1701221241.384742,2398650.000,765,4,EM,1,100,RB
1701221241.435232,2398700.500,765,4,EM,1,100,2023-11-28_20-26-16-815628.csv
1701221241.485722,2398751.000,765,4,EM,1,100,PS
1701221241.535962,2398801.250,799,4,EM,1,100,RS
1701221241.586202,2398851.500,799,4,EM,1,100,RB
1701221241.636442,2398901.750,799,4,EM,1,100,2023-11-28_20-26-16-815628.csv
1701221241.686682,2398952.000,799,4,EM,1,100,PS
1701221241.736922,2399002.250,833,4,EM,1,100,RS
1701221241.787162,2399052.500,833,4,EM,1,100,RB
1701221241.837402,2399102.750,833,4,EM,1,100,2023-11-28_20-26-16-815628.csv
1701221241.887642,2399153.000,833,4,EM,1,100,PS
1701221241.937882,2399203.250,866,4,EM,1,100,RS
1701221241.988122,2399253.500,866,4,EM,1,100,RB
1701221242.038362,2399303.750,866,4,EM,1,100,2023-11-28_20-26-16-815628.csv
1701221242.088602,2399354.000,866,4,EM,1,100,PS
1701221242.138842,2399404.250,900,4,EM,1,100,RS
1701221242.189082,2399454.500,900,4,EM,1,100,RB
1701221242.239322,2399504.750,900,4,EM,1,100,2023-11-28_20-26-16-815628.csv
1701221242.289562,2399555.000,900,4,EM,1,100,PS
1701221242.339802,2399605.250,933,4,EM,1,100,RS
1701221242.390042,2399655.500,933,4,EM,1,100,RB
1701221242.440282,2399705.750,933,4,EM,1,100,2023-11-28_20-26-16-815628.csv
1701221242.490521,2399756.000,933,4,EM,1,100,PS
1701221242.541261,2399806.750,967,4,EM,1,100,RS
1701221242.592001,2399857.500,967,4,EM,1,100,RB
1701221242.642741,2399908.250,967,4,EM,1,100,2023-11-28_20-26-16-815628.csv
1701221242.693481,2399959.000,967,4,EM,1,100,PS
1701221242.743721,2400009.250,1003,4,EM,1,100,RS
1701221242.793961,2400059.500,1003,4,EM,1,100,RB
1701221242.844201,2400109.750,1003,4,EM,1,100,2023-11-28_20-26-16-815628.csv
1701221242.894441,2400160.000,1003,4,EM,1,100,PS
1701221242.944681,2400210.250,1036,4,EM,1,100,RS
1701221242.994921,2400260.500,1036,4,EM,1,100,RB
1701221243.045161,2400310.750,1036,4,EM,1,100,2023-11-28_20-26-16-815628.csv
1701221243.095401,2400361.000,1036,4,EM,1,100,PS
1701221243.145641,2400411.250,1068,4,EM,1,100,RS
1701221243.195881,2400461.500,1068,4,EM,1,100,RB
1701221243.246121,2400511.750,1068,4,EM,1,100,2023-11-28_20-26-16-815628.csv
1701221243.296360,2400562.000,1068,4,EM,1,100,PS
1701221243.346850,2400612.500,1103,4,EM,1,100,RS
1701221243.397340,2400663.000,1103,4,EM,1,100,RB
1701221243.447830,2400713.500,1103,4,EM,1,100,2023-11-28_20-26-16-815628.csv
1701221243.498320,2400764.000,1103,4,EM,1,100,PS
1701221243.548560,2400814.250,1135,4,EM,1,100,RS
1701221243.598800,2400864.500,1135,4,EM,1,100,RB
1701221243.649040,2400914.750,1135,4,EM,1,100,2023-11-28_20-26-16-815628.csv
1701221243.699280,2400965.000,1135,4,EM,1,100,PS
1701221243.749770,2401015.500,1169,4,EM,1,100,RS
1701221243.800260,2401066.000,1169,4,EM,1,100,RB
1701221243.850750,2401116.500,1169,4,EM,1,100,2023-11-28_20-26-16-815628.csv
1701221243.901240,2401167.000,1169,4,EM,1,100,PS
1701221243.951480,2401217.250,1202,4,EM,1,100,RS
1701221244.001720,2401267.500,1202,4,EM,1,100,RB
1701221244.051960,2401317.750,1202,4,EM,1,100,2023-11-28_20-26-16-815628.csv
1701221244.102200,2401368.000,1202,4,EM,1,100,PS
1701221244.155439,2401421.250,1236,4,EM,1,100,RS
1701221244.208678,2401474.500,1236,4,EM,1,100,RB
1701221244.261918,2401527.750,1236,4,EM,1,100,2023-11-28_20-26-16-815628.csv
1701221244.315157,2401581.000,1236,4,EM,1,100,PS
1701221244.365397,2401631.250,1267,4,EM,1,100,RS
1701221244.415637,2401681.500,1267,4,EM,1,100,RB
1701221244.465877,2401731.750,1267,4,EM,1,100,2023-11-28_20-26-16-815628.csv
1701221244.516117,2401782.000,1267,4,EM,1,100,PS
1701221244.567107,2401833.000,1305,4,EM,1,100,RS
1701221244.618097,2401884.000,1305,4,EM,1,100,RB
1701221244.669086,2401935.000,1305,4,EM,1,100,2023-11-28_20-26-16-815628.csv
1701221244.720076,2401986.000,1305,4,EM,1,100,PS
1701221244.770566,2402036.500,1337,4,EM,1,100,RS
1701221244.821056,2402087.000,1337,4,EM,1,100,RB
1701221244.871546,2402137.500,1337,4,EM,1,100,2023-11-28_20-26-16-815628.csv
1701221244.922036,2402188.000,1337,4,EM,1,100,PS
1701221244.972276,2402238.250,1370,4,EM,1,100,RS
1701221245.022516,2402288.500,1370,4,EM,1,100,RB
1701221245.072756,2402338.750,1370,4,EM,1,100,2023-11-28_20-26-16-815628.csv
1701221245.122996,2402389.000,1370,4,EM,1,100,PS
1701221245.176485,2402442.500,1404,4,EM,1,100,RS
1701221245.229974,2402496.000,1404,4,EM,1,100,RB
1701221245.283464,2402549.500,1404,4,EM,1,100,2023-11-28_20-26-16-815628.csv
1701221245.336953,2402603.000,1404,4,EM,1,100,PS
1701221245.387193,2402653.250,1437,4,EM,1,100,RS
1701221245.437433,2402703.500,1437,4,EM,1,100,RB
1701221245.487673,2402753.750,1437,4,EM,1,100,2023-11-28_20-26-16-815628.csv
1701221245.537913,2402804.000,1437,4,EM,1,100,PS
1701221245.588902,2402855.000,1470,4,EM,1,100,RS
1701221245.639892,2402906.000,1470,4,EM,1,100,RB
1701221245.690882,2402957.000,1470,4,EM,1,100,2023-11-28_20-26-16-815628.csv
1701221245.741872,2403008.000,1470,4,EM,1,100,PS
1701221245.792862,2403059.000,1503,4,EM,1,100,RS
1701221245.843852,2403110.000,1503,4,EM,1,100,RB
1701221245.894841,2403161.000,1503,4,EM,1,100,2023-11-28_20-26-16-815628.csv
1701221245.945831,2403212.000,1503,4,EM,1,100,PS
1701221245.997571,2403263.750,1537,4,EM,1,100,RS
1701221246.049311,2403315.500,1537,4,EM,1,100,RB
1701221246.101050,2403367.250,1537,4,EM,1,100,2023-11-28_20-26-16-815628.csv
1701221246.152790,2403419.000,1537,4,EM,1,100,PS
1701221246.203030,2403469.250,1570,4,EM,1,100,RS
1701221246.253270,2403519.500,1570,4,EM,1,100,RB
1701221246.303510,2403569.750,1570,4,EM,1,100,2023-11-28_20-26-16-815628.csv
1701221246.353750,2403620.000,1570,4,EM,1,100,PS
1701221246.403990,2403670.250,1609,4,EM,1,100,RS
1701221246.454230,2403720.500,1609,4,EM,1,100,RB
1701221246.504470,2403770.750,1609,4,EM,1,100,2023-11-28_20-26-16-815628.csv
1701221246.554710,2403821.000,1609,4,EM,1,100,PS
1701221246.604950,2403871.250,1640,4,EM,1,100,RS
1701221246.655190,2403921.500,1640,4,EM,1,100,RB
1701221246.705430,2403971.750,1640,4,EM,1,100,2023-11-28_20-26-16-815628.csv
1701221246.755670,2404022.000,1640,4,EM,1,100,PS
