LocalTimestamp,EmotiBitTimestamp,PacketNumber,DataLength,TypeTag,ProtocolVersion,DataReliability,EA
1701221177.858433,2335111.000,55972,2,EA,1,100,0.030646
1701221177.858433,2335111.000,55972,2,EA,1,100,0.030668
1701221177.924419,2335177.000,55991,1,EA,1,100,0.030636
1701221177.991406,2335244.000,56005,2,EA,1,100,0.030628
1701221178.058393,2335311.000,56005,2,EA,1,100,0.030635
1701221178.124380,2335377.000,56022,1,EA,1,100,0.030640
1701221178.191366,2335444.000,56039,2,EA,1,100,0.030624
1701221178.258353,2335511.000,56039,2,EA,1,100,0.030631
1701221178.324340,2335577.000,56056,1,EA,1,100,0.030635
1701221178.391326,2335644.000,56071,2,EA,1,100,0.030649
1701221178.458313,2335711.000,56071,2,EA,1,100,0.030642
1701221178.524800,2335777.500,56088,2,EA,1,100,0.030648
1701221178.591286,2335844.000,56088,2,EA,1,100,0.030634
1701221178.658273,2335911.000,56104,1,EA,1,100,0.030636
1701221178.724760,2335977.500,56121,2,EA,1,100,0.030655
1701221178.791246,2336044.000,56121,2,EA,1,100,0.030621
1701221178.858233,2336111.000,56138,1,EA,1,100,0.030633
1701221178.924720,2336177.500,56153,2,EA,1,100,0.030633
1701221178.991206,2336244.000,56153,2,EA,1,100,0.030629
1701221179.058193,2336311.000,56169,1,EA,1,100,0.030635
1701221179.124680,2336377.500,56187,2,EA,1,100,0.030630
1701221179.191166,2336444.000,56187,2,EA,1,100,0.030637
1701221179.258153,2336511.000,56203,1,EA,1,100,0.030638
1701221179.324640,2336577.500,56218,2,EA,1,100,0.030634
1701221179.391126,2336644.000,56218,2,EA,1,100,0.030639
1701221179.458113,2336711.000,56234,1,EA,1,100,0.030637
1701221179.524600,2336777.500,56252,2,EA,1,100,0.030633
1701221179.591087,2336844.000,56252,2,EA,1,100,0.030639
1701221179.658073,2336911.000,56268,1,EA,1,100,0.030639
1701221179.724560,2336977.500,56283,2,EA,1,100,0.030634
1701221179.791047,2337044.000,56283,2,EA,1,100,0.030641
1701221179.857533,2337110.500,56303,2,EA,1,100,0.030642
1701221179.924020,2337177.000,56303,2,EA,1,100,0.030637
1701221179.991007,2337244.000,56320,1,EA,1,100,0.030634
1701221180.057493,2337310.500,56336,2,EA,1,100,0.030654
1701221180.123980,2337377.000,56336,2,EA,1,100,0.030650
1701221180.190967,2337444.000,56354,1,EA,1,100,0.030639
1701221180.257453,2337510.500,56369,2,EA,1,100,0.030656
1701221180.323940,2337577.000,56369,2,EA,1,100,0.030643
1701221180.390927,2337644.000,56385,1,EA,1,100,0.030642
1701221180.457413,2337710.500,56402,2,EA,1,100,0.030642
1701221180.523900,2337777.000,56402,2,EA,1,100,0.030643
1701221180.590387,2337843.500,56419,2,EA,1,100,0.030650
1701221180.656874,2337910.000,56419,2,EA,1,100,0.030645
1701221180.723860,2337977.000,56435,1,EA,1,100,0.030649
1701221180.790347,2338043.500,56451,2,EA,1,100,0.030658
1701221180.856834,2338110.000,56451,2,EA,1,100,0.030644
1701221180.923820,2338177.000,56467,1,EA,1,100,0.030653
1701221180.990307,2338243.500,56484,2,EA,1,100,0.030647
1701221181.056794,2338310.000,56484,2,EA,1,100,0.030646
1701221181.123780,2338377.000,56500,1,EA,1,100,0.030650
1701221181.190267,2338443.500,56516,2,EA,1,100,0.030646
1701221181.256754,2338510.000,56516,2,EA,1,100,0.030658
1701221181.323740,2338577.000,56532,1,EA,1,100,0.030665
1701221181.390227,2338643.500,56553,2,EA,1,100,0.030656
1701221181.456714,2338710.000,56553,2,EA,1,100,0.030653
1701221181.523700,2338777.000,56570,1,EA,1,100,0.030655
1701221181.590187,2338843.500,56585,2,EA,1,100,0.030667
1701221181.656674,2338910.000,56585,2,EA,1,100,0.030665
1701221181.723660,2338977.000,56601,1,EA,1,100,0.030664
1701221181.790147,2339043.500,56619,2,EA,1,100,0.030651
1701221181.856634,2339110.000,56619,2,EA,1,100,0.030653
1701221181.923621,2339177.000,56635,1,EA,1,100,0.030660
1701221181.990107,2339243.500,56652,2,EA,1,100,0.030657
1701221182.056594,2339310.000,56652,2,EA,1,100,0.030655
1701221182.123581,2339377.000,56668,1,EA,1,100,0.030658
1701221182.190067,2339443.500,56686,2,EA,1,100,0.030640
1701221182.256554,2339510.000,56686,2,EA,1,100,0.030651
1701221182.323541,2339577.000,56702,1,EA,1,100,0.030649
1701221182.390028,2339643.500,56718,2,EA,1,100,0.030654
1701221182.456514,2339710.000,56718,2,EA,1,100,0.030660
1701221182.523501,2339777.000,56734,1,EA,1,100,0.030651
1701221182.589988,2339843.500,56751,2,EA,1,100,0.030651
1701221182.656474,2339910.000,56751,2,EA,1,100,0.030661
1701221182.722961,2339976.500,56767,2,EA,1,100,0.030656
1701221182.789448,2340043.000,56767,2,EA,1,100,0.030654
1701221182.856434,2340110.000,56785,1,EA,1,100,0.030662
1701221182.922921,2340176.500,56801,2,EA,1,100,0.030657
1701221182.989408,2340243.000,56801,2,EA,1,100,0.030665
1701221183.056394,2340310.000,56818,1,EA,1,100,0.030666
1701221183.122881,2340376.500,56837,2,EA,1,100,0.030657
1701221183.189368,2340443.000,56837,2,EA,1,100,0.030656
1701221183.256354,2340510.000,56854,1,EA,1,100,0.030666
1701221183.322841,2340576.500,56868,2,EA,1,100,0.030665
1701221183.389328,2340643.000,56868,2,EA,1,100,0.030670
1701221183.456314,2340710.000,56885,1,EA,1,100,0.030669
1701221183.522801,2340776.500,56904,2,EA,1,100,0.030660
1701221183.589288,2340843.000,56904,2,EA,1,100,0.030665
1701221183.656275,2340910.000,56921,1,EA,1,100,0.030661
1701221183.722761,2340976.500,56935,2,EA,1,100,0.030666
1701221183.789248,2341043.000,56935,2,EA,1,100,0.030661
1701221183.856235,2341110.000,56953,1,EA,1,100,0.030659
1701221183.922721,2341176.500,56969,2,EA,1,100,0.030658
1701221183.989208,2341243.000,56969,2,EA,1,100,0.030663
1701221184.056195,2341310.000,56986,1,EA,1,100,0.030666
1701221184.122681,2341376.500,57001,2,EA,1,100,0.030670
1701221184.189168,2341443.000,57001,2,EA,1,100,0.030674
1701221184.256155,2341510.000,57018,1,EA,1,100,0.030663
1701221184.322641,2341576.500,57034,2,EA,1,100,0.030662
1701221184.389128,2341643.000,57034,2,EA,1,100,0.030668
1701221184.456115,2341710.000,57051,1,EA,1,100,0.030663
1701221184.522601,2341776.500,57067,2,EA,1,100,0.030665
1701221184.589088,2341843.000,57067,2,EA,1,100,0.030666
1701221184.656075,2341910.000,57083,1,EA,1,100,0.030662
1701221184.722561,2341976.500,57099,2,EA,1,100,0.030669
1701221184.789048,2342043.000,57099,2,EA,1,100,0.030668
1701221184.856035,2342110.000,57117,2,EA,1,100,0.030671
1701221184.923021,2342177.000,57117,2,EA,1,100,0.030667
1701221184.989508,2342243.500,57141,2,EA,1,100,0.030670
1701221185.055995,2342310.000,57141,2,EA,1,100,0.030663
1701221185.122982,2342377.000,57157,1,EA,1,100,0.030673
1701221185.189468,2342443.500,57173,2,EA,1,100,0.030673
1701221185.255955,2342510.000,57173,2,EA,1,100,0.030677
1701221185.322942,2342577.000,57189,1,EA,1,100,0.030684
1701221185.389428,2342643.500,57206,2,EA,1,100,0.030682
1701221185.455915,2342710.000,57206,2,EA,1,100,0.030687
1701221185.522902,2342777.000,57225,1,EA,1,100,0.030681
1701221185.589388,2342843.500,57241,2,EA,1,100,0.030680
1701221185.655875,2342910.000,57241,2,EA,1,100,0.030672
1701221185.722862,2342977.000,57256,1,EA,1,100,0.030673
1701221185.789348,2343043.500,57276,2,EA,1,100,0.030680
1701221185.855835,2343110.000,57276,2,EA,1,100,0.030686
1701221185.922822,2343177.000,57292,1,EA,1,100,0.030697
1701221185.989308,2343243.500,57310,2,EA,1,100,0.030697
1701221186.055795,2343310.000,57310,2,EA,1,100,0.030683
1701221186.122282,2343376.500,57328,2,EA,1,100,0.030666
1701221186.188769,2343443.000,57328,2,EA,1,100,0.030685
1701221186.255755,2343510.000,57345,1,EA,1,100,0.030680
1701221186.322242,2343576.500,57361,2,EA,1,100,0.030672
1701221186.388729,2343643.000,57361,2,EA,1,100,0.030683
1701221186.455715,2343710.000,57378,1,EA,1,100,0.030681
1701221186.522202,2343776.500,57393,2,EA,1,100,0.030680
1701221186.588689,2343843.000,57393,2,EA,1,100,0.030685
1701221186.655675,2343910.000,57410,1,EA,1,100,0.030677
1701221186.722162,2343976.500,57426,2,EA,1,100,0.030681
1701221186.788649,2344043.000,57426,2,EA,1,100,0.030686
1701221186.855635,2344110.000,57444,1,EA,1,100,0.030682
1701221186.922122,2344176.500,57458,2,EA,1,100,0.030677
1701221186.988609,2344243.000,57458,2,EA,1,100,0.030689
1701221187.055595,2344310.000,57475,1,EA,1,100,0.030677
1701221187.122082,2344376.500,57492,2,EA,1,100,0.030683
1701221187.188569,2344443.000,57492,2,EA,1,100,0.030687
1701221187.255555,2344510.000,57509,1,EA,1,100,0.030678
1701221187.322042,2344576.500,57523,2,EA,1,100,0.030683
1701221187.388529,2344643.000,57523,2,EA,1,100,0.030691
1701221187.455516,2344710.000,57542,1,EA,1,100,0.030683
1701221187.522002,2344776.500,57559,2,EA,1,100,0.030682
1701221187.588489,2344843.000,57559,2,EA,1,100,0.030683
1701221187.655476,2344910.000,57576,1,EA,1,100,0.030685
1701221187.721962,2344976.500,57591,2,EA,1,100,0.030696
1701221187.788449,2345043.000,57591,2,EA,1,100,0.030688
1701221187.855436,2345110.000,57608,1,EA,1,100,0.030688
1701221187.921922,2345176.500,57626,2,EA,1,100,0.030684
1701221187.988409,2345243.000,57626,2,EA,1,100,0.030695
1701221188.054896,2345309.500,57643,2,EA,1,100,0.030686
1701221188.121382,2345376.000,57643,2,EA,1,100,0.030682
1701221188.188369,2345443.000,57660,1,EA,1,100,0.030685
1701221188.254856,2345509.500,57675,2,EA,1,100,0.030690
1701221188.321342,2345576.000,57675,2,EA,1,100,0.030683
1701221188.388329,2345643.000,57691,1,EA,1,100,0.030684
1701221188.454816,2345709.500,57709,2,EA,1,100,0.030679
1701221188.521303,2345776.000,57709,2,EA,1,100,0.030689
1701221188.588289,2345843.000,57727,1,EA,1,100,0.030685
1701221188.654776,2345909.500,57742,2,EA,1,100,0.030682
1701221188.721263,2345976.000,57742,2,EA,1,100,0.030691
1701221188.788249,2346043.000,57758,1,EA,1,100,0.030690
1701221188.854736,2346109.500,57776,2,EA,1,100,0.030686
1701221188.921223,2346176.000,57776,2,EA,1,100,0.030697
1701221188.988209,2346243.000,57792,1,EA,1,100,0.030687
1701221189.054696,2346309.500,57807,2,EA,1,100,0.030684
1701221189.121183,2346376.000,57807,2,EA,1,100,0.030695
1701221189.188169,2346443.000,57824,1,EA,1,100,0.030693
1701221189.254656,2346509.500,57841,2,EA,1,100,0.030687
1701221189.321143,2346576.000,57841,2,EA,1,100,0.030698
1701221189.388129,2346643.000,57857,1,EA,1,100,0.030701
1701221189.454616,2346709.500,57875,2,EA,1,100,0.030693
1701221189.521103,2346776.000,57875,2,EA,1,100,0.030697
1701221189.588089,2346843.000,57891,1,EA,1,100,0.030693
1701221189.654576,2346909.500,57908,2,EA,1,100,0.030693
1701221189.721063,2346976.000,57908,2,EA,1,100,0.030700
1701221189.788049,2347043.000,57924,1,EA,1,100,0.030696
1701221189.854536,2347109.500,57941,2,EA,1,100,0.030696
1701221189.921023,2347176.000,57941,2,EA,1,100,0.030700
1701221189.988010,2347243.000,57956,1,EA,1,100,0.030712
1701221190.054663,2347309.667,57979,3,EA,1,100,0.030708
1701221190.121316,2347376.333,57979,3,EA,1,100,0.030708
1701221190.187970,2347443.000,57979,3,EA,1,100,0.030706
1701221190.253957,2347509.000,57995,1,EA,1,100,0.030720
1701221190.320943,2347576.000,58012,2,EA,1,100,0.030712
1701221190.387930,2347643.000,58012,2,EA,1,100,0.030758
1701221190.453917,2347709.000,58028,1,EA,1,100,0.030728
1701221190.520903,2347776.000,58044,2,EA,1,100,0.030716
1701221190.587890,2347843.000,58044,2,EA,1,100,0.030750
1701221190.653877,2347909.000,58060,1,EA,1,100,0.030748
1701221190.720863,2347976.000,58079,2,EA,1,100,0.030716
1701221190.787850,2348043.000,58079,2,EA,1,100,0.030710
1701221190.853837,2348109.000,58096,1,EA,1,100,0.030707
1701221190.920823,2348176.000,58111,2,EA,1,100,0.030707
1701221190.987810,2348243.000,58111,2,EA,1,100,0.030709
1701221191.053797,2348309.000,58127,1,EA,1,100,0.030705
1701221191.120783,2348376.000,58145,2,EA,1,100,0.030723
1701221191.187770,2348443.000,58145,2,EA,1,100,0.030694
1701221191.253757,2348509.000,58161,1,EA,1,100,0.030695
1701221191.320743,2348576.000,58176,2,EA,1,100,0.030711
1701221191.387730,2348643.000,58176,2,EA,1,100,0.030695
1701221191.453717,2348709.000,58192,1,EA,1,100,0.030691
1701221191.520704,2348776.000,58210,2,EA,1,100,0.030700
1701221191.587690,2348843.000,58210,2,EA,1,100,0.030703
1701221191.653677,2348909.000,58226,1,EA,1,100,0.030704
1701221191.720664,2348976.000,58241,2,EA,1,100,0.030698
1701221191.787650,2349043.000,58241,2,EA,1,100,0.030708
1701221191.853637,2349109.000,58258,1,EA,1,100,0.030704
1701221191.920624,2349176.000,58275,2,EA,1,100,0.030708
1701221191.987610,2349243.000,58275,2,EA,1,100,0.030708
1701221192.054097,2349309.500,58291,2,EA,1,100,0.030709
1701221192.120584,2349376.000,58291,2,EA,1,100,0.030744
1701221192.187570,2349443.000,58309,1,EA,1,100,0.030770
1701221192.254057,2349509.500,58326,2,EA,1,100,0.030701
1701221192.320544,2349576.000,58326,2,EA,1,100,0.030707
1701221192.387030,2349642.500,58344,2,EA,1,100,0.030728
1701221192.453517,2349709.000,58344,2,EA,1,100,0.030688
1701221192.520504,2349776.000,58361,1,EA,1,100,0.030705
1701221192.586990,2349842.500,58378,2,EA,1,100,0.030698
1701221192.653477,2349909.000,58378,2,EA,1,100,0.030712
1701221192.720464,2349976.000,58394,1,EA,1,100,0.030705
1701221192.786951,2350042.500,58410,2,EA,1,100,0.030704
1701221192.853437,2350109.000,58410,2,EA,1,100,0.030708
1701221192.920424,2350176.000,58428,1,EA,1,100,0.030712
1701221192.986911,2350242.500,58445,2,EA,1,100,0.030707
1701221193.053397,2350309.000,58445,2,EA,1,100,0.030722
1701221193.120384,2350376.000,58461,1,EA,1,100,0.030709
1701221193.186871,2350442.500,58477,2,EA,1,100,0.030706
1701221193.253357,2350509.000,58477,2,EA,1,100,0.030729
1701221193.320344,2350576.000,58493,1,EA,1,100,0.030707
1701221193.386831,2350642.500,58510,2,EA,1,100,0.030716
1701221193.453317,2350709.000,58510,2,EA,1,100,0.030719
1701221193.520304,2350776.000,58527,1,EA,1,100,0.030716
1701221193.586791,2350842.500,58542,2,EA,1,100,0.030710
1701221193.653277,2350909.000,58542,2,EA,1,100,0.030723
1701221193.720264,2350976.000,58558,1,EA,1,100,0.030712
1701221193.786751,2351042.500,58576,2,EA,1,100,0.030717
1701221193.853237,2351109.000,58576,2,EA,1,100,0.030713
1701221193.920224,2351176.000,58592,1,EA,1,100,0.030710
1701221193.986711,2351242.500,58608,2,EA,1,100,0.030712
1701221194.053198,2351309.000,58608,2,EA,1,100,0.030718
1701221194.120184,2351376.000,58623,1,EA,1,100,0.030711
1701221194.186671,2351442.500,58641,2,EA,1,100,0.030717
1701221194.253158,2351509.000,58641,2,EA,1,100,0.030725
1701221194.320144,2351576.000,58657,1,EA,1,100,0.030717
1701221194.386631,2351642.500,58673,2,EA,1,100,0.030720
1701221194.453118,2351709.000,58673,2,EA,1,100,0.030723
1701221194.519604,2351775.500,58689,2,EA,1,100,0.030730
1701221194.586091,2351842.000,58689,2,EA,1,100,0.030743
1701221194.653078,2351909.000,58706,1,EA,1,100,0.030742
1701221194.719564,2351975.500,58724,2,EA,1,100,0.030724
1701221194.786051,2352042.000,58724,2,EA,1,100,0.030713
1701221194.853038,2352109.000,58742,1,EA,1,100,0.030718
1701221194.919524,2352175.500,58756,2,EA,1,100,0.030716
1701221194.986011,2352242.000,58756,2,EA,1,100,0.030725
1701221195.052998,2352309.000,58773,1,EA,1,100,0.030724
1701221195.119651,2352375.667,58796,3,EA,1,100,0.030721
1701221195.186305,2352442.333,58796,3,EA,1,100,0.030718
1701221195.252958,2352509.000,58796,3,EA,1,100,0.030715
1701221195.319445,2352575.500,58812,2,EA,1,100,0.030712
1701221195.385931,2352642.000,58812,2,EA,1,100,0.030732
1701221195.452918,2352709.000,58828,1,EA,1,100,0.030729
1701221195.519405,2352775.500,58845,2,EA,1,100,0.030721
1701221195.585891,2352842.000,58845,2,EA,1,100,0.030720
1701221195.652878,2352909.000,58862,1,EA,1,100,0.030719
1701221195.719365,2352975.500,58877,2,EA,1,100,0.030727
1701221195.785851,2353042.000,58877,2,EA,1,100,0.030723
1701221195.852838,2353109.000,58894,2,EA,1,100,0.030725
1701221195.919825,2353176.000,58894,2,EA,1,100,0.030720
1701221195.985811,2353242.000,58910,1,EA,1,100,0.030738
1701221196.052798,2353309.000,58927,2,EA,1,100,0.030736
1701221196.119785,2353376.000,58927,2,EA,1,100,0.030721
1701221196.185771,2353442.000,58944,1,EA,1,100,0.030727
1701221196.252758,2353509.000,58959,2,EA,1,100,0.030724
1701221196.319745,2353576.000,58959,2,EA,1,100,0.030734
1701221196.385732,2353642.000,58975,1,EA,1,100,0.030733
1701221196.452218,2353708.500,58993,2,EA,1,100,0.030727
1701221196.518705,2353775.000,58993,2,EA,1,100,0.030728
1701221196.585692,2353842.000,59009,1,EA,1,100,0.030742
1701221196.652678,2353909.000,59024,2,EA,1,100,0.030728
1701221196.719665,2353976.000,59024,2,EA,1,100,0.030726
1701221196.785652,2354042.000,59040,1,EA,1,100,0.030727
1701221196.852638,2354109.000,59058,2,EA,1,100,0.030724
1701221196.919625,2354176.000,59058,2,EA,1,100,0.030728
1701221196.985612,2354242.000,59074,1,EA,1,100,0.030733
1701221197.052099,2354308.500,59089,2,EA,1,100,0.030730
1701221197.118585,2354375.000,59089,2,EA,1,100,0.030737
1701221197.185572,2354442.000,59106,1,EA,1,100,0.030732
1701221197.252059,2354508.500,59123,2,EA,1,100,0.030726
1701221197.318545,2354575.000,59123,2,EA,1,100,0.030740
1701221197.385532,2354642.000,59139,1,EA,1,100,0.030732
1701221197.452018,2354708.500,59155,2,EA,1,100,0.030725
1701221197.518505,2354775.000,59155,2,EA,1,100,0.030734
1701221197.585492,2354842.000,59171,1,EA,1,100,0.030738
1701221197.651979,2354908.500,59188,2,EA,1,100,0.030731
1701221197.718465,2354975.000,59188,2,EA,1,100,0.030740
1701221197.785452,2355042.000,59204,1,EA,1,100,0.030732
1701221197.851939,2355108.500,59223,2,EA,1,100,0.030728
1701221197.918425,2355175.000,59223,2,EA,1,100,0.030734
1701221197.985412,2355242.000,59238,2,EA,1,100,0.030730
1701221198.052399,2355309.000,59238,2,EA,1,100,0.030731
1701221198.118386,2355375.000,59255,1,EA,1,100,0.030735
1701221198.185372,2355442.000,59272,2,EA,1,100,0.030736
1701221198.252359,2355509.000,59272,2,EA,1,100,0.030744
1701221198.318346,2355575.000,59289,1,EA,1,100,0.030736
1701221198.385332,2355642.000,59303,2,EA,1,100,0.030737
1701221198.452319,2355709.000,59303,2,EA,1,100,0.030737
1701221198.518306,2355775.000,59321,1,EA,1,100,0.030735
1701221198.585292,2355842.000,59337,2,EA,1,100,0.030737
1701221198.652279,2355909.000,59337,2,EA,1,100,0.030736
1701221198.718266,2355975.000,59354,1,EA,1,100,0.030737
1701221198.785252,2356042.000,59369,2,EA,1,100,0.030730
1701221198.852239,2356109.000,59369,2,EA,1,100,0.030739
1701221198.918226,2356175.000,59386,1,EA,1,100,0.030737
1701221198.985212,2356242.000,59402,2,EA,1,100,0.030731
1701221199.052199,2356309.000,59402,2,EA,1,100,0.030744
1701221199.118186,2356375.000,59419,1,EA,1,100,0.030734
1701221199.184672,2356441.500,59434,2,EA,1,100,0.030733
1701221199.251159,2356508.000,59434,2,EA,1,100,0.030744
1701221199.318146,2356575.000,59451,1,EA,1,100,0.030739
1701221199.384633,2356641.500,59467,2,EA,1,100,0.030739
1701221199.451119,2356708.000,59467,2,EA,1,100,0.030740
1701221199.518106,2356775.000,59485,1,EA,1,100,0.030740
1701221199.585093,2356842.000,59499,2,EA,1,100,0.030740
1701221199.652079,2356909.000,59499,2,EA,1,100,0.030747
1701221199.718066,2356975.000,59516,1,EA,1,100,0.030738
1701221199.784553,2357041.500,59535,2,EA,1,100,0.030737
1701221199.851039,2357108.000,59535,2,EA,1,100,0.030741
1701221199.918026,2357175.000,59552,1,EA,1,100,0.030739
1701221199.985013,2357242.000,59567,2,EA,1,100,0.030743
1701221200.051999,2357309.000,59567,2,EA,1,100,0.030739
1701221200.118486,2357375.500,59584,2,EA,1,100,0.030741
1701221200.184973,2357442.000,59584,2,EA,1,100,0.030740
1701221200.251959,2357509.000,59600,1,EA,1,100,0.030744
1701221200.318446,2357575.500,59620,2,EA,1,100,0.030743
1701221200.384933,2357642.000,59620,2,EA,1,100,0.030740
1701221200.451419,2357708.500,59637,2,EA,1,100,0.030735
1701221200.517906,2357775.000,59637,2,EA,1,100,0.030757
1701221200.584893,2357842.000,59654,1,EA,1,100,0.030754
1701221200.651380,2357908.500,59668,2,EA,1,100,0.030747
1701221200.717866,2357975.000,59668,2,EA,1,100,0.030748
1701221200.784853,2358042.000,59685,1,EA,1,100,0.030744
1701221200.851340,2358108.500,59702,2,EA,1,100,0.030746
1701221200.917826,2358175.000,59702,2,EA,1,100,0.030748
1701221200.984813,2358242.000,59721,1,EA,1,100,0.030751
1701221201.051300,2358308.500,59737,2,EA,1,100,0.030752
1701221201.117786,2358375.000,59737,2,EA,1,100,0.030746
1701221201.184773,2358442.000,59755,1,EA,1,100,0.030745
1701221201.251260,2358508.500,59771,2,EA,1,100,0.030770
1701221201.317746,2358575.000,59771,2,EA,1,100,0.030750
1701221201.384733,2358642.000,59788,1,EA,1,100,0.030745
1701221201.451220,2358708.500,59806,2,EA,1,100,0.030751
1701221201.517706,2358775.000,59806,2,EA,1,100,0.030746
1701221201.584693,2358842.000,59822,1,EA,1,100,0.030748
1701221201.651180,2358908.500,59838,2,EA,1,100,0.030753
1701221201.717666,2358975.000,59838,2,EA,1,100,0.030754
1701221201.784653,2359042.000,59855,1,EA,1,100,0.030751
1701221201.851140,2359108.500,59871,2,EA,1,100,0.030749
1701221201.917627,2359175.000,59871,2,EA,1,100,0.030753
1701221201.984113,2359241.500,59887,2,EA,1,100,0.030754
1701221202.050600,2359308.000,59887,2,EA,1,100,0.030748
1701221202.117587,2359375.000,59903,1,EA,1,100,0.030755
1701221202.184073,2359441.500,59921,2,EA,1,100,0.030766
1701221202.250560,2359508.000,59921,2,EA,1,100,0.030754
1701221202.317547,2359575.000,59937,1,EA,1,100,0.030751
1701221202.384033,2359641.500,59952,2,EA,1,100,0.030755
1701221202.450520,2359708.000,59952,2,EA,1,100,0.030758
1701221202.517507,2359775.000,59969,1,EA,1,100,0.030758
1701221202.583993,2359841.500,59986,2,EA,1,100,0.030758
1701221202.650480,2359908.000,59986,2,EA,1,100,0.030775
1701221202.717467,2359975.000,60004,1,EA,1,100,0.030763
1701221202.783953,2360041.500,60020,2,EA,1,100,0.030764
1701221202.850440,2360108.000,60020,2,EA,1,100,0.030760
1701221202.917427,2360175.000,60038,1,EA,1,100,0.030758
1701221202.983913,2360241.500,60055,2,EA,1,100,0.030758
1701221203.050400,2360308.000,60055,2,EA,1,100,0.030759
1701221203.117387,2360375.000,60073,1,EA,1,100,0.030756
1701221203.183874,2360441.500,60089,2,EA,1,100,0.030753
1701221203.250360,2360508.000,60089,2,EA,1,100,0.030761
1701221203.317347,2360575.000,60105,1,EA,1,100,0.030766
1701221203.383834,2360641.500,60122,2,EA,1,100,0.030766
1701221203.450320,2360708.000,60122,2,EA,1,100,0.030775
1701221203.517307,2360775.000,60139,1,EA,1,100,0.030771
1701221203.583794,2360841.500,60157,2,EA,1,100,0.030763
1701221203.650280,2360908.000,60157,2,EA,1,100,0.030768
1701221203.717267,2360975.000,60172,1,EA,1,100,0.030766
1701221203.783754,2361041.500,60190,2,EA,1,100,0.030765
1701221203.850240,2361108.000,60190,2,EA,1,100,0.030770
1701221203.916727,2361174.500,60206,2,EA,1,100,0.030799
1701221203.983214,2361241.000,60206,2,EA,1,100,0.030785
1701221204.050200,2361308.000,60225,1,EA,1,100,0.030768
1701221204.116687,2361374.500,60240,2,EA,1,100,0.030761
1701221204.183174,2361441.000,60240,2,EA,1,100,0.030760
1701221204.250160,2361508.000,60259,1,EA,1,100,0.030766
1701221204.316647,2361574.500,60275,2,EA,1,100,0.030757
1701221204.383134,2361641.000,60275,2,EA,1,100,0.030766
1701221204.450121,2361708.000,60292,1,EA,1,100,0.030779
1701221204.516607,2361774.500,60307,2,EA,1,100,0.030752
1701221204.583094,2361841.000,60307,2,EA,1,100,0.030762
1701221204.650081,2361908.000,60324,1,EA,1,100,0.030758
1701221204.716567,2361974.500,60340,2,EA,1,100,0.030760
1701221204.783054,2362041.000,60340,2,EA,1,100,0.030773
1701221204.850041,2362108.000,60360,1,EA,1,100,0.030767
1701221204.916528,2362174.500,60374,2,EA,1,100,0.030762
1701221204.983014,2362241.000,60374,2,EA,1,100,0.030769
1701221205.050001,2362308.000,60391,1,EA,1,100,0.030761
1701221205.116488,2362374.500,60408,2,EA,1,100,0.030759
1701221205.182974,2362441.000,60408,2,EA,1,100,0.030759
1701221205.249961,2362508.000,60425,1,EA,1,100,0.030761
1701221205.316447,2362574.500,60440,2,EA,1,100,0.030758
1701221205.382934,2362641.000,60440,2,EA,1,100,0.030765
1701221205.449921,2362708.000,60462,2,EA,1,100,0.030765
1701221205.516907,2362775.000,60462,2,EA,1,100,0.030761
1701221205.583394,2362841.500,60478,2,EA,1,100,0.030773
1701221205.649881,2362908.000,60478,2,EA,1,100,0.030756
1701221205.716868,2362975.000,60495,1,EA,1,100,0.030764
1701221205.783354,2363041.500,60512,2,EA,1,100,0.030760
1701221205.849841,2363108.000,60512,2,EA,1,100,0.030763
1701221205.916828,2363175.000,60529,1,EA,1,100,0.030769
1701221205.983314,2363241.500,60543,2,EA,1,100,0.030765
1701221206.049801,2363308.000,60543,2,EA,1,100,0.030775
1701221206.115788,2363374.000,60560,1,EA,1,100,0.030768
1701221206.182775,2363441.000,60577,2,EA,1,100,0.030770
1701221206.249761,2363508.000,60577,2,EA,1,100,0.030780
1701221206.316748,2363575.000,60594,1,EA,1,100,0.030771
1701221206.383235,2363641.500,60608,2,EA,1,100,0.030768
1701221206.449721,2363708.000,60608,2,EA,1,100,0.030772
1701221206.516708,2363775.000,60626,1,EA,1,100,0.030769
1701221206.583194,2363841.500,60642,2,EA,1,100,0.030764
1701221206.649681,2363908.000,60642,2,EA,1,100,0.030768
1701221206.716668,2363975.000,60659,1,EA,1,100,0.030768
1701221206.783154,2364041.500,60674,2,EA,1,100,0.030772
1701221206.849641,2364108.000,60674,2,EA,1,100,0.030775
1701221206.915628,2364174.000,60691,1,EA,1,100,0.030769
1701221206.982615,2364241.000,60707,2,EA,1,100,0.030768
1701221207.049601,2364308.000,60707,2,EA,1,100,0.030775
1701221207.116588,2364375.000,60724,1,EA,1,100,0.030770
1701221207.183075,2364441.500,60740,2,EA,1,100,0.030785
1701221207.249561,2364508.000,60740,2,EA,1,100,0.030776
1701221207.315548,2364574.000,60756,1,EA,1,100,0.030773
1701221207.382535,2364641.000,60772,2,EA,1,100,0.030772
1701221207.449522,2364708.000,60772,2,EA,1,100,0.030773
1701221207.516008,2364774.500,60790,2,EA,1,100,0.030768
1701221207.582495,2364841.000,60790,2,EA,1,100,0.030792
1701221207.649482,2364908.000,60806,1,EA,1,100,0.030772
1701221207.715968,2364974.500,60823,2,EA,1,100,0.030785
1701221207.782455,2365041.000,60823,2,EA,1,100,0.030777
1701221207.849442,2365108.000,60840,1,EA,1,100,0.030778
1701221207.915928,2365174.500,60859,2,EA,1,100,0.030774
1701221207.982415,2365241.000,60859,2,EA,1,100,0.030780
1701221208.049402,2365308.000,60875,1,EA,1,100,0.030777
1701221208.115888,2365374.500,60891,2,EA,1,100,0.030782
1701221208.182375,2365441.000,60891,2,EA,1,100,0.030796
1701221208.249362,2365508.000,60907,1,EA,1,100,0.030783
1701221208.315848,2365574.500,60924,2,EA,1,100,0.030776
1701221208.382335,2365641.000,60924,2,EA,1,100,0.030795
1701221208.449322,2365708.000,60940,1,EA,1,100,0.030790
1701221208.515808,2365774.500,60958,2,EA,1,100,0.030791
1701221208.582295,2365841.000,60958,2,EA,1,100,0.030778
1701221208.649282,2365908.000,60974,1,EA,1,100,0.030779
1701221208.715769,2365974.500,60991,2,EA,1,100,0.030790
1701221208.782255,2366041.000,60991,2,EA,1,100,0.030785
1701221208.849242,2366108.000,61008,1,EA,1,100,0.030776
1701221208.915729,2366174.500,61023,2,EA,1,100,0.030775
1701221208.982215,2366241.000,61023,2,EA,1,100,0.030783
1701221209.049202,2366308.000,61039,1,EA,1,100,0.030777
1701221209.115689,2366374.500,61057,2,EA,1,100,0.030779
1701221209.182175,2366441.000,61057,2,EA,1,100,0.030782
1701221209.249162,2366508.000,61075,1,EA,1,100,0.030786
1701221209.315649,2366574.500,61091,2,EA,1,100,0.030781
1701221209.382135,2366641.000,61091,2,EA,1,100,0.030782
1701221209.449122,2366708.000,61106,1,EA,1,100,0.030778
1701221209.515609,2366774.500,61124,2,EA,1,100,0.030780
1701221209.582095,2366841.000,61124,2,EA,1,100,0.030789
1701221209.649082,2366908.000,61140,1,EA,1,100,0.030785
1701221209.715569,2366974.500,61156,2,EA,1,100,0.030784
1701221209.782055,2367041.000,61156,2,EA,1,100,0.030782
1701221209.848542,2367107.500,61172,2,EA,1,100,0.030784
1701221209.915029,2367174.000,61172,2,EA,1,100,0.030789
1701221209.982016,2367241.000,61189,1,EA,1,100,0.030798
1701221210.048502,2367307.500,61205,2,EA,1,100,0.030786
1701221210.114989,2367374.000,61205,2,EA,1,100,0.030782
1701221210.181976,2367441.000,61223,1,EA,1,100,0.030787
1701221210.248462,2367507.500,61237,2,EA,1,100,0.030787
1701221210.314949,2367574.000,61237,2,EA,1,100,0.030795
1701221210.381936,2367641.000,61254,1,EA,1,100,0.030794
1701221210.448422,2367707.500,61271,2,EA,1,100,0.030785
1701221210.514909,2367774.000,61271,2,EA,1,100,0.030789
1701221210.581396,2367840.500,61295,2,EA,1,100,0.030789
1701221210.647882,2367907.000,61295,2,EA,1,100,0.030785
1701221210.714869,2367974.000,61311,1,EA,1,100,0.030788
1701221210.781356,2368040.500,61328,2,EA,1,100,0.030802
1701221210.847843,2368107.000,61328,2,EA,1,100,0.030790
1701221210.914829,2368174.000,61343,1,EA,1,100,0.030789
1701221210.981316,2368240.500,61362,2,EA,1,100,0.030796
1701221211.047803,2368307.000,61362,2,EA,1,100,0.030792
1701221211.114789,2368374.000,61378,1,EA,1,100,0.030792
1701221211.181276,2368440.500,61395,2,EA,1,100,0.030789
1701221211.247763,2368507.000,61395,2,EA,1,100,0.030794
1701221211.314749,2368574.000,61410,2,EA,1,100,0.030794
1701221211.381736,2368641.000,61410,2,EA,1,100,0.030791
1701221211.447723,2368707.000,61427,1,EA,1,100,0.030794
1701221211.514709,2368774.000,61444,2,EA,1,100,0.030789
1701221211.581696,2368841.000,61444,2,EA,1,100,0.030795
1701221211.647683,2368907.000,61461,1,EA,1,100,0.030796
1701221211.714669,2368974.000,61475,2,EA,1,100,0.030800
1701221211.781656,2369041.000,61475,2,EA,1,100,0.030792
1701221211.847643,2369107.000,61493,1,EA,1,100,0.030803
1701221211.914629,2369174.000,61509,2,EA,1,100,0.030794
1701221211.981616,2369241.000,61509,2,EA,1,100,0.030805
1701221212.047603,2369307.000,61526,1,EA,1,100,0.030804
1701221212.114589,2369374.000,61541,2,EA,1,100,0.030824
1701221212.181576,2369441.000,61541,2,EA,1,100,0.030821
1701221212.247563,2369507.000,61560,1,EA,1,100,0.030808
1701221212.314550,2369574.000,61576,2,EA,1,100,0.030797
1701221212.381536,2369641.000,61576,2,EA,1,100,0.030803
1701221212.447523,2369707.000,61593,1,EA,1,100,0.030802
1701221212.514010,2369773.500,61608,2,EA,1,100,0.030794
1701221212.580497,2369840.000,61608,2,EA,1,100,0.030796
1701221212.647483,2369907.000,61625,1,EA,1,100,0.030795
1701221212.713970,2369973.500,61641,2,EA,1,100,0.030794
1701221212.780457,2370040.000,61641,2,EA,1,100,0.030800
1701221212.847443,2370107.000,61659,1,EA,1,100,0.030795
1701221212.913930,2370173.500,61676,2,EA,1,100,0.030799
1701221212.980417,2370240.000,61676,2,EA,1,100,0.030801
1701221213.047403,2370307.000,61692,1,EA,1,100,0.030803
1701221213.113890,2370373.500,61709,2,EA,1,100,0.030799
1701221213.180377,2370440.000,61709,2,EA,1,100,0.030800
1701221213.247363,2370507.000,61726,1,EA,1,100,0.030803
1701221213.313850,2370573.500,61741,2,EA,1,100,0.030795
1701221213.380337,2370640.000,61741,2,EA,1,100,0.030806
1701221213.447323,2370707.000,61758,2,EA,1,100,0.030814
1701221213.514310,2370774.000,61758,2,EA,1,100,0.030797
1701221213.580297,2370840.000,61774,1,EA,1,100,0.030811
1701221213.647283,2370907.000,61793,2,EA,1,100,0.030814
1701221213.714270,2370974.000,61793,2,EA,1,100,0.030788
1701221213.780257,2371040.000,61809,1,EA,1,100,0.030798
1701221213.847243,2371107.000,61825,2,EA,1,100,0.030810
1701221213.914230,2371174.000,61825,2,EA,1,100,0.030784
1701221213.980217,2371240.000,61841,1,EA,1,100,0.030804
1701221214.047204,2371307.000,61858,2,EA,1,100,0.030808
1701221214.114190,2371374.000,61858,2,EA,1,100,0.030791
1701221214.180177,2371440.000,61875,1,EA,1,100,0.030799
1701221214.247164,2371507.000,61890,2,EA,1,100,0.030817
1701221214.314150,2371574.000,61890,2,EA,1,100,0.030795
1701221214.380137,2371640.000,61906,1,EA,1,100,0.030789
1701221214.447124,2371707.000,61926,2,EA,1,100,0.030814
1701221214.514110,2371774.000,61926,2,EA,1,100,0.030786
1701221214.580097,2371840.000,61942,1,EA,1,100,0.030798
1701221214.647084,2371907.000,61957,2,EA,1,100,0.030793
1701221214.714070,2371974.000,61957,2,EA,1,100,0.030802
1701221214.780057,2372040.000,61973,1,EA,1,100,0.030798
1701221214.847044,2372107.000,61991,2,EA,1,100,0.030797
1701221214.914030,2372174.000,61991,2,EA,1,100,0.030806
1701221214.980017,2372240.000,62007,1,EA,1,100,0.030802
1701221215.047004,2372307.000,62023,2,EA,1,100,0.030798
1701221215.113990,2372374.000,62023,2,EA,1,100,0.030802
1701221215.179977,2372440.000,62041,1,EA,1,100,0.030800
1701221215.246964,2372507.000,62058,2,EA,1,100,0.030801
1701221215.313951,2372574.000,62058,2,EA,1,100,0.030813
1701221215.379937,2372640.000,62074,1,EA,1,100,0.030814
1701221215.446924,2372707.000,62093,2,EA,1,100,0.030808
1701221215.513911,2372774.000,62093,2,EA,1,100,0.030814
1701221215.580397,2372840.500,62108,2,EA,1,100,0.030810
1701221215.646884,2372907.000,62108,2,EA,1,100,0.030806
1701221215.713371,2372973.500,62130,2,EA,1,100,0.030810
1701221215.779857,2373040.000,62130,2,EA,1,100,0.030803
1701221215.846844,2373107.000,62147,1,EA,1,100,0.030814
1701221215.913331,2373173.500,62164,2,EA,1,100,0.030815
1701221215.979817,2373240.000,62164,2,EA,1,100,0.030849
1701221216.046804,2373307.000,62182,1,EA,1,100,0.030822
1701221216.113291,2373373.500,62198,2,EA,1,100,0.030816
1701221216.179777,2373440.000,62198,2,EA,1,100,0.030814
1701221216.246764,2373507.000,62214,1,EA,1,100,0.030813
1701221216.313251,2373573.500,62231,2,EA,1,100,0.030817
1701221216.379738,2373640.000,62231,2,EA,1,100,0.030811
1701221216.446724,2373707.000,62247,1,EA,1,100,0.030836
1701221216.513211,2373773.500,62265,2,EA,1,100,0.030829
1701221216.579698,2373840.000,62265,2,EA,1,100,0.030813
1701221216.646684,2373907.000,62281,1,EA,1,100,0.030814
1701221216.713171,2373973.500,62298,2,EA,1,100,0.030817
1701221216.779658,2374040.000,62298,2,EA,1,100,0.030831
1701221216.846644,2374107.000,62315,1,EA,1,100,0.030825
1701221216.913131,2374173.500,62333,2,EA,1,100,0.030821
1701221216.979618,2374240.000,62333,2,EA,1,100,0.030817
1701221217.046604,2374307.000,62348,1,EA,1,100,0.030808
1701221217.113091,2374373.500,62366,2,EA,1,100,0.030823
1701221217.179578,2374440.000,62366,2,EA,1,100,0.030818
1701221217.246064,2374506.500,62382,2,EA,1,100,0.030812
1701221217.312551,2374573.000,62382,2,EA,1,100,0.030843
1701221217.379538,2374640.000,62399,1,EA,1,100,0.030821
1701221217.446024,2374706.500,62414,2,EA,1,100,0.030820
1701221217.512511,2374773.000,62414,2,EA,1,100,0.030827
1701221217.579498,2374840.000,62431,1,EA,1,100,0.030821
1701221217.645985,2374906.500,62447,2,EA,1,100,0.030818
1701221217.712471,2374973.000,62447,2,EA,1,100,0.030826
1701221217.779458,2375040.000,62464,1,EA,1,100,0.030820
1701221217.845945,2375106.500,62481,2,EA,1,100,0.030822
1701221217.912431,2375173.000,62481,2,EA,1,100,0.030827
1701221217.979418,2375240.000,62498,1,EA,1,100,0.030822
1701221218.045905,2375306.500,62514,2,EA,1,100,0.030812
1701221218.112391,2375373.000,62514,2,EA,1,100,0.030827
1701221218.179378,2375440.000,62534,1,EA,1,100,0.030826
1701221218.245865,2375506.500,62548,2,EA,1,100,0.030828
1701221218.312351,2375573.000,62548,2,EA,1,100,0.030824
1701221218.379338,2375640.000,62565,1,EA,1,100,0.030819
1701221218.445825,2375706.500,62582,2,EA,1,100,0.030825
1701221218.512311,2375773.000,62582,2,EA,1,100,0.030835
1701221218.579298,2375840.000,62599,1,EA,1,100,0.030838
1701221218.645785,2375906.500,62615,2,EA,1,100,0.030824
1701221218.712271,2375973.000,62615,2,EA,1,100,0.030826
1701221218.779258,2376040.000,62632,1,EA,1,100,0.030820
1701221218.845745,2376106.500,62649,2,EA,1,100,0.030821
1701221218.912232,2376173.000,62649,2,EA,1,100,0.030830
1701221218.979218,2376240.000,62666,1,EA,1,100,0.030827
1701221219.045705,2376306.500,62681,2,EA,1,100,0.030825
1701221219.112192,2376373.000,62681,2,EA,1,100,0.030826
1701221219.179178,2376440.000,62698,1,EA,1,100,0.030826
1701221219.245665,2376506.500,62714,2,EA,1,100,0.030824
1701221219.312152,2376573.000,62714,2,EA,1,100,0.030828
1701221219.379138,2376640.000,62731,2,EA,1,100,0.030830
1701221219.446125,2376707.000,62731,2,EA,1,100,0.030827
1701221219.512112,2376773.000,62750,1,EA,1,100,0.030832
1701221219.578598,2376839.500,62765,2,EA,1,100,0.030839
1701221219.645085,2376906.000,62765,2,EA,1,100,0.031002
1701221219.712072,2376973.000,62781,1,EA,1,100,0.031185
1701221219.778558,2377039.500,62799,2,EA,1,100,0.031296
1701221219.845045,2377106.000,62799,2,EA,1,100,0.031195
1701221219.912032,2377173.000,62817,1,EA,1,100,0.030967
1701221219.978519,2377239.500,62832,2,EA,1,100,0.030846
1701221220.045005,2377306.000,62832,2,EA,1,100,0.030838
1701221220.111992,2377373.000,62850,1,EA,1,100,0.030836
1701221220.178479,2377439.500,62868,2,EA,1,100,0.030830
1701221220.244965,2377506.000,62868,2,EA,1,100,0.030834
1701221220.311952,2377573.000,62884,1,EA,1,100,0.030831
1701221220.378439,2377639.500,62899,2,EA,1,100,0.030837
1701221220.444926,2377706.000,62899,2,EA,1,100,0.030835
1701221220.511912,2377773.000,62916,1,EA,1,100,0.030842
1701221220.578399,2377839.500,62933,2,EA,1,100,0.030862
1701221220.644886,2377906.000,62933,2,EA,1,100,0.030843
1701221220.711872,2377973.000,62949,1,EA,1,100,0.030834
1701221220.778525,2378039.667,62968,3,EA,1,100,0.030831
1701221220.845179,2378106.333,62968,3,EA,1,100,0.030844
1701221220.911832,2378173.000,62968,3,EA,1,100,0.030835
1701221220.978819,2378240.000,62984,1,EA,1,100,0.030844
1701221221.045305,2378306.500,62999,2,EA,1,100,0.030850
1701221221.111792,2378373.000,62999,2,EA,1,100,0.030845
1701221221.178779,2378440.000,63016,1,EA,1,100,0.030841
1701221221.245265,2378506.500,63033,2,EA,1,100,0.030834
1701221221.311752,2378573.000,63033,2,EA,1,100,0.030836
1701221221.378739,2378640.000,63049,1,EA,1,100,0.030832
1701221221.445226,2378706.500,63065,2,EA,1,100,0.030838
1701221221.511712,2378773.000,63065,2,EA,1,100,0.030844
1701221221.578699,2378840.000,63081,1,EA,1,100,0.030845
1701221221.645186,2378906.500,63098,2,EA,1,100,0.030840
1701221221.711672,2378973.000,63098,2,EA,1,100,0.030851
1701221221.778659,2379040.000,63114,1,EA,1,100,0.030844
1701221221.845146,2379106.500,63130,2,EA,1,100,0.030842
1701221221.911633,2379173.000,63130,2,EA,1,100,0.030856
1701221221.978619,2379240.000,63146,1,EA,1,100,0.030852
1701221222.045106,2379306.500,63163,2,EA,1,100,0.030859
1701221222.111593,2379373.000,63163,2,EA,1,100,0.030863
1701221222.178579,2379440.000,63180,1,EA,1,100,0.030845
1701221222.245066,2379506.500,63196,2,EA,1,100,0.030858
1701221222.311553,2379573.000,63196,2,EA,1,100,0.030841
1701221222.378539,2379640.000,63211,1,EA,1,100,0.030828
1701221222.445026,2379706.500,63229,2,EA,1,100,0.030855
1701221222.511513,2379773.000,63229,2,EA,1,100,0.030834
1701221222.577999,2379839.500,63247,2,EA,1,100,0.030830
1701221222.644486,2379906.000,63247,2,EA,1,100,0.030830
1701221222.711473,2379973.000,63264,1,EA,1,100,0.030847
1701221222.777959,2380039.500,63279,2,EA,1,100,0.030827
1701221222.844446,2380106.000,63279,2,EA,1,100,0.030829
1701221222.911433,2380173.000,63298,1,EA,1,100,0.030837
1701221222.977919,2380239.500,63314,2,EA,1,100,0.030832
1701221223.044406,2380306.000,63314,2,EA,1,100,0.030838
1701221223.111393,2380373.000,63331,1,EA,1,100,0.030842
1701221223.177880,2380439.500,63346,2,EA,1,100,0.030826
1701221223.244366,2380506.000,63346,2,EA,1,100,0.030846
1701221223.311353,2380573.000,63363,1,EA,1,100,0.030842
1701221223.377840,2380639.500,63381,2,EA,1,100,0.030834
1701221223.444326,2380706.000,63381,2,EA,1,100,0.030851
1701221223.511313,2380773.000,63399,1,EA,1,100,0.030848
1701221223.577800,2380839.500,63413,2,EA,1,100,0.030848
1701221223.644286,2380906.000,63413,2,EA,1,100,0.030856
1701221223.711273,2380973.000,63430,1,EA,1,100,0.030846
1701221223.777760,2381039.500,63447,2,EA,1,100,0.030854
1701221223.844246,2381106.000,63447,2,EA,1,100,0.030856
1701221223.911233,2381173.000,63466,2,EA,1,100,0.030846
1701221223.978220,2381240.000,63466,2,EA,1,100,0.030851
1701221224.044206,2381306.000,63482,1,EA,1,100,0.030849
1701221224.110693,2381372.500,63498,2,EA,1,100,0.030844
1701221224.177180,2381439.000,63498,2,EA,1,100,0.030855
1701221224.244166,2381506.000,63514,1,EA,1,100,0.030847
1701221224.310653,2381572.500,63531,2,EA,1,100,0.030845
1701221224.377140,2381639.000,63531,2,EA,1,100,0.030855
1701221224.444127,2381706.000,63547,1,EA,1,100,0.030854
1701221224.510613,2381772.500,63563,2,EA,1,100,0.030850
1701221224.577100,2381839.000,63563,2,EA,1,100,0.030858
1701221224.644087,2381906.000,63581,1,EA,1,100,0.030850
1701221224.710573,2381972.500,63598,2,EA,1,100,0.030850
1701221224.777060,2382039.000,63598,2,EA,1,100,0.030852
1701221224.844047,2382106.000,63615,1,EA,1,100,0.030849
1701221224.910533,2382172.500,63630,2,EA,1,100,0.030853
1701221224.977020,2382239.000,63630,2,EA,1,100,0.030849
1701221225.044007,2382306.000,63646,1,EA,1,100,0.030851
1701221225.110493,2382372.500,63664,2,EA,1,100,0.030847
1701221225.176980,2382439.000,63664,2,EA,1,100,0.030856
1701221225.243967,2382506.000,63680,1,EA,1,100,0.030855
1701221225.310453,2382572.500,63696,2,EA,1,100,0.030858
1701221225.376940,2382639.000,63696,2,EA,1,100,0.030869
1701221225.443927,2382706.000,63714,2,EA,1,100,0.030860
1701221225.510913,2382773.000,63714,2,EA,1,100,0.030878
1701221225.576900,2382839.000,63731,1,EA,1,100,0.030859
1701221225.643887,2382906.000,63747,2,EA,1,100,0.030853
1701221225.710874,2382973.000,63747,2,EA,1,100,0.030861
1701221225.776860,2383039.000,63764,1,EA,1,100,0.030869
1701221225.843514,2383105.667,63785,3,EA,1,100,0.030863
1701221225.910167,2383172.333,63785,3,EA,1,100,0.030859
1701221225.976820,2383239.000,63785,3,EA,1,100,0.030851
1701221226.043307,2383305.500,63801,2,EA,1,100,0.030854
1701221226.109794,2383372.000,63801,2,EA,1,100,0.030863
1701221226.176780,2383439.000,63819,1,EA,1,100,0.030858
1701221226.243267,2383505.500,63833,2,EA,1,100,0.030861
1701221226.309754,2383572.000,63833,2,EA,1,100,0.030857
1701221226.376740,2383639.000,63850,1,EA,1,100,0.030859
1701221226.443227,2383705.500,63867,2,EA,1,100,0.030858
1701221226.509714,2383772.000,63867,2,EA,1,100,0.030865
1701221226.576700,2383839.000,63884,1,EA,1,100,0.030860
1701221226.643187,2383905.500,63898,2,EA,1,100,0.030862
1701221226.709674,2383972.000,63898,2,EA,1,100,0.030875
1701221226.776661,2384039.000,63915,1,EA,1,100,0.030864
1701221226.843314,2384105.667,63932,3,EA,1,100,0.030873
1701221226.909967,2384172.333,63932,3,EA,1,100,0.030890
1701221226.976621,2384239.000,63932,3,EA,1,100,0.030924
1701221227.043607,2384306.000,63949,1,EA,1,100,0.030925
1701221227.110094,2384372.500,63968,2,EA,1,100,0.030876
1701221227.176581,2384439.000,63968,2,EA,1,100,0.030871
1701221227.243567,2384506.000,63985,1,EA,1,100,0.030879
1701221227.310054,2384572.500,63999,2,EA,1,100,0.030854
1701221227.376541,2384639.000,63999,2,EA,1,100,0.030867
1701221227.443527,2384706.000,64016,1,EA,1,100,0.030865
1701221227.510014,2384772.500,64033,2,EA,1,100,0.030860
1701221227.576501,2384839.000,64033,2,EA,1,100,0.030865
1701221227.643487,2384906.000,64050,1,EA,1,100,0.030863
1701221227.709974,2384972.500,64064,2,EA,1,100,0.030860
1701221227.776461,2385039.000,64064,2,EA,1,100,0.030864
1701221227.843447,2385106.000,64082,1,EA,1,100,0.030864
1701221227.909934,2385172.500,64100,2,EA,1,100,0.030861
1701221227.976421,2385239.000,64100,2,EA,1,100,0.030866
1701221228.043407,2385306.000,64119,1,EA,1,100,0.030864
1701221228.109894,2385372.500,64134,2,EA,1,100,0.030864
1701221228.176381,2385439.000,64134,2,EA,1,100,0.030867
1701221228.243368,2385506.000,64151,1,EA,1,100,0.030863
1701221228.309854,2385572.500,64167,2,EA,1,100,0.030870
1701221228.376341,2385639.000,64167,2,EA,1,100,0.030873
1701221228.443328,2385706.000,64184,1,EA,1,100,0.030862
1701221228.509814,2385772.500,64200,2,EA,1,100,0.030864
1701221228.576301,2385839.000,64200,2,EA,1,100,0.030875
1701221228.643288,2385906.000,64218,1,EA,1,100,0.030868
1701221228.709774,2385972.500,64234,2,EA,1,100,0.030882
1701221228.776261,2386039.000,64234,2,EA,1,100,0.030873
1701221228.842748,2386105.500,64252,2,EA,1,100,0.030866
1701221228.909235,2386172.000,64252,2,EA,1,100,0.030871
1701221228.976221,2386239.000,64268,1,EA,1,100,0.030870
1701221229.042708,2386305.500,64283,2,EA,1,100,0.030878
1701221229.109195,2386372.000,64283,2,EA,1,100,0.030877
1701221229.176181,2386439.000,64300,1,EA,1,100,0.030879
1701221229.242668,2386505.500,64319,2,EA,1,100,0.030869
1701221229.309155,2386572.000,64319,2,EA,1,100,0.030875
1701221229.376141,2386639.000,64335,1,EA,1,100,0.030878
1701221229.442628,2386705.500,64351,2,EA,1,100,0.030870
1701221229.509115,2386772.000,64351,2,EA,1,100,0.030881
1701221229.576101,2386839.000,64367,1,EA,1,100,0.030874
1701221229.642588,2386905.500,64384,2,EA,1,100,0.030871
1701221229.709075,2386972.000,64384,2,EA,1,100,0.030902
1701221229.776062,2387039.000,64400,1,EA,1,100,0.030884
1701221229.842548,2387105.500,64418,2,EA,1,100,0.030875
1701221229.909035,2387172.000,64418,2,EA,1,100,0.030909
1701221229.976022,2387239.000,64434,1,EA,1,100,0.030902
1701221230.042508,2387305.500,64453,2,EA,1,100,0.030888
1701221230.108995,2387372.000,64453,2,EA,1,100,0.030892
1701221230.175982,2387439.000,64470,1,EA,1,100,0.030877
1701221230.242468,2387505.500,64485,2,EA,1,100,0.030877
1701221230.308955,2387572.000,64485,2,EA,1,100,0.030886
1701221230.375942,2387639.000,64501,1,EA,1,100,0.030887
1701221230.442428,2387705.500,64519,2,EA,1,100,0.030860
1701221230.508915,2387772.000,64519,2,EA,1,100,0.030879
1701221230.575902,2387839.000,64537,1,EA,1,100,0.030873
1701221230.642388,2387905.500,64553,2,EA,1,100,0.030885
1701221230.708875,2387972.000,64553,2,EA,1,100,0.030877
1701221230.775362,2388038.500,64569,2,EA,1,100,0.030871
1701221230.841849,2388105.000,64569,2,EA,1,100,0.030871
1701221230.908835,2388172.000,64586,1,EA,1,100,0.030869
1701221230.975488,2388238.667,64606,3,EA,1,100,0.030871
1701221231.042142,2388305.333,64606,3,EA,1,100,0.030862
1701221231.108795,2388372.000,64606,3,EA,1,100,0.030864
1701221231.175782,2388439.000,64623,1,EA,1,100,0.030870
1701221231.242269,2388505.500,64640,2,EA,1,100,0.030884
1701221231.308755,2388572.000,64640,2,EA,1,100,0.030876
1701221231.375742,2388639.000,64656,1,EA,1,100,0.030891
1701221231.442229,2388705.500,64672,2,EA,1,100,0.030882
1701221231.508715,2388772.000,64672,2,EA,1,100,0.030875
1701221231.575702,2388839.000,64688,1,EA,1,100,0.030868
1701221231.642189,2388905.500,64705,2,EA,1,100,0.030873
1701221231.708675,2388972.000,64705,2,EA,1,100,0.030886
1701221231.775662,2389039.000,64721,1,EA,1,100,0.030875
1701221231.842149,2389105.500,64738,2,EA,1,100,0.030874
1701221231.908635,2389172.000,64738,2,EA,1,100,0.030888
1701221231.975622,2389239.000,64753,1,EA,1,100,0.030875
1701221232.042109,2389305.500,64770,2,EA,1,100,0.030874
1701221232.108595,2389372.000,64770,2,EA,1,100,0.030887
1701221232.175582,2389439.000,64787,1,EA,1,100,0.030886
1701221232.242069,2389505.500,64805,2,EA,1,100,0.030889
1701221232.308556,2389572.000,64805,2,EA,1,100,0.030877
1701221232.375042,2389638.500,64820,2,EA,1,100,0.030879
1701221232.441529,2389705.000,64820,2,EA,1,100,0.030878
1701221232.508516,2389772.000,64838,1,EA,1,100,0.030885
1701221232.575002,2389838.500,64854,2,EA,1,100,0.030885
1701221232.641489,2389905.000,64854,2,EA,1,100,0.030888
1701221232.708476,2389972.000,64871,1,EA,1,100,0.030882
1701221232.774962,2390038.500,64886,2,EA,1,100,0.030879
1701221232.841449,2390105.000,64886,2,EA,1,100,0.030889
1701221232.908436,2390172.000,64905,1,EA,1,100,0.030881
1701221232.974922,2390238.500,64923,2,EA,1,100,0.030886
1701221233.041409,2390305.000,64923,2,EA,1,100,0.030887
1701221233.108396,2390372.000,64940,1,EA,1,100,0.030888
1701221233.174882,2390438.500,64955,2,EA,1,100,0.030886
1701221233.241369,2390505.000,64955,2,EA,1,100,0.030888
1701221233.308356,2390572.000,64972,1,EA,1,100,0.030889
1701221233.374842,2390638.500,64988,2,EA,1,100,0.030884
1701221233.441329,2390705.000,64988,2,EA,1,100,0.030892
1701221233.508316,2390772.000,65008,1,EA,1,100,0.030890
1701221233.574803,2390838.500,65022,2,EA,1,100,0.030887
1701221233.641289,2390905.000,65022,2,EA,1,100,0.030890
1701221233.708276,2390972.000,65039,1,EA,1,100,0.030885
1701221233.774763,2391038.500,65056,2,EA,1,100,0.030900
1701221233.841249,2391105.000,65056,2,EA,1,100,0.030926
1701221233.908236,2391172.000,65073,1,EA,1,100,0.030914
1701221233.974723,2391238.500,65090,2,EA,1,100,0.030909
1701221234.041209,2391305.000,65090,2,EA,1,100,0.030896
1701221234.107696,2391371.500,65107,2,EA,1,100,0.030896
1701221234.174183,2391438.000,65107,2,EA,1,100,0.030906
1701221234.241169,2391505.000,65123,1,EA,1,100,0.030918
1701221234.307656,2391571.500,65142,2,EA,1,100,0.030901
1701221234.374143,2391638.000,65142,2,EA,1,100,0.030903
1701221234.441129,2391705.000,65158,1,EA,1,100,0.030904
1701221234.507616,2391771.500,65174,2,EA,1,100,0.030899
1701221234.574103,2391838.000,65174,2,EA,1,100,0.030897
1701221234.641090,2391905.000,65190,1,EA,1,100,0.030906
1701221234.707576,2391971.500,65207,2,EA,1,100,0.030902
1701221234.774063,2392038.000,65207,2,EA,1,100,0.030901
1701221234.841050,2392105.000,65224,1,EA,1,100,0.030905
1701221234.907536,2392171.500,65239,2,EA,1,100,0.030895
1701221234.974023,2392238.000,65239,2,EA,1,100,0.030909
1701221235.041010,2392305.000,65255,1,EA,1,100,0.030914
1701221235.107497,2392371.500,65273,2,EA,1,100,0.030902
1701221235.173983,2392438.000,65273,2,EA,1,100,0.030903
1701221235.240970,2392505.000,65289,1,EA,1,100,0.030902
1701221235.307456,2392571.500,65304,2,EA,1,100,0.030901
1701221235.373943,2392638.000,65304,2,EA,1,100,0.030901
1701221235.440930,2392705.000,65320,1,EA,1,100,0.030901
1701221235.507416,2392771.500,65338,2,EA,1,100,0.030898
1701221235.573903,2392838.000,65338,2,EA,1,100,0.030901
1701221235.640890,2392905.000,65354,1,EA,1,100,0.030900
1701221235.707376,2392971.500,65369,2,EA,1,100,0.030899
1701221235.773863,2393038.000,65369,2,EA,1,100,0.030906
1701221235.840850,2393105.000,65386,1,EA,1,100,0.030900
1701221235.907337,2393171.500,65403,2,EA,1,100,0.030903
1701221235.973823,2393238.000,65403,2,EA,1,100,0.030908
1701221236.040810,2393305.000,65419,1,EA,1,100,0.030913
1701221236.107463,2393371.667,65445,3,EA,1,100,0.030905
1701221236.174117,2393438.333,65445,3,EA,1,100,0.030907
1701221236.240770,2393505.000,65445,3,EA,1,100,0.030902
1701221236.307757,2393572.000,65461,1,EA,1,100,0.030901
1701221236.374243,2393638.500,65476,2,EA,1,100,0.030916
1701221236.440730,2393705.000,65476,2,EA,1,100,0.030918
1701221236.507717,2393772.000,65493,1,EA,1,100,0.030907
1701221236.574203,2393838.500,65512,2,EA,1,100,0.030904
1701221236.640690,2393905.000,65512,2,EA,1,100,0.030905
1701221236.707677,2393972.000,65528,1,EA,1,100,0.030906
1701221236.774163,2394038.500,8,2,EA,1,100,0.030907
1701221236.840650,2394105.000,8,2,EA,1,100,0.030917
1701221236.906637,2394171.000,24,1,EA,1,100,0.030906
1701221236.973624,2394238.000,41,2,EA,1,100,0.030907
1701221237.040610,2394305.000,41,2,EA,1,100,0.030931
1701221237.107597,2394372.000,57,1,EA,1,100,0.030923
1701221237.174083,2394438.500,74,2,EA,1,100,0.030918
1701221237.240570,2394505.000,74,2,EA,1,100,0.030914
1701221237.306557,2394571.000,89,1,EA,1,100,0.030913
1701221237.373544,2394638.000,106,2,EA,1,100,0.030910
1701221237.440530,2394705.000,106,2,EA,1,100,0.030921
1701221237.506517,2394771.000,123,1,EA,1,100,0.030911
1701221237.573504,2394838.000,139,2,EA,1,100,0.030909
1701221237.640490,2394905.000,139,2,EA,1,100,0.030918
1701221237.706977,2394971.500,154,2,EA,1,100,0.030918
1701221237.773464,2395038.000,154,2,EA,1,100,0.030919
1701221237.840451,2395105.000,172,1,EA,1,100,0.030917
1701221237.906937,2395171.500,190,2,EA,1,100,0.030925
1701221237.973424,2395238.000,190,2,EA,1,100,0.030918
1701221238.040411,2395305.000,207,1,EA,1,100,0.030917
1701221238.106897,2395371.500,222,2,EA,1,100,0.030919
1701221238.173384,2395438.000,222,2,EA,1,100,0.030919
1701221238.240371,2395505.000,239,1,EA,1,100,0.030916
1701221238.306857,2395571.500,255,2,EA,1,100,0.030914
1701221238.373344,2395638.000,255,2,EA,1,100,0.030915
1701221238.440331,2395705.000,272,1,EA,1,100,0.030918
1701221238.506817,2395771.500,287,2,EA,1,100,0.030910
1701221238.573304,2395838.000,287,2,EA,1,100,0.030915
1701221238.640291,2395905.000,306,1,EA,1,100,0.030913
1701221238.706777,2395971.500,322,2,EA,1,100,0.030913
1701221238.773264,2396038.000,322,2,EA,1,100,0.030925
1701221238.840251,2396105.000,340,1,EA,1,100,0.030923
1701221238.906737,2396171.500,354,2,EA,1,100,0.030917
1701221238.973224,2396238.000,354,2,EA,1,100,0.030932
1701221239.040211,2396305.000,371,1,EA,1,100,0.030919
1701221239.106698,2396371.500,388,2,EA,1,100,0.030917
1701221239.173184,2396438.000,388,2,EA,1,100,0.030927
1701221239.240171,2396505.000,405,1,EA,1,100,0.030920
1701221239.306658,2396571.500,421,2,EA,1,100,0.030920
1701221239.373144,2396638.000,421,2,EA,1,100,0.030921
1701221239.440131,2396705.000,438,1,EA,1,100,0.030915
1701221239.506618,2396771.500,455,2,EA,1,100,0.030918
1701221239.573104,2396838.000,455,2,EA,1,100,0.030920
1701221239.640091,2396905.000,472,1,EA,1,100,0.030918
1701221239.706578,2396971.500,487,2,EA,1,100,0.030918
1701221239.773064,2397038.000,487,2,EA,1,100,0.030927
1701221239.839051,2397104.000,504,1,EA,1,100,0.030919
1701221239.906038,2397171.000,520,2,EA,1,100,0.030919
1701221239.973024,2397238.000,520,2,EA,1,100,0.030926
1701221240.039511,2397304.500,537,2,EA,1,100,0.030923
1701221240.105998,2397371.000,537,2,EA,1,100,0.030922
1701221240.172985,2397438.000,554,1,EA,1,100,0.030931
1701221240.239471,2397504.500,569,2,EA,1,100,0.030928
1701221240.305958,2397571.000,569,2,EA,1,100,0.030921
1701221240.372945,2397638.000,585,1,EA,1,100,0.030925
1701221240.439431,2397704.500,603,2,EA,1,100,0.030920
1701221240.505918,2397771.000,603,2,EA,1,100,0.030922
1701221240.572905,2397838.000,619,1,EA,1,100,0.030932
1701221240.639391,2397904.500,634,2,EA,1,100,0.030922
1701221240.705878,2397971.000,634,2,EA,1,100,0.030928
1701221240.772865,2398038.000,650,1,EA,1,100,0.030928
1701221240.839351,2398104.500,668,2,EA,1,100,0.030923
1701221240.905838,2398171.000,668,2,EA,1,100,0.030933
1701221240.972825,2398238.000,684,1,EA,1,100,0.030924
1701221241.039311,2398304.500,699,2,EA,1,100,0.030923
1701221241.105798,2398371.000,699,2,EA,1,100,0.030931
1701221241.172785,2398438.000,716,1,EA,1,100,0.030928
1701221241.239271,2398504.500,738,2,EA,1,100,0.030927
1701221241.305758,2398571.000,738,2,EA,1,100,0.030931
1701221241.372745,2398638.000,754,1,EA,1,100,0.030933
1701221241.439232,2398704.500,770,2,EA,1,100,0.030934
1701221241.505718,2398771.000,770,2,EA,1,100,0.030956
1701221241.572705,2398838.000,786,1,EA,1,100,0.030949
1701221241.639192,2398904.500,805,2,EA,1,100,0.030941
1701221241.705678,2398971.000,805,2,EA,1,100,0.030933
1701221241.772665,2399038.000,821,1,EA,1,100,0.030932
1701221241.839152,2399104.500,838,2,EA,1,100,0.030948
1701221241.905638,2399171.000,838,2,EA,1,100,0.030940
1701221241.972625,2399238.000,853,1,EA,1,100,0.030934
1701221242.039112,2399304.500,870,2,EA,1,100,0.030935
1701221242.105598,2399371.000,870,2,EA,1,100,0.030935
1701221242.172085,2399437.500,887,2,EA,1,100,0.030951
1701221242.238572,2399504.000,887,2,EA,1,100,0.030956
1701221242.305558,2399571.000,906,1,EA,1,100,0.030938
1701221242.372045,2399637.500,920,2,EA,1,100,0.030935
1701221242.438532,2399704.000,920,2,EA,1,100,0.030940
1701221242.505518,2399771.000,938,1,EA,1,100,0.030937
1701221242.572005,2399837.500,954,2,EA,1,100,0.030948
1701221242.638492,2399904.000,954,2,EA,1,100,0.030957
1701221242.705479,2399971.000,973,1,EA,1,100,0.030940
1701221242.771965,2400037.500,988,2,EA,1,100,0.030933
1701221242.838452,2400104.000,988,2,EA,1,100,0.030957
1701221242.905439,2400171.000,1007,1,EA,1,100,0.030950
1701221242.971925,2400237.500,1023,2,EA,1,100,0.030948
1701221243.038412,2400304.000,1023,2,EA,1,100,0.030945
1701221243.105399,2400371.000,1040,1,EA,1,100,0.030942
1701221243.171885,2400437.500,1055,2,EA,1,100,0.030940
1701221243.238372,2400504.000,1055,2,EA,1,100,0.030945
1701221243.305359,2400571.000,1074,1,EA,1,100,0.030943
1701221243.371845,2400637.500,1090,2,EA,1,100,0.030938
1701221243.438332,2400704.000,1090,2,EA,1,100,0.030945
1701221243.505319,2400771.000,1108,1,EA,1,100,0.030939
1701221243.571805,2400837.500,1122,2,EA,1,100,0.030939
1701221243.638292,2400904.000,1122,2,EA,1,100,0.030946
1701221243.705279,2400971.000,1139,1,EA,1,100,0.030944
1701221243.771765,2401037.500,1156,2,EA,1,100,0.030940
1701221243.838252,2401104.000,1156,2,EA,1,100,0.030944
1701221243.905239,2401171.000,1175,1,EA,1,100,0.030952
1701221243.971726,2401237.500,1190,2,EA,1,100,0.030933
1701221244.038212,2401304.000,1190,2,EA,1,100,0.030946
1701221244.104699,2401370.500,1207,2,EA,1,100,0.030944
1701221244.171186,2401437.000,1207,2,EA,1,100,0.030942
1701221244.238173,2401504.000,1223,1,EA,1,100,0.030952
1701221244.304659,2401570.500,1240,2,EA,1,100,0.030951
1701221244.371146,2401637.000,1240,2,EA,1,100,0.030945
1701221244.438133,2401704.000,1256,1,EA,1,100,0.030960
1701221244.504619,2401770.500,1276,2,EA,1,100,0.030968
1701221244.571106,2401837.000,1276,2,EA,1,100,0.030930
1701221244.638093,2401904.000,1292,1,EA,1,100,0.030942
1701221244.704579,2401970.500,1309,2,EA,1,100,0.030939
1701221244.771066,2402037.000,1309,2,EA,1,100,0.030946
1701221244.838053,2402104.000,1326,1,EA,1,100,0.030945
1701221244.904539,2402170.500,1341,2,EA,1,100,0.030941
1701221244.971026,2402237.000,1341,2,EA,1,100,0.030948
1701221245.038013,2402304.000,1357,1,EA,1,100,0.030945
1701221245.104499,2402370.500,1375,2,EA,1,100,0.030942
1701221245.170986,2402437.000,1375,2,EA,1,100,0.030957
1701221245.237973,2402504.000,1393,1,EA,1,100,0.030951
1701221245.304459,2402570.500,1408,2,EA,1,100,0.030950
1701221245.370946,2402637.000,1408,2,EA,1,100,0.030955
1701221245.437933,2402704.000,1424,1,EA,1,100,0.030950
1701221245.504420,2402770.500,1442,2,EA,1,100,0.030946
1701221245.570906,2402837.000,1442,2,EA,1,100,0.030955
1701221245.637893,2402904.000,1458,1,EA,1,100,0.030953
1701221245.704380,2402970.500,1474,2,EA,1,100,0.030951
1701221245.770866,2403037.000,1474,2,EA,1,100,0.030958
1701221245.837853,2403104.000,1490,1,EA,1,100,0.030955
1701221245.904340,2403170.500,1509,2,EA,1,100,0.030955
1701221245.970826,2403237.000,1509,2,EA,1,100,0.030954
1701221246.037813,2403304.000,1525,1,EA,1,100,0.030956
1701221246.104300,2403370.500,1542,2,EA,1,100,0.030953
1701221246.170786,2403437.000,1542,2,EA,1,100,0.030954
1701221246.237773,2403504.000,1557,2,EA,1,100,0.030951
1701221246.304760,2403571.000,1557,2,EA,1,100,0.030959
1701221246.370746,2403637.000,1579,1,EA,1,100,0.030965
1701221246.437233,2403703.500,1596,2,EA,1,100,0.030953
1701221246.503720,2403770.000,1596,2,EA,1,100,0.030964
1701221246.570706,2403837.000,1613,1,EA,1,100,0.030958
1701221246.637193,2403903.500,1627,2,EA,1,100,0.030952
1701221246.703680,2403970.000,1627,2,EA,1,100,0.030971
1701221246.770667,2404037.000,1644,1,EA,1,100,0.030962
